StudentID,CGPA,Internships,Projects,Workshops_Certifications,AptitudeTestScore,SoftSkillsRating,ExtracurricularActivities,PlacementTraining,SSC_Marks,HSC_Marks,PlacementStatus
STU04412,7.45,2,2,1,67,2.3,No,No,43.7,64.9,Placed
STU09864,6.53,1,0,3,77.1,5,Yes,No,100,71.9,Placed
STU02135,7.18,2,3,1,58.6,3.5,No,Yes,67.6,71,Placed
STU09667,7.4,3,3,2,70.8,4.5,Yes,No,72.9,78.6,Placed
STU02793,7.13,0,2,1,65.3,3.6,No,No,67.9,87,NotPlaced
STU06309,7.44,1,0,1,73.4,3.5,Yes,No,56.1,74,NotPlaced
STU04341,8.35,2,3,1,59.8,4.6,Yes,No,57.3,70.9,Placed
STU07966,7.09,1,2,0,78.7,2.5,Yes,No,67.1,79.8,NotPlaced
STU02133,8.11,3,2,0,60.8,5,No,Yes,54.7,87.3,Placed
STU08861,7.77,0,1,2,69.6,3.7,No,Yes,68.6,76.5,NotPlaced
STU01224,7.87,2,2,1,83.3,2.3,Yes,Yes,93.8,73.3,Placed
STU07049,6.36,0,0,3,76.5,4.1,Yes,No,64.4,59.3,NotPlaced
STU07192,7.53,1,1,2,66.2,4.2,Yes,Yes,60.5,61.7,Placed
STU02087,7.04,1,2,1,68.3,5,No,No,63.2,71.5,NotPlaced
STU06224,9.19,1,2,2,67.1,3.4,No,No,71,56.2,Placed
STU09484,7.75,1,2,0,71.9,3.8,Yes,Yes,63.3,64.3,Placed
STU08511,7.5,1,3,1,70.3,3.9,Yes,No,66.8,61.2,Placed
STU05802,7.29,0,1,2,71.8,2.8,Yes,No,65.5,77.3,NotPlaced
STU06790,8.12,0,3,1,64.7,4.1,Yes,Yes,78.1,78.6,Placed
STU06024,7.25,1,1,1,49.5,4.4,Yes,Yes,93.1,68.3,Placed
STU03074,8.97,1,3,2,49.3,5,No,No,76.4,60.6,Placed
STU06889,6.93,1,3,1,64.3,4.2,Yes,No,93.3,71.1,Placed
STU05512,8.16,1,0,0,59.3,3.3,Yes,No,81.2,69.9,NotPlaced
STU06633,7.15,2,1,1,95.8,3.1,Yes,No,69.1,61,Placed
STU01486,8.34,0,2,0,58.3,3.2,Yes,No,66.7,61.7,NotPlaced
STU00684,7.94,0,2,2,74.9,3.6,Yes,Yes,64.1,77.2,Placed
STU08059,7.66,2,2,2,71.5,4,Yes,No,70.5,57.5,Placed
STU08198,9.37,0,1,3,73.8,2.9,Yes,Yes,58.2,48.9,Placed
STU07357,7.78,1,3,0,75.8,4.2,Yes,Yes,79.4,82.1,Placed
STU09743,6.19,2,4,2,84.8,2.2,No,Yes,71.4,49.7,Placed
STU01094,7.55,1,1,1,79.3,4.8,Yes,Yes,91.5,61.4,Placed
STU04356,8.14,0,1,2,56.7,1.8,Yes,Yes,79.1,83.4,NotPlaced
STU02261,7.89,0,2,2,64.9,5,Yes,No,55,80.6,Placed
STU09227,7.06,1,3,2,58.9,3.3,Yes,No,70.6,55.4,Placed
STU05279,6.8,1,2,1,74.4,3.3,No,Yes,56.6,65.7,NotPlaced
STU00359,7.79,0,2,2,72.4,4.4,No,Yes,71.8,61.9,Placed
STU05973,8.12,2,2,1,81.4,3.4,Yes,No,66.1,64.1,Placed
STU05797,10,1,3,0,61,4,No,No,58.4,79.4,Placed
STU04008,6.93,1,0,1,64.3,4.6,Yes,No,72.1,78.5,NotPlaced
STU01935,9.88,0,2,0,73.3,4.4,No,Yes,77.8,68.4,Placed
STU00793,7.74,3,3,1,73.5,2.6,No,Yes,72.8,64.4,Placed
STU04480,8.45,0,2,3,63.8,3.4,No,Yes,55,57.3,NotPlaced
STU08576,7.87,1,4,3,56.6,3.5,Yes,No,63.3,69.1,Placed
STU07952,8.38,1,1,0,80,4.8,Yes,Yes,71.1,66.1,Placed
STU04610,6.74,1,2,0,60,3,Yes,Yes,66.4,61.7,NotPlaced
STU07957,7.46,1,2,1,86,3,Yes,Yes,68.9,69.4,Placed
STU08892,7.98,1,2,2,86.4,4.4,No,Yes,77.3,53.1,Placed
STU03908,6.23,3,1,1,76.1,3.3,Yes,Yes,46.5,49.7,Placed
STU09890,6.49,1,2,1,81.8,3.6,No,Yes,66.5,61.3,Placed
STU02131,7.89,1,2,3,71.9,3.5,No,No,65.9,73.6,Placed
STU03618,7.24,1,3,1,85.5,3.7,No,Yes,77.5,74.7,Placed
STU06703,5.5,0,3,3,83.9,4.3,No,Yes,93.3,75.5,NotPlaced
STU04280,7.83,2,0,0,85.3,4.3,No,No,68,58.5,NotPlaced
STU05991,7.98,1,1,1,71.1,2.4,Yes,Yes,89.1,47.1,Placed
STU03785,7.92,0,3,0,59.7,4.3,Yes,Yes,95.6,82.5,Placed
STU08369,8.96,1,2,1,77.4,3.3,Yes,Yes,73.5,77,Placed
STU08600,7.81,1,2,2,74,3.2,Yes,No,66.1,79.7,NotPlaced
STU04511,6.43,2,0,2,72.6,3.9,Yes,Yes,68,66.5,Placed
STU02559,7.8,0,2,3,68.2,3,Yes,No,78.3,77.9,Placed
STU03607,6.8,2,2,2,76.1,2.6,Yes,No,68.1,56.9,Placed
STU07195,8.17,0,1,2,80.1,3.9,Yes,No,80.4,49.5,NotPlaced
STU08231,7.51,0,1,3,71.6,2.9,No,Yes,64.8,78.7,Placed
STU09496,6.41,1,2,0,83.4,2.3,Yes,Yes,56,76.3,Placed
STU01584,7.56,2,4,2,63.4,2.6,Yes,Yes,53,67,Placed
STU05634,7.77,0,3,1,71.2,4.5,No,No,86.8,85.4,Placed
STU02061,8.27,2,4,2,77.1,4.1,No,Yes,63.7,64.5,Placed
STU01841,7.38,2,3,2,73.1,4.4,Yes,No,58.4,92.3,Placed
STU00958,7.91,1,2,2,70.8,3.8,Yes,Yes,87.1,65.5,Placed
STU03675,7.44,2,3,0,88.7,2.4,Yes,Yes,66.3,63.5,Placed
STU03847,8.48,2,1,3,60.2,3,No,No,82.7,81,Placed
STU07851,9.3,3,1,2,78,2.8,No,No,78.9,54.3,Placed
STU03555,5.84,1,2,2,60,2.9,Yes,Yes,82,66.4,NotPlaced
STU07820,7.71,2,2,1,63.9,2.1,Yes,No,77.7,97.9,Placed
STU02404,7.26,0,1,1,49.9,4.4,No,Yes,75.6,59.1,NotPlaced
STU06467,6.74,1,3,0,90.7,2.8,Yes,No,88.5,69.4,Placed
STU00959,8.01,1,2,0,61.5,4.4,No,No,66.6,53.2,NotPlaced
STU04368,7.53,2,2,2,84.7,3.3,No,Yes,60.5,64.5,Placed
STU07457,6.68,1,3,3,78.9,4.1,Yes,No,69.8,64.8,Placed
STU00037,7.69,0,3,0,75.4,4,No,Yes,77.6,52.2,Placed
STU05146,7.61,0,3,1,69.6,5,Yes,Yes,84.9,44.3,Placed
STU05400,7.78,1,2,2,69.9,2.3,Yes,No,84.6,70.1,Placed
STU00101,6.23,0,2,2,84.1,4.4,Yes,No,60.4,52.8,NotPlaced
STU08873,5.91,1,2,0,83.9,3.1,No,No,80.7,71.7,NotPlaced
STU05838,8.8,2,1,2,54.7,4.7,Yes,No,75,48.5,Placed
STU03682,7.15,0,0,1,68.9,4.9,Yes,No,94.4,63,NotPlaced
STU05898,8.47,2,4,1,70.7,1.8,Yes,Yes,60.9,71.9,Placed
STU04692,7.72,1,2,2,83.9,5,No,No,76.1,73.6,Placed
STU03009,8.47,1,1,1,77.3,2.9,Yes,No,77.2,55,NotPlaced
STU07327,8.56,2,1,3,70.6,3,Yes,Yes,70.5,58.9,Placed
STU07025,8.52,0,2,2,87.3,3.2,No,Yes,64,74.5,Placed
STU05490,7.15,0,2,1,64.5,3.8,Yes,No,84,56.2,NotPlaced
STU02942,7.08,1,3,2,82.9,3.7,Yes,No,50,73.3,Placed
STU06604,7.88,3,2,0,95,3.4,Yes,No,86.6,92.4,Placed
STU07221,8.5,1,3,0,71.8,3.8,No,Yes,82,54.2,Placed
STU06232,7.17,1,2,1,74.2,2.8,No,No,72.2,64.1,Placed
STU03810,8.23,1,3,1,57.2,3.5,No,No,86,73.2,NotPlaced
STU00660,7.37,0,2,1,86.3,3.8,Yes,Yes,63.1,56.9,NotPlaced
STU02557,5.13,0,2,1,77.5,3.1,Yes,Yes,72.8,84.4,NotPlaced
STU00993,7.28,2,2,1,79.8,4.1,No,No,61.4,75,Placed
STU01275,8.59,0,1,1,71.4,3.9,No,Yes,69.8,76,Placed
STU03792,7.13,1,2,1,58,3.4,Yes,Yes,74.8,62,Placed
STU03768,8.67,1,2,2,88.7,3.1,Yes,Yes,64.9,85.5,Placed
STU04865,7.43,1,4,1,72.5,4.3,Yes,Yes,57.4,48.8,Placed
STU06137,8.48,0,3,2,69,3.9,No,Yes,90.8,74.7,Placed
STU06118,6.75,1,1,1,79.4,2.7,No,No,81.6,53.5,NotPlaced
STU01619,7.12,0,1,2,76.5,4.2,No,Yes,53.5,71.8,NotPlaced
STU09434,6.93,2,2,2,59.4,3.8,Yes,No,80.6,63.9,Placed
STU01014,6.88,2,4,0,74,4.3,Yes,No,73.6,92.5,Placed
STU05468,7.72,1,1,0,74.8,1.7,Yes,Yes,59.8,69.9,NotPlaced
STU01347,5.2,0,3,2,76.4,4.4,No,Yes,52.3,85.7,NotPlaced
STU07294,6.62,0,0,1,91,4.9,Yes,No,76.5,70.3,NotPlaced
STU06100,6.85,1,1,2,84.2,3.9,Yes,Yes,79.8,71.4,NotPlaced
STU00587,7.09,0,0,1,77.9,3.7,Yes,Yes,76.3,66.9,NotPlaced
STU03595,8.63,2,1,1,71.9,2.5,No,Yes,85.6,57.9,Placed
STU09731,6.35,3,0,1,60.6,3,Yes,No,83,54.8,NotPlaced
STU06495,6.58,1,2,3,82.6,2.9,Yes,Yes,79.3,76.6,Placed
STU06601,6.34,1,2,0,53,2.1,Yes,Yes,62.1,58.2,NotPlaced
STU02226,8.69,2,2,2,76.4,3.6,Yes,No,78.2,63.3,Placed
STU08222,8.37,1,1,1,72.8,1.4,No,No,88.4,62.9,NotPlaced
STU02309,7.98,1,0,2,80.3,2.5,Yes,Yes,61.6,78,NotPlaced
STU07167,9.21,1,1,1,78,2.3,Yes,No,89,76,NotPlaced
STU06343,7.37,2,4,1,64,3.7,Yes,No,96.8,60.2,Placed
STU01480,7.11,0,0,2,69.3,2.4,No,Yes,78,79,NotPlaced
STU03109,7.91,2,3,2,68.4,4.2,Yes,Yes,63,72.9,Placed
STU03004,9.2,1,0,1,71.3,2.6,Yes,No,74.6,81.5,NotPlaced
STU00623,9.19,1,3,3,88.7,4.9,Yes,Yes,61.1,81.9,Placed
STU02558,7.5,0,4,1,82.8,3.1,Yes,Yes,91.8,77.2,Placed
STU06794,6.95,2,1,1,50.1,4.8,No,Yes,95.1,65.2,Placed
STU07837,8.13,1,3,2,78,3.1,Yes,No,49.9,61,Placed
STU09307,8.25,1,2,0,92.4,2.5,No,No,61.2,77.1,NotPlaced
STU09705,7.99,1,4,2,72.1,2.4,Yes,Yes,60.3,75.3,Placed
STU01877,6.99,1,1,1,71.5,5,No,Yes,82.6,63.2,NotPlaced
STU03148,6.86,1,1,2,63.5,3.1,Yes,Yes,80.3,77.1,Placed
STU07584,8.73,1,0,1,75.5,3.9,Yes,No,88,84.1,NotPlaced
STU05688,7.05,1,1,0,68.3,3.5,No,No,62,82.9,NotPlaced
STU00951,7.28,0,2,1,76.5,3.3,No,Yes,81.2,94.1,NotPlaced
STU01597,8.06,1,3,0,77.4,3.4,Yes,Yes,91.2,71,Placed
STU09708,8.39,2,1,0,74.4,3.4,No,No,68.2,68.4,Placed
STU02233,5.73,0,3,3,60,3.9,Yes,Yes,71.2,75.9,Placed
STU00628,7.39,0,2,1,76.8,2.9,Yes,No,80.8,65.2,NotPlaced
STU06723,7.8,2,1,1,68.9,2.8,Yes,Yes,75.7,64.1,Placed
STU04496,9.01,2,1,1,80.1,4.4,No,Yes,78.7,88.1,Placed
STU04631,6.11,1,3,2,60.2,3.6,No,Yes,72.8,62.2,Placed
STU07163,7.99,2,1,2,64.9,3.1,Yes,No,67.3,76.3,Placed
STU07860,7.99,3,1,1,81.9,2.5,Yes,No,74.7,54.6,Placed
STU08633,8.86,1,1,1,74.4,2.2,No,Yes,81,90,Placed
STU03835,6.63,1,2,1,72,5,No,No,79.1,45.4,NotPlaced
STU06939,7.11,2,2,1,90.5,2.9,Yes,No,79.8,59.9,Placed
STU08278,8.2,0,3,2,64.7,1.5,No,No,75.4,93.8,NotPlaced
STU06955,6.6,0,0,1,75.7,4.9,No,Yes,91.9,61.8,NotPlaced
STU05303,8.27,0,2,0,71.3,2.7,No,Yes,66.7,70.8,NotPlaced
STU04622,9.05,1,0,0,69.1,3.3,Yes,Yes,57.6,40,Placed
STU06014,8.48,1,1,3,51.9,3.7,Yes,Yes,61.3,65.4,Placed
STU01750,8.4,1,2,1,90.5,4.4,No,Yes,44.9,82.7,Placed
STU01250,6.1,1,2,1,70.7,3,Yes,Yes,72.7,58.2,NotPlaced
STU00691,7.18,2,3,1,66.8,3,No,No,66.1,94,Placed
STU04829,8.33,1,2,1,64.9,4.3,No,No,88,76.8,NotPlaced
STU06684,7.45,0,3,1,77.5,3.7,No,No,55.6,68.8,NotPlaced
STU04698,8.65,3,2,0,97,3,Yes,Yes,88.1,56.5,Placed
STU00123,8.76,0,3,0,63.9,3.8,Yes,No,59.5,91.7,NotPlaced
STU07874,6.69,0,2,1,58,3.7,Yes,No,72.9,67.9,NotPlaced
STU03863,7.49,2,0,1,81.1,1.9,Yes,No,87.1,74.5,NotPlaced
STU04247,7.65,0,2,2,68.4,3.4,Yes,Yes,77.4,86.5,NotPlaced
STU01551,7.41,0,3,2,79,3.6,No,No,71.8,61,Placed
STU00530,6.69,1,2,0,78.3,3.2,Yes,Yes,70,59.4,Placed
STU05462,8.09,1,2,2,64.2,3.4,Yes,Yes,96.7,88.4,Placed
STU04759,6.9,0,2,1,72.2,4.7,Yes,Yes,62.3,86,Placed
STU09166,7.44,3,2,2,91.5,2.4,Yes,No,62.4,86.3,Placed
STU00044,7.23,0,2,0,56.7,3.1,Yes,Yes,80.6,92.4,NotPlaced
STU01957,5.58,1,1,1,79.1,3.4,Yes,No,77.1,70.3,NotPlaced
STU06279,6.41,0,2,0,100,3.1,Yes,Yes,65.4,82.7,NotPlaced
STU04656,9.44,0,1,2,75.8,4.2,Yes,No,75.1,73.5,Placed
STU07662,7.63,1,1,1,74.4,3,Yes,Yes,86.7,86.4,Placed
STU09328,8.47,1,2,2,73.5,4.1,No,No,99.3,85.9,Placed
STU06639,7.14,1,1,2,63.6,3.8,Yes,No,66.8,74.5,NotPlaced
STU04645,8.07,2,1,1,59.6,2.7,Yes,Yes,57.6,70.7,Placed
STU07008,8.72,1,1,2,50.9,4.5,No,No,62.6,64.9,NotPlaced
STU02345,5.56,3,2,3,55.8,4.4,Yes,No,75.4,61.5,Placed
STU08322,6.31,1,3,1,62.5,4.2,Yes,Yes,74.7,83.1,Placed
STU07611,7.71,2,1,3,66,2.1,No,Yes,61,55.1,Placed
STU01994,8.14,2,4,0,74.7,3.1,Yes,No,74.7,65.7,Placed
STU02474,6.26,3,2,2,63.7,2.8,Yes,Yes,58.9,90,Placed
STU05955,7.98,1,3,1,74.1,3.1,Yes,Yes,70,72.4,Placed
STU05444,7.01,0,1,1,58.8,4.2,Yes,Yes,55.2,85,NotPlaced
STU03658,5.62,0,2,1,67.3,3.8,Yes,No,72.6,68.2,NotPlaced
STU00156,6.86,1,2,1,63.6,3.2,Yes,No,76.2,54.1,NotPlaced
STU09884,7.9,1,3,3,60,2.9,Yes,Yes,52,71.5,Placed
STU04800,8.17,0,2,1,63.9,4.2,No,No,77,88.6,NotPlaced
STU00072,8.88,1,3,1,76.1,3,No,Yes,46.6,65,Placed
STU08481,7.21,3,1,2,74,4.4,No,No,62.2,92.6,Placed
STU09879,6.5,2,2,2,71.4,3.7,Yes,Yes,54.3,58.8,Placed
STU04162,7.93,1,1,2,86.6,4.2,Yes,Yes,96.3,77.3,Placed
STU07790,8.52,1,2,0,69.8,3.8,Yes,Yes,65.1,84.4,Placed
STU07856,6.73,2,2,0,83.8,4.3,No,Yes,84.7,94.3,Placed
STU03353,7.89,1,2,1,79.6,3.2,Yes,Yes,62.8,77.6,Placed
STU08255,7.6,0,2,1,80.1,3.1,Yes,Yes,57,100,Placed
STU06513,6.81,2,0,1,69.8,4.2,Yes,No,58.4,91.9,NotPlaced
STU07546,7.92,1,2,1,60.5,3.2,Yes,No,78.3,75.8,Placed
STU01745,6.67,1,3,0,75.7,4,Yes,Yes,62.2,71.5,Placed
STU08026,7.38,3,2,2,66.3,4.1,Yes,No,56.1,64.6,Placed
STU07070,5.63,1,2,1,75.3,3.1,No,Yes,85.7,77.1,NotPlaced
STU04696,7.32,0,1,0,75,4.7,Yes,Yes,64.7,69.8,NotPlaced
STU00229,6.86,1,2,1,78.5,3.6,No,Yes,73.6,79.5,Placed
STU06406,8.7,1,0,1,73.7,3.8,No,Yes,58.8,90.7,NotPlaced
STU05796,7.4,0,0,3,60.4,2.3,Yes,No,67.4,56.1,NotPlaced
STU04880,8.37,1,2,1,71.9,5,Yes,Yes,92.4,77.8,Placed
STU04939,8.38,0,2,2,72.9,3.7,No,No,81.9,68.1,NotPlaced
STU01113,8.28,3,2,3,62.3,3.5,Yes,Yes,71.6,40.2,Placed
STU08558,9.43,3,1,2,79.1,4.9,Yes,No,85,61.7,Placed
STU09629,6.72,2,2,2,77.9,2.8,No,Yes,85.4,79.3,Placed
STU09560,7.2,1,1,1,92.7,1,Yes,Yes,53.3,74.9,Placed
STU06091,8.17,1,2,1,86.1,3.9,No,Yes,63.9,77.1,NotPlaced
STU06478,6.68,0,4,3,60.1,4,No,Yes,65.6,75.2,Placed
STU08168,8.15,1,1,2,62.8,3.9,No,Yes,66.2,69.6,Placed
STU00737,7.73,0,2,1,73.9,5,Yes,Yes,80.2,57.7,NotPlaced
STU09253,7.11,0,0,1,73.8,3.2,Yes,Yes,84,48.8,NotPlaced
STU09174,6.46,2,2,1,79.3,3.4,Yes,Yes,68.5,67.2,Placed
STU02948,5,1,2,2,83.5,3.8,Yes,Yes,78.9,72.5,Placed
STU05916,6.7,2,3,1,68.3,3,Yes,Yes,58.5,72.6,Placed
STU03126,8.17,2,2,2,64.7,2.9,Yes,No,74.6,80.9,Placed
STU06869,7.03,1,3,1,80,3.3,Yes,Yes,76.6,66.9,Placed
STU08851,9.18,0,2,1,77.1,3.8,Yes,No,85,100,Placed
STU02219,9.39,1,1,3,69.4,4.6,No,No,74.3,49.5,Placed
STU00500,6.26,0,3,3,85.1,4.6,No,Yes,81.5,70.3,Placed
STU08548,8.56,0,1,0,58.1,2.5,Yes,Yes,53.2,85.3,NotPlaced
STU06822,9.15,0,2,2,64.6,3,No,Yes,80.4,70.3,NotPlaced
STU03238,6.37,0,1,0,74,3.6,Yes,Yes,73.9,72.9,NotPlaced
STU04840,6.91,1,1,1,66.2,3.7,Yes,No,84.1,72.4,NotPlaced
STU08047,6.93,0,2,1,93.5,4.2,Yes,Yes,87.2,78.2,Placed
STU04049,7.41,0,1,2,68,5,Yes,No,88.3,81.4,Placed
STU05046,8.46,1,1,0,77.1,4,Yes,Yes,55.3,85.6,Placed
STU02631,7.77,1,1,0,87.3,4.3,Yes,No,84.3,64.7,Placed
STU03701,8.46,1,1,0,64.1,2.8,No,No,70.5,63.2,NotPlaced
STU08356,8.36,0,3,1,69.2,3,Yes,Yes,68.1,84.1,Placed
STU06622,7.67,1,2,2,82.2,3.5,Yes,No,81.8,48.8,Placed
STU03037,7.19,0,1,0,52.3,2.2,Yes,Yes,72.9,77.7,NotPlaced
STU02368,5.96,2,2,0,73.8,3.6,Yes,Yes,57.6,78,Placed
STU09322,7.13,1,1,2,61.3,4.1,No,Yes,82.2,71.1,Placed
STU06807,6.68,1,2,0,85.3,3.2,No,Yes,61.3,68.8,Placed
STU09542,6.98,1,0,1,78.7,3.1,No,No,68.3,84.3,NotPlaced
STU00231,6.84,2,0,3,83.7,4.3,Yes,Yes,92.3,58.9,Placed
STU05315,6.91,1,3,1,69.5,3.3,No,Yes,65.2,64.8,Placed
STU02492,6.88,1,2,1,78,4.4,Yes,Yes,68.7,95.9,Placed
STU06762,7.32,1,0,0,68.4,4.4,Yes,No,84.4,72.1,NotPlaced
STU06557,7.4,0,2,2,79.4,3.5,Yes,Yes,76.1,82.5,Placed
STU05381,6.97,0,1,3,60,3.9,Yes,Yes,56.8,66.7,Placed
STU08730,7.29,0,0,1,67.9,4.4,No,Yes,60.5,75.6,NotPlaced
STU02805,7.41,1,3,0,69.7,4.1,Yes,No,77.3,70.8,Placed
STU08003,7.34,0,1,1,65.4,4.5,Yes,No,73,84.9,NotPlaced
STU06218,6.42,1,0,1,77.7,4,No,Yes,83.1,66.4,NotPlaced
STU04701,6.61,1,2,0,83.2,4,No,No,62.8,40.5,NotPlaced
STU03156,6.03,1,0,1,81.3,3.5,Yes,No,66.6,72,NotPlaced
STU04687,6.78,0,1,2,91,3.9,No,No,78.1,54.1,NotPlaced
STU06741,5.96,1,1,1,72.3,2.9,Yes,Yes,91.2,85.2,NotPlaced
STU07656,7.2,2,0,2,68.3,3.8,Yes,No,69.5,61.5,Placed
STU05169,6.81,0,0,1,67.9,2.9,No,No,84.2,89.5,NotPlaced
STU01728,8.23,1,0,2,56.3,3.6,Yes,Yes,84.5,72.7,Placed
STU09369,8.38,1,1,0,83.5,2.3,Yes,Yes,65.6,56.4,Placed
STU00588,6.74,0,3,2,62.8,3.8,No,Yes,56.6,75.9,Placed
STU02034,7.95,0,4,1,67.6,4.2,Yes,Yes,77.4,73.9,Placed
STU00158,7.93,0,3,1,63.2,4.7,Yes,No,75.6,93.2,Placed
STU01190,6.63,2,4,1,74.5,3.6,Yes,Yes,71.5,59.2,Placed
STU03029,7.04,2,2,2,58.9,1.8,Yes,Yes,69.2,69.3,Placed
STU09445,8.79,1,2,2,67.7,3,Yes,No,83.3,72.9,Placed
STU01301,6.9,2,2,1,70.7,2.5,Yes,No,76.7,87.6,Placed
STU08203,7.01,1,2,2,77.2,3.1,No,Yes,51.7,66,Placed
STU02807,7.43,1,2,2,93.1,4.5,Yes,Yes,57.8,87.8,Placed
STU05661,7.45,0,1,1,74.3,3.6,Yes,Yes,64.7,91.4,NotPlaced
STU05732,7.54,0,0,2,75.6,3.2,Yes,No,60.3,60.7,NotPlaced
STU09641,5.97,3,1,0,73,3.7,No,No,74.3,70.1,NotPlaced
STU00329,8.06,1,3,1,73.5,2.9,Yes,No,56.1,81.3,Placed
STU00106,7.86,1,1,3,51,3.8,Yes,Yes,63.4,56.6,Placed
STU06420,7.29,2,1,1,64.9,1.5,Yes,No,81.3,62.7,NotPlaced
STU08519,6.93,1,3,0,68.3,3.6,Yes,Yes,63.2,61.6,Placed
STU06195,5.06,0,1,1,61.1,5,Yes,No,70.5,76.2,NotPlaced
STU06556,6.24,3,0,1,78.9,3.4,Yes,Yes,87,73.7,Placed
STU05645,8.18,1,2,2,85.9,3.7,No,Yes,53.1,67.2,Placed
STU02100,8.24,3,2,2,83.4,3.4,Yes,No,75.2,67.6,Placed
STU04382,7.66,0,3,0,61.3,2.3,Yes,No,83.8,53.4,NotPlaced
STU04436,8.13,1,3,3,79.2,2.9,No,No,59.5,71.8,Placed
STU02633,7.68,3,2,0,51.7,4.2,Yes,No,71.1,82,Placed
STU06270,7.94,2,2,1,65.3,4.4,No,Yes,68.4,83.2,Placed
STU05283,8.42,2,1,1,58.6,4,No,No,79.5,51.6,Placed
STU05605,7.88,1,2,0,74.8,3.6,No,No,65.8,52.8,Placed
STU08870,6.27,0,3,1,74.3,2.7,No,No,79.1,70.8,NotPlaced
STU05804,9.14,2,2,1,59.5,2.4,No,Yes,68.5,94,Placed
STU04646,8.95,1,1,2,67.2,3.8,Yes,Yes,62.5,61.3,Placed
STU07177,8.57,1,0,0,61.4,3.5,No,Yes,65.7,64.2,NotPlaced
STU06984,6.9,1,2,3,65.8,2.4,Yes,No,85.1,79.5,Placed
STU01241,7.16,2,2,2,72.1,4.5,Yes,No,96.1,67.8,Placed
STU03019,7.09,2,2,1,66,3.7,Yes,Yes,68.4,83.5,Placed
STU03755,6.88,0,1,1,71.1,2.2,Yes,No,69.7,64.4,NotPlaced
STU03143,7.41,0,2,1,65,4.9,No,No,86.3,74.3,NotPlaced
STU09922,7.7,3,1,1,85,4,Yes,Yes,60.9,56.2,Placed
STU01636,7.14,0,0,2,53.5,3.4,Yes,No,59,70.3,NotPlaced
STU00174,7.81,1,3,0,73.9,3.3,Yes,No,72.5,58.1,Placed
STU03069,7.7,0,2,2,67,3.1,No,No,69.1,64.7,NotPlaced
STU02473,6.79,1,1,0,71.3,2.8,Yes,Yes,69.8,66.3,NotPlaced
STU08542,6.27,0,2,1,78.3,3.6,No,No,96.7,52.4,NotPlaced
STU08572,7.87,1,2,2,93.6,4,No,No,52.7,65.6,Placed
STU00256,7.06,2,1,1,72.6,2.9,Yes,Yes,74.2,50.1,Placed
STU05448,9.09,0,1,1,75.8,2.6,No,No,48.9,86.1,NotPlaced
STU00990,7.52,1,1,2,57.1,4,Yes,Yes,89.6,45.4,Placed
STU01854,8.33,2,1,2,61.5,3.8,Yes,Yes,55.2,74.8,Placed
STU05712,6.57,1,4,1,71.3,3.3,No,No,90.9,62.9,Placed
STU02338,7.54,0,0,1,68.1,2.4,No,No,68.6,51.8,NotPlaced
STU07266,6.91,1,2,0,82.9,3,Yes,No,69.1,67.2,NotPlaced
STU03987,8,2,2,1,71.1,3.7,Yes,No,55.7,80.7,Placed
STU02657,6.52,0,2,1,58.4,3,No,Yes,79.5,93.6,NotPlaced
STU07634,8.13,0,1,2,75.8,2.9,Yes,Yes,75.8,64.5,Placed
STU05058,7.52,2,0,2,57.7,4.6,No,Yes,56,62.7,NotPlaced
STU03434,7.41,0,3,1,69.7,2.7,No,Yes,76.1,53.4,NotPlaced
STU02644,6.91,1,1,0,73.6,4.4,No,No,72.4,59.1,NotPlaced
STU02229,5.82,1,2,1,77,3.1,No,Yes,55.1,88.1,NotPlaced
STU05115,7.38,1,3,1,76.1,3.4,No,Yes,82.2,63.7,Placed
STU09703,8.03,0,2,1,77.9,2.4,No,Yes,73.7,64.8,NotPlaced
STU03371,7.43,1,1,1,87.6,4.3,Yes,Yes,74.5,82.4,Placed
STU01269,6.84,1,2,1,77.8,4.2,Yes,No,71.8,59.2,NotPlaced
STU02674,7.02,1,3,3,55.5,4,No,Yes,70.5,61.5,Placed
STU09894,7.31,1,4,0,86.5,4.4,Yes,Yes,100,71.4,Placed
STU01390,6.82,2,0,0,87.2,3.1,Yes,No,61.7,48,Placed
STU08456,8.16,2,1,0,74.9,3.2,Yes,No,54.3,67.1,Placed
STU04422,6.52,3,3,0,70.6,4.2,Yes,Yes,75.9,84.6,Placed
STU01124,6.47,0,2,1,63.8,3,No,Yes,57.7,68.2,NotPlaced
STU00414,8.65,0,3,3,91.4,4.2,Yes,Yes,66.4,49.7,Placed
STU02397,6.67,0,2,0,84.2,3.5,No,Yes,91.3,44.6,NotPlaced
STU09486,8.67,0,4,3,71.3,4.4,No,No,61.8,73,Placed
STU00531,8.07,1,2,1,57.4,2.7,Yes,Yes,65.5,44.3,Placed
STU00741,5.84,0,1,3,72.3,2.9,Yes,No,72,96.4,NotPlaced
STU03112,7.25,3,1,0,69,3.1,No,Yes,60.5,68.4,Placed
STU03825,6.9,1,0,2,81.6,3.3,Yes,Yes,96.4,49.1,Placed
STU04044,7.77,1,3,2,65.3,2.5,No,Yes,82.2,72.7,Placed
STU00711,7.69,1,2,2,73.3,2.9,No,Yes,85.1,89.9,Placed
STU00814,7.68,0,2,0,61.6,5,No,Yes,72.4,79.6,NotPlaced
STU03364,6.28,0,3,1,82.2,3.2,Yes,No,61.8,81.1,NotPlaced
STU00784,8.05,1,3,2,97.2,3.3,Yes,Yes,90.7,45.3,Placed
STU02412,8.88,1,2,1,68,2.8,Yes,Yes,77.1,79.8,Placed
STU01257,9.01,1,2,1,71.2,3.2,Yes,No,78.2,58.2,Placed
STU00542,6.48,2,2,3,84.3,3.2,Yes,No,82,73.4,Placed
STU05074,6.1,0,2,2,92.2,2.9,Yes,No,83.9,40,NotPlaced
STU08448,9.49,0,3,1,67.4,3.1,Yes,No,55.4,75.6,Placed
STU00003,8.08,0,4,0,61.4,3.3,Yes,Yes,72,58.4,Placed
STU06573,9.43,1,2,0,83.9,2.5,Yes,No,88.5,79.8,Placed
STU00517,7.95,1,0,1,98.1,3.7,Yes,No,62.3,82,Placed
STU02563,6.67,0,3,1,92.8,3.9,Yes,Yes,68.7,88.6,Placed
STU07214,7.13,2,4,2,60.2,2.3,Yes,No,49.4,64,Placed
STU04592,7.68,2,1,1,82.5,3,Yes,Yes,49.6,66.9,Placed
STU04466,6.46,0,1,0,51.5,4.2,Yes,No,63.2,60.1,NotPlaced
STU02806,5.9,0,1,0,68.9,4,No,Yes,62.3,69.1,NotPlaced
STU02279,8.1,0,0,1,75.4,4,No,Yes,66.8,82.9,NotPlaced
STU03441,7.63,0,2,0,60.1,2.7,No,No,68.7,77.3,NotPlaced
STU03809,8.09,0,2,1,81,4.1,No,Yes,69.2,69.7,Placed
STU06262,8.2,1,0,0,52.9,4.3,Yes,No,50.4,62.1,NotPlaced
STU06570,8.66,0,1,1,71.2,4.7,No,Yes,90.7,77,NotPlaced
STU03983,10,0,2,1,74.2,3,Yes,Yes,66.2,92.7,Placed
STU07419,7.48,0,2,1,88.7,4.9,Yes,Yes,75.8,74.7,Placed
STU00071,7.83,2,0,2,72.5,3.6,Yes,Yes,85.9,49.1,Placed
STU05904,8.45,1,2,0,88.8,3.7,No,Yes,77.6,60,Placed
STU07763,6.58,2,1,0,75.4,3,No,Yes,62.7,73.5,NotPlaced
STU05949,6,1,1,1,80.6,3.1,Yes,No,54.2,47.3,NotPlaced
STU00655,9.82,1,1,0,80.1,3.2,Yes,No,73.9,82.6,Placed
STU03491,7.21,0,4,1,61.8,4.5,Yes,No,79,66.3,Placed
STU00399,7.4,1,2,2,69.2,3.6,Yes,No,81,83.7,Placed
STU06976,7.52,1,3,1,84.2,3.7,No,No,71.1,74,NotPlaced
STU00879,7.49,1,2,2,70.2,4,No,Yes,87.4,69,Placed
STU02615,8.04,2,2,2,74.7,1.5,No,No,72.3,73.7,Placed
STU08544,7.49,1,1,1,80.7,1.6,Yes,No,89.5,51.9,NotPlaced
STU04187,9.61,1,1,0,71.4,3.1,No,Yes,64.1,67.3,Placed
STU07725,8.97,0,2,1,70.3,2.9,Yes,Yes,87.8,88.9,Placed
STU08760,8.82,0,1,0,55.8,1.7,Yes,Yes,75.2,91.4,NotPlaced
STU05107,6.57,3,2,1,53.6,3.7,Yes,No,68.3,67,Placed
STU07238,7.75,1,2,2,69.3,3.8,Yes,No,67,48.9,NotPlaced
STU04227,9.18,1,0,1,60.5,3.6,Yes,No,75.3,84.1,NotPlaced
STU03818,7.39,1,1,0,91,4.3,No,No,69.9,86.8,NotPlaced
STU06298,6.48,0,2,3,75.1,2.8,Yes,No,47.9,83.6,NotPlaced
STU02469,8.11,0,2,3,86.8,3.5,No,No,84.9,71.9,NotPlaced
STU03901,7,3,2,3,68.8,4.5,No,No,77.8,70.4,Placed
STU01928,7.24,2,2,3,56.2,4.4,Yes,No,63.2,85.2,Placed
STU09000,8.22,1,4,2,69.1,3.2,No,Yes,62.8,80.3,Placed
STU03965,6.95,1,2,2,67.1,3,Yes,No,60.6,66.1,Placed
STU02396,6.2,0,1,1,77.3,4.6,No,No,46.2,67.1,NotPlaced
STU09905,8.37,1,3,2,68.7,3.7,Yes,No,74.7,57.8,Placed
STU06766,7.87,1,3,1,67.6,2.2,Yes,No,85.5,84.3,NotPlaced
STU00191,7.1,1,1,1,71.8,3.6,No,Yes,43.9,80.5,NotPlaced
STU04695,7.33,2,0,2,75.3,2.7,Yes,Yes,86.5,84.1,Placed
STU01733,7.48,0,3,0,62.7,2.8,Yes,No,81.4,52.5,NotPlaced
STU02850,7.01,1,2,3,50.5,2.8,Yes,Yes,74.5,46.4,Placed
STU00974,6.91,1,2,1,79.6,3.8,Yes,Yes,77.6,45.7,Placed
STU00252,8.33,1,2,0,93,2.9,Yes,Yes,82.1,65.1,Placed
STU00340,6.99,3,3,2,72.7,3.6,Yes,Yes,83.4,77.3,Placed
STU06799,7.25,2,1,2,71.2,3.9,Yes,No,86.4,97.7,Placed
STU02920,8.67,1,1,1,77.7,3.6,Yes,Yes,84.5,75.4,Placed
STU07729,7.84,0,3,1,59.4,3,No,Yes,59.5,82.2,Placed
STU02767,7.47,1,3,1,96.8,1.9,Yes,Yes,81.9,55.6,Placed
STU00649,7.29,0,2,1,70.1,3.4,Yes,No,71.1,69.9,NotPlaced
STU03320,9.59,1,1,3,60.3,3.7,Yes,No,49.5,58.3,NotPlaced
STU00303,8.17,1,2,1,71.7,1.6,No,Yes,71.7,78.6,NotPlaced
STU00360,6.76,0,2,1,78.3,2.9,No,Yes,80.3,97,NotPlaced
STU01067,6.33,1,3,1,66.5,2.9,No,No,63.6,71.3,NotPlaced
STU00232,7.69,0,2,1,62.8,3.4,Yes,Yes,65.1,73.9,NotPlaced
STU02774,6.11,0,1,2,66.1,3.8,Yes,Yes,82.4,89.1,NotPlaced
STU00932,9.19,2,1,3,79,4.4,No,Yes,68.5,67.4,Placed
STU02884,7.91,1,1,1,81.7,3.3,Yes,No,75.4,75.9,NotPlaced
STU06609,6.79,2,1,2,82.6,2.9,Yes,Yes,77.7,53.9,Placed
STU03495,7.96,1,2,2,80.8,2,No,Yes,79.2,76.2,Placed
STU03800,6.59,0,4,1,87.4,3.1,Yes,No,83.1,73.9,Placed
STU08197,8.08,0,0,1,69.2,3,No,No,66.7,69.6,NotPlaced
STU01519,6.58,1,0,1,68.9,3.5,Yes,No,76.5,58.1,NotPlaced
STU05875,8.64,1,3,2,56.7,3.2,Yes,No,77.4,80,Placed
STU00036,6.4,1,4,1,66.8,3.2,Yes,Yes,80.4,61.4,Placed
STU04191,7.86,2,1,1,64.4,2.1,Yes,Yes,64.6,54.6,Placed
STU01529,7.06,0,2,1,80.5,3.8,No,Yes,78,80.1,NotPlaced
STU05754,6.28,0,1,1,67.6,4.3,Yes,No,67.9,83.3,NotPlaced
STU03324,7.73,1,1,3,77.6,3.3,No,Yes,63.4,81.1,Placed
STU00612,7.45,2,2,0,79.7,3.9,Yes,Yes,77,70.4,Placed
STU04416,8.05,2,2,2,64.2,2.6,No,No,77.4,67.9,Placed
STU09263,8.05,1,0,2,79.8,2.9,Yes,Yes,74.3,83.8,Placed
STU09506,8.39,0,0,0,75.4,3.4,Yes,No,71.1,80.3,NotPlaced
STU00692,8.54,0,4,0,58.7,3.4,Yes,No,76.8,88.6,Placed
STU07539,6.84,2,2,0,68.8,4.4,Yes,Yes,76.2,71.2,Placed
STU07864,6.92,1,2,0,80.3,3.1,Yes,Yes,67.2,65.5,Placed
STU02217,7.11,1,3,1,65.2,3.8,Yes,Yes,77.2,63.5,Placed
STU08664,9,0,3,0,70.7,3.6,No,Yes,82.1,41,Placed
STU04076,7.6,2,2,1,78.7,4.2,No,Yes,67.1,81,Placed
STU07121,7.11,2,2,0,66,3.6,Yes,Yes,57.1,63.4,Placed
STU08376,7.31,3,2,1,65.4,2.9,Yes,No,71.9,79.2,Placed
STU07812,7.34,1,2,2,76.2,4.4,Yes,No,79.1,64.5,Placed
STU09538,8.42,0,3,0,72.6,4.3,Yes,No,64.9,71.9,Placed
STU05964,6.26,1,2,3,79.4,3,No,Yes,47.3,54.2,NotPlaced
STU06364,8.11,1,1,1,86.2,2.8,No,Yes,98.6,85.8,Placed
STU06607,6.77,1,1,0,71.6,2.9,Yes,Yes,71.1,61.7,NotPlaced
STU09181,7.41,0,0,2,67.6,4.7,Yes,Yes,77.6,75.6,NotPlaced
STU00150,7.77,3,1,0,71.3,2.6,Yes,No,70.9,83.1,Placed
STU03674,8.24,1,3,1,77.6,4.3,Yes,No,61.8,59.5,Placed
STU02442,8.74,0,0,0,70.4,3.6,Yes,Yes,67.5,65.7,NotPlaced
STU03645,6.77,0,4,2,79.5,4,No,No,89.4,63.3,Placed
STU01507,8.13,2,2,0,71.3,4.3,No,No,56.6,62.9,Placed
STU03654,6.76,2,2,3,65.4,5,Yes,Yes,82.3,69.9,Placed
STU07083,6.8,3,3,1,68,2.3,No,Yes,47.5,67.8,Placed
STU00236,8.07,2,4,1,83.4,2.7,No,Yes,58.6,68.7,Placed
STU01316,6.32,0,2,1,79.2,1.8,No,Yes,74.7,90.7,NotPlaced
STU05668,8.14,3,2,1,63.8,4.6,Yes,No,68.2,81.4,Placed
STU06617,8.48,1,1,1,74.7,4.2,Yes,No,65.2,73.1,Placed
STU06214,6.33,1,2,2,67.4,2.1,No,No,65.2,56.6,NotPlaced
STU09038,8.71,2,4,2,77.6,3.3,Yes,No,52.6,75.7,Placed
STU01159,8.38,1,3,2,67.4,2.6,Yes,No,61.7,77.8,Placed
STU05052,7.82,1,1,1,82.8,2.9,Yes,Yes,55.5,64.2,NotPlaced
STU09093,6.46,3,3,0,67.9,2.8,Yes,No,61.2,81.6,Placed
STU01058,8.56,3,2,3,62.7,4.4,No,No,78.3,61.6,Placed
STU06533,8.89,0,2,3,65.8,3.2,Yes,Yes,65.4,55.7,Placed
STU00447,7.83,1,4,1,57.2,4.2,Yes,Yes,67.5,89,Placed
STU07229,7.64,0,1,2,75.9,3.6,Yes,Yes,73.4,76.2,Placed
STU09096,7.64,1,3,1,64.4,3.4,No,No,69.7,84.8,NotPlaced
STU01738,6.54,0,3,1,86.3,3.2,No,No,65.1,72,NotPlaced
STU09113,8.46,1,2,0,68.8,4.2,Yes,No,75.1,71.9,Placed
STU02494,8.8,1,2,2,84.5,2.7,No,No,67.3,68.7,Placed
STU09044,5.86,1,3,3,63.6,4.2,Yes,Yes,75.7,67.9,Placed
STU09302,8.26,1,2,1,73.3,3.5,Yes,No,93.6,63.2,Placed
STU05850,6.99,1,2,0,74.1,2.8,No,Yes,78.1,76.6,NotPlaced
STU04999,8.23,1,0,0,70.3,4,Yes,Yes,72,72.5,NotPlaced
STU02215,7.08,1,1,2,77.5,4.1,No,Yes,77,90.2,NotPlaced
STU04599,7.88,0,2,2,67.4,3.5,Yes,No,86.3,80.5,NotPlaced
STU02463,7.93,0,2,2,65.9,3.5,Yes,No,70.4,88.7,NotPlaced
STU06743,6.09,1,0,0,84,3.8,Yes,No,60.6,82.6,NotPlaced
STU03542,8.81,1,2,0,70.2,2.8,No,Yes,53.5,77.9,Placed
STU09324,6.05,1,2,2,69.2,3.2,No,Yes,59.7,82.7,Placed
STU02598,7.69,0,0,0,52.5,1.2,No,No,68.5,64.8,NotPlaced
STU00903,7.53,0,1,2,61.9,1.6,No,Yes,79.5,67.6,NotPlaced
STU08989,8.87,1,0,2,88,1.7,Yes,No,81.3,86.1,Placed
STU09689,7.48,1,2,0,62.9,3.2,No,Yes,85,65,Placed
STU07400,8.73,1,1,1,82,3.7,No,Yes,85.6,77.1,Placed
STU04547,7.41,1,1,1,53.5,4.3,Yes,Yes,75.9,65.3,Placed
STU03567,7.71,1,4,1,76.1,4.2,No,No,66.3,57.9,Placed
STU01663,5.59,0,1,3,58.7,3.9,No,Yes,67.9,50.8,NotPlaced
STU09954,6.64,2,3,2,81,3.8,Yes,No,68.4,88.2,Placed
STU08762,6.33,1,1,1,79.6,3.8,Yes,No,89.6,91.1,NotPlaced
STU09143,7.72,0,1,2,67.1,3.3,Yes,Yes,93.1,63.5,NotPlaced
STU09861,8.04,1,0,0,68.7,2.9,No,No,49.9,72.3,NotPlaced
STU09913,6.85,1,3,2,73.1,3.4,No,Yes,71.1,66.7,Placed
STU01998,6.71,1,2,1,69.3,3.4,No,Yes,65.4,60.2,Placed
STU04584,8.21,1,2,3,63.7,3.7,No,No,62.5,85.7,Placed
STU08567,8.61,1,1,1,63.8,4.6,Yes,No,96.1,92,Placed
STU07204,6.74,0,1,0,72.5,2.5,Yes,Yes,92.7,54.6,NotPlaced
STU03067,9.08,1,1,2,69.3,2.1,No,Yes,76,68.1,Placed
STU02819,7.85,2,2,0,73.4,3.4,No,Yes,56.8,82.3,Placed
STU09582,6.23,0,1,2,74.6,3.8,Yes,Yes,90.4,44,NotPlaced
STU08627,7.19,2,0,2,70.1,2.7,Yes,No,72.1,72.7,Placed
STU00481,7.38,1,4,1,81.2,3.8,No,Yes,76.8,66.1,Placed
STU04012,6.23,1,1,2,79,3.6,No,Yes,88.5,79.4,Placed
STU08069,7.53,1,2,1,93.6,3.4,No,Yes,54.5,82.5,Placed
STU01467,9,1,1,1,77.1,3.1,Yes,Yes,59.2,56.7,Placed
STU03467,7.13,0,1,0,73.9,4.3,No,Yes,75.8,80.6,NotPlaced
STU00285,9.42,1,2,3,70.9,3.5,Yes,No,77.8,87.2,Placed
STU00914,8.92,0,4,1,71.5,3.1,No,No,58.2,66.3,NotPlaced
STU06181,8.37,3,1,1,76.3,3.2,Yes,No,86,71.2,Placed
STU02390,8.43,1,1,0,66.1,3.8,No,Yes,92.4,61.5,Placed
STU01509,7.58,1,2,2,84.7,3.3,Yes,No,87.6,89.4,Placed
STU07959,7.58,2,2,0,70.6,3.1,No,Yes,57.4,66,Placed
STU00747,7.67,2,2,0,70.3,4,No,Yes,70.2,69.5,Placed
STU01629,7.56,2,2,1,71.1,4.6,Yes,No,73.1,67.3,Placed
STU09358,8.17,0,2,1,65.1,2.5,No,Yes,89.1,69.4,NotPlaced
STU03498,7.46,2,1,1,78.8,2.6,Yes,Yes,73.1,62.9,Placed
STU01846,6.58,0,1,1,72.1,3.2,Yes,No,84,59.6,NotPlaced
STU04194,5.32,1,2,0,69.7,3.3,No,No,66.2,69.9,NotPlaced
STU05969,7.8,1,2,1,65.4,5,No,Yes,77,77.7,Placed
STU06485,8.13,0,2,1,53.8,3.2,Yes,Yes,90.2,86.1,NotPlaced
STU00686,8.14,1,1,0,67.9,3,Yes,No,72.5,91.5,NotPlaced
STU00001,7.95,1,1,1,80.7,2.4,Yes,No,80.4,69.9,NotPlaced
STU07896,7.01,2,3,2,68,3.4,Yes,No,85.7,68.1,Placed
STU02038,7.04,1,2,2,51.6,3.3,No,No,58.1,67.1,NotPlaced
STU01743,7.56,1,3,2,68.7,4.4,Yes,No,87.6,63.9,Placed
STU01886,7.75,2,1,1,49.4,4.2,Yes,No,74.9,64.1,Placed
STU04909,7.74,0,4,2,83.3,3.9,Yes,No,77.7,79.7,Placed
STU04686,8.1,0,2,2,85.5,4.5,Yes,Yes,65.7,68.6,Placed
STU07141,5,1,3,1,63,4.7,Yes,Yes,63.8,67.5,Placed
STU01881,8.37,1,3,0,72.7,3.9,Yes,No,68.4,81.3,Placed
STU09966,7.95,2,1,2,85.2,2.8,Yes,No,68.3,64.9,Placed
STU04507,8.12,0,3,2,69.4,5,Yes,Yes,64.8,65.5,Placed
STU04681,7.29,1,1,2,85.3,3.8,Yes,Yes,62.6,100,Placed
STU05505,7.06,0,3,2,64.7,5,Yes,No,58,73.5,NotPlaced
STU02684,8.16,1,3,0,75.5,3.9,Yes,No,69.9,63.2,Placed
STU04171,6.11,0,3,3,63.4,3.6,No,Yes,81.9,48.6,NotPlaced
STU04501,6.64,2,2,3,64.5,3.4,Yes,Yes,70.8,67.8,Placed
STU03804,7.64,1,2,1,83,2.9,No,Yes,59.3,83.6,Placed
STU09725,6.82,1,3,2,53,3.8,Yes,Yes,58.9,86.4,Placed
STU08357,7.45,2,3,3,85.4,4.4,Yes,No,53.8,73.5,Placed
STU09885,7.99,1,1,3,73.4,2.9,Yes,No,68.3,54.7,NotPlaced
STU08218,5.66,0,2,1,79.4,3.4,Yes,Yes,64.4,71.7,NotPlaced
STU05089,7.58,1,1,1,65.3,3.9,Yes,Yes,79.5,66,Placed
STU07737,9.94,1,3,2,76.1,3,Yes,Yes,60.3,81,Placed
STU03369,7.86,1,1,1,73.3,2,No,Yes,84.6,83.5,NotPlaced
STU02634,7.78,1,2,2,85.9,2.2,Yes,Yes,45.6,80.6,Placed
STU06917,6.52,0,1,3,70.2,3,No,Yes,67.2,80.3,NotPlaced
STU07828,7.3,3,1,3,65.9,5,No,No,67.2,71.6,Placed
STU07784,9.85,3,3,3,88.1,3,No,Yes,95.3,41.7,Placed
STU08157,7.66,1,2,2,73.8,2.7,Yes,Yes,80.2,79.1,Placed
STU06277,8.32,1,2,2,81,3,Yes,No,65.5,85.2,Placed
STU03436,8.3,0,1,1,72.8,3.3,Yes,No,63.8,66.9,NotPlaced
STU02843,8.83,0,2,0,79,4.6,No,Yes,76.1,83.1,Placed
STU07299,6.86,1,1,2,72.8,3.8,Yes,Yes,86.5,83.3,Placed
STU09306,8.34,3,2,3,71.8,4.8,No,No,63.7,58.6,Placed
STU08735,6.09,0,4,0,74.1,3.7,Yes,Yes,63,67.4,NotPlaced
STU09972,8.13,0,3,1,80.2,2.7,No,Yes,46,87,NotPlaced
STU07844,7.14,1,2,1,72.3,3,No,Yes,87.7,82.2,Placed
STU06998,7.03,1,1,3,85.9,3.1,No,No,96,69.6,Placed
STU09814,8.51,1,3,2,89.3,3.8,Yes,Yes,75,66.8,Placed
STU00860,8.07,0,2,2,69.4,4.7,Yes,No,74.1,53.9,Placed
STU07383,7.22,0,1,2,75,3.3,No,Yes,67.8,82.5,NotPlaced
STU08370,7.71,0,1,2,56.6,4.1,Yes,Yes,62.6,60.4,NotPlaced
STU02726,7.5,2,4,0,77,3.2,Yes,Yes,74.1,92.3,Placed
STU08668,6.88,1,1,0,72.9,3.9,Yes,No,80.8,74.6,NotPlaced
STU03899,7.89,1,3,0,83.8,4.5,Yes,Yes,66.1,81,Placed
STU00809,8.63,0,1,0,76.3,4.4,Yes,No,65.6,77.8,NotPlaced
STU05746,7.83,3,2,2,63.8,3.7,No,Yes,82.4,51,Placed
STU06986,7,0,0,0,74.1,4.5,Yes,Yes,77.6,53.4,NotPlaced
STU02908,6.48,1,1,1,63.4,3.9,Yes,Yes,73.7,75.2,NotPlaced
STU02592,7.09,1,2,0,67.4,3.5,No,No,77.4,40,NotPlaced
STU02550,9.38,0,3,1,70.3,2.6,Yes,Yes,90.3,71.6,Placed
STU05412,7.03,1,4,1,69.2,3.7,Yes,Yes,58.9,64.3,Placed
STU03824,7.66,0,1,2,68.2,4.3,No,Yes,75.4,61.4,NotPlaced
STU00685,6.4,2,2,2,65.6,3.8,Yes,Yes,84.4,54.7,Placed
STU04818,6.71,1,2,1,85.3,3.3,Yes,Yes,66.6,100,Placed
STU03465,7.66,2,3,1,76.2,4,Yes,Yes,78.3,68.7,Placed
STU07019,8.66,1,3,1,76.3,2.9,Yes,Yes,86,66.6,Placed
STU07520,8.1,0,1,2,65.7,3.6,Yes,Yes,71.3,80.8,NotPlaced
STU00605,7.87,0,2,2,79.9,4,No,Yes,100,88.7,Placed
STU01730,9.15,0,2,2,58.4,3.2,No,No,71.8,69.3,NotPlaced
STU00387,7.81,0,1,2,81.9,3.4,No,No,66,40,Placed
STU04746,7.24,0,2,3,84,2,Yes,Yes,80.3,74.7,NotPlaced
STU04626,8.64,2,2,2,67.5,3.4,No,No,69.7,68.3,Placed
STU04411,6.9,1,2,2,68.1,2.6,Yes,Yes,64.2,59.9,Placed
STU02921,6.85,0,0,2,78.9,3.7,Yes,Yes,76.3,64.8,NotPlaced
STU03722,9.03,0,1,1,54.1,3.9,Yes,Yes,75.4,62.2,Placed
STU00069,7.83,0,2,1,51.6,2.9,Yes,No,54.2,87.7,NotPlaced
STU05439,7.81,0,2,2,72.8,4,Yes,Yes,66.8,83.2,Placed
STU09350,7.2,1,2,1,63.7,3.1,Yes,Yes,71.3,66,Placed
STU03370,7.62,2,0,1,53.7,4,No,Yes,72.6,58.6,NotPlaced
STU00515,6.98,0,1,0,73.8,4.1,Yes,No,70.3,63.5,NotPlaced
STU04050,7.85,0,2,3,69.9,2.8,Yes,No,75.5,70.9,NotPlaced
STU01545,6.96,0,2,3,74.7,3.9,No,No,56.1,67.6,NotPlaced
STU01929,8.49,2,2,2,67.1,3.1,No,Yes,58,89,Placed
STU02742,7.92,1,2,1,54.4,4,Yes,No,86.4,70.1,Placed
STU08352,7,2,3,0,98,2.5,Yes,Yes,72.7,62.2,Placed
STU06090,7.46,0,2,2,76.3,3.8,Yes,Yes,84.1,92.2,Placed
STU05946,8.25,1,3,2,65.8,3.6,No,Yes,73.4,68.4,Placed
STU04246,6.11,0,2,1,69.7,2.9,No,Yes,87.4,77.8,NotPlaced
STU04673,7.93,1,2,0,73.2,4.7,No,No,68.7,75,Placed
STU05365,7.33,1,2,0,59.1,3.3,No,No,80.7,69.4,NotPlaced
STU06694,7.92,2,2,3,66.7,4.7,No,No,72.8,66.9,Placed
STU05260,9.32,0,1,0,67.7,2.8,Yes,Yes,48.3,79.7,NotPlaced
STU00205,6.26,1,2,1,67.4,2.8,No,Yes,69.7,69,NotPlaced
STU05487,7.62,1,2,0,60.9,4.1,No,No,83.4,70,NotPlaced
STU03366,9.26,1,0,3,77.3,4.1,Yes,No,54.3,64.1,Placed
STU04808,8.09,0,2,1,67,4.1,Yes,Yes,96.6,77.4,NotPlaced
STU06374,8.65,1,2,3,62.1,4.8,Yes,No,83.5,42.2,Placed
STU07353,7.05,1,4,0,45.1,3,Yes,No,65.2,76.6,NotPlaced
STU03213,9,0,2,1,71.9,3.5,No,No,69.7,56.4,NotPlaced
STU04662,7.25,0,4,2,71.5,4,Yes,No,79.7,57.1,Placed
STU03181,8.38,0,4,1,78.9,3.9,Yes,No,73.7,70.5,Placed
STU04352,7.54,1,3,1,53.8,4.1,Yes,No,62.3,67.8,Placed
STU02778,7.28,1,1,3,61.2,3.2,No,No,88.7,71.9,NotPlaced
STU06235,7.3,2,2,2,85.4,2,Yes,No,65.1,66.1,Placed
STU03778,6.39,2,4,2,79.6,3.1,Yes,No,65,69.4,Placed
STU00437,8.97,1,1,1,70.6,3,No,No,62.8,69.2,NotPlaced
STU08052,6.44,1,3,1,68,3.6,No,No,64.5,80.5,Placed
STU03125,7.37,0,1,1,82.7,3.2,Yes,No,73.2,76.8,NotPlaced
STU02530,6.48,2,1,1,83.3,3.2,No,No,66.7,77.1,Placed
STU05040,7.84,0,2,2,73.8,3.5,No,Yes,69.8,65.6,Placed
STU01288,7.96,1,2,1,60.1,3.1,Yes,Yes,87.1,72.3,Placed
STU05054,7.26,1,2,1,73.5,3.5,No,No,60.5,67.7,NotPlaced
STU04677,8.12,1,2,3,54.3,3.6,No,No,76.4,72.6,NotPlaced
STU00114,9.72,2,1,2,44.3,3.8,Yes,No,88.9,68.4,Placed
STU05430,5.9,3,1,3,64.9,3,Yes,No,68.1,40.5,Placed
STU05818,7.66,1,2,3,68.5,3.7,Yes,No,69,68.5,Placed
STU08723,7.75,1,2,0,57.8,3.7,Yes,Yes,59.1,71.4,NotPlaced
STU00143,6.05,0,2,0,54,4,Yes,Yes,83.8,53.8,NotPlaced
STU09282,7.6,1,2,2,64.4,4.4,No,Yes,75.3,66.2,Placed
STU06592,6.44,0,2,1,82.1,3.7,No,Yes,77.1,47.7,NotPlaced
STU04538,7.23,1,2,2,61.7,3.9,No,No,57.4,80,Placed
STU08679,7.88,2,1,2,86.9,3.6,No,Yes,87.5,84.3,Placed
STU08896,9.34,0,3,2,89.4,3,Yes,No,78.9,66.8,Placed
STU02444,8.12,1,2,0,75.5,3.2,Yes,Yes,56.9,71.1,Placed
STU06528,7.46,3,1,1,71.9,3.5,No,No,84.7,66.4,Placed
STU08013,7.4,0,3,3,50.8,3,No,No,71.9,83.6,NotPlaced
STU03600,7.3,1,2,2,73.2,2.2,Yes,Yes,87.1,66.9,Placed
STU08689,9.33,1,1,1,79.1,3.1,No,No,79.4,61.5,NotPlaced
STU00670,8.48,1,3,3,74.8,3.5,Yes,No,57.1,79,Placed
STU07053,8.45,1,1,0,62,2.5,No,No,78.4,96.9,NotPlaced
STU03578,6.93,1,2,2,56.9,2.1,Yes,No,66.6,95.2,NotPlaced
STU05984,7.85,0,2,3,69.4,2.4,Yes,No,58.8,83.3,NotPlaced
STU03551,7.02,3,2,1,66,2.4,Yes,No,61.4,73.8,Placed
STU09565,7.92,0,2,1,73.7,3.1,No,No,78.7,70.9,NotPlaced
STU01911,9.06,0,0,1,78,3.5,Yes,No,76,76.8,NotPlaced
STU08094,7.06,0,0,2,81.2,4,No,No,68,85.7,NotPlaced
STU08687,6.49,0,2,1,76.1,2.9,No,No,74.3,51.5,NotPlaced
STU02595,8.26,1,1,1,76.6,3.1,Yes,Yes,79.8,63.5,Placed
STU03386,6.99,2,1,1,57.7,5,No,Yes,83,49,Placed
STU01195,6.07,1,2,1,76.8,1.9,No,Yes,90.3,69.9,NotPlaced
STU07059,9.26,0,3,2,73.9,2.8,Yes,No,69.2,86.6,Placed
STU01350,7.3,0,3,2,58,1.8,No,No,73.9,53.4,NotPlaced
STU08410,7.46,1,4,0,60,2.9,Yes,Yes,57.8,67.8,Placed
STU07858,6.7,0,1,3,75,2.7,Yes,Yes,61,77.4,NotPlaced
STU07442,10,1,1,3,74.7,1.5,Yes,Yes,98.9,71.7,Placed
STU03552,6.09,2,2,2,75.7,3.6,Yes,Yes,63.7,58,Placed
STU00928,7.84,1,2,1,82.1,4.7,Yes,No,73.4,80.2,Placed
STU09161,7.01,1,2,1,71.7,3.6,No,Yes,88.2,45.4,Placed
STU02455,8.11,1,3,2,84.4,4.3,Yes,No,75.9,40,Placed
STU02142,7.55,3,3,0,70,3.1,No,No,54.9,80.6,Placed
STU09278,7.86,0,1,1,80.4,2.9,No,No,80.3,81.4,NotPlaced
STU08763,6.43,2,1,1,88.3,4.8,No,Yes,40,85.3,Placed
STU00535,6.91,1,3,1,79.2,2.9,Yes,Yes,57.1,76.3,Placed
STU03413,9.29,1,1,2,70.9,4.1,Yes,No,74.5,81.3,Placed
STU00383,5.59,2,2,3,68.1,4,Yes,Yes,54.6,44.7,Placed
STU07016,7.86,2,2,2,68.7,4.2,Yes,Yes,70.4,70.7,Placed
STU06634,6.81,1,1,1,73.4,3.8,No,Yes,85.6,64,NotPlaced
STU04481,6.42,1,3,2,69.8,5,No,No,66.5,82.4,NotPlaced
STU07359,6.43,0,1,1,72.6,1.9,No,Yes,70.9,77.2,NotPlaced
STU03653,7.9,2,1,2,55.4,3.1,Yes,Yes,75.4,40.1,Placed
STU01516,7.39,1,0,1,65.3,2.9,No,Yes,76.1,62,NotPlaced
STU06267,7.57,0,2,3,85.4,2.7,Yes,No,61.3,82.9,NotPlaced
STU09338,7.31,1,1,1,88.8,3.1,Yes,No,64,61.9,NotPlaced
STU05614,7.58,0,1,3,70.2,2.1,Yes,No,62.5,70.3,NotPlaced
STU05939,8.62,2,1,2,59,3.5,Yes,No,95.5,78,Placed
STU01758,8.36,2,1,1,84.3,3.8,No,Yes,80.3,88.6,Placed
STU04182,7.04,1,0,2,79.2,2.5,Yes,No,76.7,72,NotPlaced
STU01672,7.17,1,2,3,76.2,2.6,Yes,No,73.2,80.5,Placed
STU05567,8.48,0,3,0,64.4,3.7,Yes,No,76.4,60.7,NotPlaced
STU09800,6.44,3,1,2,73.3,4.2,No,Yes,81.5,64.5,Placed
STU01285,6.79,3,2,2,76.2,4.9,Yes,Yes,58.7,52.6,Placed
STU09073,6.06,0,1,3,75.4,3.5,No,No,74,60.9,NotPlaced
STU09438,7.4,1,1,0,73.3,3.1,No,Yes,63.3,71.8,NotPlaced
STU05476,8.97,1,1,0,48.3,4.2,Yes,Yes,59.4,75,NotPlaced
STU00769,6.94,1,1,1,77.7,3.8,No,Yes,71.5,81.4,NotPlaced
STU06324,8.68,0,4,2,70.1,2,No,Yes,72,65.1,Placed
STU01751,5.07,3,3,1,72.7,4.3,No,No,80.7,60.1,Placed
STU07869,6.46,0,1,0,61.3,2.9,Yes,Yes,93.8,40,NotPlaced
STU08362,7.73,1,3,0,61.9,3.5,Yes,Yes,82.7,70.1,Placed
STU00108,7.66,1,3,2,40,4.3,Yes,No,88.2,86.3,Placed
STU04052,7.66,1,2,1,70.9,5,No,No,70,76.7,NotPlaced
STU04307,6.93,0,2,3,78.1,4.4,Yes,Yes,74.3,88.8,Placed
STU03086,7.78,1,1,2,81.1,4.4,Yes,No,59.4,65.5,Placed
STU06386,8.64,2,3,2,58,2.8,Yes,Yes,77.7,78.1,Placed
STU00591,7.56,0,1,2,80.7,3.9,No,Yes,72,68.9,NotPlaced
STU00690,7.9,3,0,2,80.1,3.1,No,Yes,65.3,73.3,Placed
STU00714,7.86,0,2,0,81.8,3.1,Yes,No,74.6,65.2,NotPlaced
STU07706,7.23,1,2,1,72.4,3.4,Yes,Yes,88.7,65.5,Placed
STU08602,6.81,1,0,0,85.2,3.6,No,No,72.5,57.9,NotPlaced
STU09309,7.7,0,2,0,70.2,4.6,No,Yes,77,75.6,NotPlaced
STU03267,6.71,1,2,1,83.6,5,Yes,Yes,75.5,65.5,Placed
STU08040,9.53,1,2,3,55.3,4.1,Yes,Yes,52.5,54.1,Placed
STU07087,7.62,3,3,0,93.5,4.4,Yes,Yes,51.6,52.4,Placed
STU01363,7.61,1,4,0,58.7,3.2,No,Yes,75.5,91.8,Placed
STU08813,7.58,1,2,1,64,3,Yes,No,65.2,70.8,NotPlaced
STU05541,9.02,1,1,2,73.9,3.8,No,Yes,56.6,68.2,Placed
STU05259,6.04,0,2,1,73.1,3.4,Yes,No,75,56.1,NotPlaced
STU04641,8.23,0,3,2,60.9,4.1,No,No,82.4,82.1,Placed
STU08110,7.87,1,2,2,72.1,4.4,Yes,Yes,63,82.9,Placed
STU07610,7.46,1,3,1,63.9,3.4,No,Yes,59.7,62.9,Placed
STU05762,7.96,0,2,1,77.8,3.7,No,No,65.7,76.3,NotPlaced
STU00849,6.93,1,2,2,75.3,3.3,Yes,No,69.1,72.4,Placed
STU08946,7.37,2,2,0,77.7,5,Yes,Yes,81.5,59.1,Placed
STU01493,6.99,0,4,3,73,3.8,Yes,No,75.5,82.2,Placed
STU07510,7.05,0,2,1,77.6,3.7,No,No,61.4,74.6,NotPlaced
STU02250,8.33,1,3,1,69,4.9,Yes,Yes,64.3,59.6,Placed
STU06457,6.44,2,1,2,70.1,3.5,Yes,Yes,70.7,68.3,Placed
STU03637,7.19,1,1,3,59.8,2.3,Yes,Yes,90.6,59.3,Placed
STU02429,8.51,1,2,1,71.6,2.1,Yes,No,46,56.2,NotPlaced
STU05909,9,1,1,0,74,2.1,Yes,No,59,68.3,NotPlaced
STU02085,7,1,1,0,59.9,4,Yes,No,67.5,69.1,NotPlaced
STU04860,7.37,2,2,1,73.3,3.6,No,No,80.8,63.6,Placed
STU03065,6.14,2,1,1,81,4.3,Yes,Yes,64.3,67.4,Placed
STU00625,8.93,1,2,3,72.6,3.5,Yes,Yes,64.8,58.4,Placed
STU09275,6.91,2,1,2,83.2,4.4,No,Yes,41.3,73.1,Placed
STU07516,7.92,3,1,1,58.4,4.3,No,No,71.1,70.2,Placed
STU00412,6.49,2,2,2,66.4,3.4,No,Yes,63.4,71.1,Placed
STU03457,8.48,1,1,1,73.6,3.4,Yes,No,63.7,51.1,Placed
STU01076,7.06,1,1,2,75.2,3.9,No,Yes,77.6,76.1,NotPlaced
STU08725,7.38,2,2,0,58.3,3.3,Yes,No,52.3,69.8,Placed
STU08788,7.23,0,3,3,73.9,3.3,Yes,No,72.1,82.7,Placed
STU05970,6.97,1,1,0,65.9,3.9,Yes,Yes,64.8,49.5,NotPlaced
STU02816,8.23,1,2,2,61.6,5,No,Yes,73.3,100,Placed
STU08331,7.31,1,2,0,64.3,3.6,Yes,Yes,90,79.4,Placed
STU01608,8.96,0,2,0,52.8,4.9,No,Yes,85.1,58.5,Placed
STU08285,6.6,2,2,2,63,2.4,Yes,Yes,60.9,62,Placed
STU01290,5.56,1,1,1,67.9,3.3,Yes,Yes,73.6,49.3,NotPlaced
STU05570,6.6,0,1,1,77.5,2.3,Yes,Yes,88.6,67.8,NotPlaced
STU00342,7.72,0,3,0,69.5,2.8,Yes,No,68.6,61.7,NotPlaced
STU08115,6.7,0,1,1,86.3,3.2,No,Yes,55.7,63.4,NotPlaced
STU02003,6.79,1,0,0,68.5,3.3,Yes,Yes,72.5,95.3,NotPlaced
STU04105,7.44,1,3,1,79.9,2.5,No,No,69.8,65.9,NotPlaced
STU07977,6.61,0,2,1,56.2,3.6,No,No,64.3,68.1,NotPlaced
STU01123,8.07,0,1,0,59.7,4.2,Yes,No,76.8,75.4,NotPlaced
STU08795,6.46,2,3,2,84,3.3,No,Yes,78.1,84.3,Placed
STU00551,7.58,2,0,1,65,5,No,Yes,49.6,91.8,Placed
STU06396,8.23,1,1,1,80.9,2.8,Yes,No,81.3,57.8,Placed
STU05883,8.11,2,3,0,73.8,3.3,Yes,Yes,76.5,87.8,Placed
STU04447,6.71,1,3,1,66.5,2.5,No,Yes,65.8,78.2,Placed
STU05043,7.35,0,2,2,69.6,3.7,Yes,Yes,48.3,82.3,NotPlaced
STU05195,5.84,0,3,2,79.3,4.6,Yes,Yes,66.1,94.7,Placed
STU06059,9.88,0,2,0,53.5,3.6,No,Yes,68.8,88,Placed
STU01378,8.44,1,1,3,40,3.1,No,No,80.7,72.9,NotPlaced
STU08878,6.4,2,2,2,61.8,3.4,No,No,55.4,64.5,Placed
STU07727,6.34,0,2,2,82.1,4.8,Yes,No,69.5,51,NotPlaced
STU09015,7.31,1,3,1,49.9,4.2,Yes,No,80.1,67.8,Placed
STU05223,7.3,1,2,1,68.5,3.3,Yes,Yes,65.3,75,Placed
STU05982,8.96,1,0,1,69,2.1,No,Yes,45.6,72.7,NotPlaced
STU03201,7.67,2,2,2,92.5,3.8,Yes,No,80.6,87.3,Placed
STU00650,8.13,1,2,0,82.4,3.4,No,No,59.1,70,NotPlaced
STU01722,7.27,1,3,2,85.3,3.9,Yes,Yes,62.4,59.7,Placed
STU05047,5.63,0,2,2,64.2,2.9,Yes,No,83.4,97.2,NotPlaced
STU05154,7.02,0,2,1,69.1,4.3,No,Yes,58.9,86.6,NotPlaced
STU00803,7.59,0,2,1,86.4,3.4,Yes,No,68.6,71.3,NotPlaced
STU01632,6.74,1,3,1,75.4,4.2,Yes,No,76.1,40.9,Placed
STU00233,7.54,2,1,1,57.5,3.4,Yes,Yes,78.7,64.3,Placed
STU04128,9.12,0,1,2,74.7,3.4,Yes,Yes,96,50.1,Placed
STU05426,8.09,1,1,1,73.9,3.5,No,No,67.8,75.3,NotPlaced
STU00270,7.62,0,3,2,69.7,4,No,No,56.7,83.7,NotPlaced
STU02195,7.67,0,2,1,66.1,3.6,Yes,No,90.2,40,NotPlaced
STU03191,7.13,0,3,3,84.7,2.9,Yes,Yes,59.8,75.8,Placed
STU00807,7.7,1,1,0,79.6,3.2,No,Yes,60.9,49.9,NotPlaced
STU09603,7.67,2,2,2,64.6,4.8,Yes,No,61,73,Placed
STU05522,6.9,2,2,0,56.6,1.8,Yes,Yes,71.7,75.5,Placed
STU07526,6.79,1,3,2,75.8,4.2,Yes,No,77,56.9,Placed
STU09543,8.2,1,1,1,70.7,4,Yes,Yes,59.8,62.5,Placed
STU00596,7.04,1,1,2,69,4.3,Yes,No,40,48.5,NotPlaced
STU00855,8.78,0,3,1,67.5,5,Yes,No,47.2,63.1,Placed
STU05472,7.84,2,0,2,64.3,4.4,Yes,Yes,62.7,76,Placed
STU02842,6.14,0,3,0,48.2,2.9,Yes,No,88.3,66.6,NotPlaced
STU03296,6.53,0,1,1,71.3,3.4,No,Yes,73.9,72.2,NotPlaced
STU07116,7.11,0,2,1,83.4,3.6,Yes,Yes,99.4,74.9,Placed
STU02686,7.78,2,3,2,83.9,3.4,No,Yes,77.6,68.2,Placed
STU08692,7.68,2,1,2,63.1,3.7,No,Yes,74.8,74.7,Placed
STU07994,8.32,1,0,0,80.8,2.3,No,No,81.7,60.9,NotPlaced
STU00183,6.54,0,2,1,52.9,2.1,Yes,Yes,61.3,76.7,NotPlaced
STU05328,7.7,1,1,0,76.7,4.3,No,No,76.6,80.3,NotPlaced
STU07467,7.21,0,3,3,70.8,2.4,Yes,Yes,68.9,78.7,Placed
STU05311,7.25,1,1,1,71.2,2.8,Yes,No,91.5,92.8,NotPlaced
STU07824,7.76,0,3,2,70.6,2.4,Yes,No,68.2,51.9,NotPlaced
STU07542,7.46,0,2,1,85.8,3,Yes,Yes,80.1,76.6,Placed
STU06351,10,1,1,2,68.2,5,Yes,Yes,43.9,69,Placed
STU07648,9.34,0,2,1,67.4,5,Yes,Yes,75.8,64,Placed
STU09698,8.05,1,1,0,70.5,3,Yes,No,77.2,51.3,NotPlaced
STU07980,5.96,0,2,3,73.4,4.6,Yes,No,67.6,82.2,NotPlaced
STU09182,7.15,1,2,2,84.1,3.5,No,Yes,78.3,71.9,Placed
STU00507,6.97,0,3,2,75.1,3.4,No,Yes,65.6,57.6,Placed
STU06692,6.87,0,2,1,87,2.4,Yes,No,76.4,71.8,Placed
STU01479,6.7,1,2,3,67.1,3.2,Yes,No,62.3,58.8,Placed
STU08925,6.49,1,2,1,70.7,3.5,No,Yes,79.4,69.4,Placed
STU04281,9.38,0,0,1,59,5,No,Yes,82.8,65.8,NotPlaced
STU06572,6.31,2,1,2,73.6,3.8,No,Yes,75.4,66.7,Placed
STU07324,7.72,2,3,1,76.9,4,No,No,66.9,75.4,Placed
STU06850,6.61,0,1,2,85.5,3.8,No,Yes,74.4,54.2,NotPlaced
STU08898,7.77,1,1,2,70.9,3.8,Yes,No,65.4,59.1,NotPlaced
STU01975,7.48,2,1,1,77.5,3.1,No,Yes,62.1,91.1,Placed
STU01306,6.69,2,2,0,63.9,4.8,No,Yes,84.3,68.3,Placed
STU03979,8.01,2,3,0,79.6,2.8,Yes,Yes,50.6,97.6,Placed
STU02811,7.39,3,1,2,86.2,2.3,Yes,No,80,71.2,Placed
STU05807,5.43,2,2,3,70.3,4.9,Yes,Yes,76,63.4,Placed
STU04811,8.18,1,3,1,66.1,2.5,Yes,No,80.3,50.4,Placed
STU04903,6.58,2,2,2,74,2.5,No,Yes,59.5,86.4,Placed
STU00263,5,1,2,2,94,2,Yes,No,60.3,63.9,NotPlaced
STU06257,8.75,0,3,1,83.8,3.5,Yes,Yes,83.4,82,Placed
STU00141,7.7,1,1,0,81.5,3.7,No,Yes,78,81.4,NotPlaced
STU03488,8.1,1,1,1,55.3,3.8,Yes,Yes,74.5,78.6,Placed
STU01146,7.51,0,3,2,68.6,3.6,Yes,No,67.9,60.8,Placed
STU09971,6.68,1,2,2,62.8,4.6,No,Yes,76,66.9,Placed
STU03698,7.8,1,3,2,78.2,2.8,Yes,Yes,61.4,65.1,Placed
STU09815,7.38,2,0,2,60.5,5,Yes,Yes,71.4,90.8,Placed
STU07202,7.56,1,1,1,69.6,4.7,No,Yes,77.9,54.7,NotPlaced
STU08268,6.54,0,2,3,55.9,3.5,Yes,No,86.2,66.4,NotPlaced
STU07424,8.43,1,2,1,74.6,3.6,No,No,47.5,87.4,NotPlaced
STU05163,7.42,0,0,2,78.4,4,Yes,Yes,63.1,49.7,NotPlaced
STU00832,6.67,1,2,0,90.6,3.4,Yes,Yes,59.7,70.6,Placed
STU01640,6.54,0,2,2,78.2,4.2,Yes,Yes,83.3,71.6,Placed
STU06927,7.52,1,4,3,75.7,2.2,No,Yes,61.9,55.3,Placed
STU02826,9.03,1,2,1,76.6,3.8,No,Yes,66.4,45.6,Placed
STU09528,7.9,1,1,2,66.7,3.7,Yes,No,82.4,64.9,Placed
STU07907,7.58,2,2,2,68.1,4,Yes,No,82.5,81.7,Placed
STU05760,8.27,1,2,3,63.8,3.3,Yes,Yes,71.4,68.2,Placed
STU09754,7.8,2,1,1,79.7,4.7,No,Yes,53,64.1,Placed
STU01757,7.38,1,2,1,82.7,3.6,No,No,76.3,69.1,NotPlaced
STU03521,7.95,1,3,2,85.6,3.6,No,Yes,58.2,82.3,Placed
STU06768,7.75,2,3,0,76.5,3.9,Yes,No,50.5,82.2,Placed
STU02383,7.81,2,2,3,80.8,3.5,Yes,Yes,81.2,65.9,Placed
STU00721,7.78,1,2,0,63.6,2.7,Yes,No,77.9,64.8,NotPlaced
STU06675,8.34,2,0,2,71,3.1,No,Yes,80.1,94.8,Placed
STU02448,7.29,2,3,0,90.1,3.1,No,Yes,66.5,75.7,Placed
STU08440,7.96,1,2,1,62.9,2.7,No,Yes,71.3,83.2,Placed
STU04439,7.19,1,2,2,71,3.1,Yes,No,46.6,69.7,Placed
STU07905,8.5,0,2,0,63.5,3.3,Yes,Yes,64.2,63,NotPlaced
STU06662,6.93,0,2,3,54.6,2.9,No,Yes,99,67,Placed
STU07622,7.05,2,3,3,79.8,2.3,Yes,Yes,92.9,77.4,Placed
STU03609,6.29,0,2,1,72.2,3.3,Yes,No,89.4,75,NotPlaced
STU00149,7.97,2,2,0,77.4,4.1,No,No,70.5,89.5,Placed
STU04135,7.4,2,4,1,65.8,4.7,Yes,Yes,65.4,40.3,Placed
STU05148,7.31,0,2,1,61.6,3.5,Yes,Yes,82.2,84.1,NotPlaced
STU07713,7.28,1,1,2,67.2,2.6,No,No,76.3,68.3,NotPlaced
STU09516,6.29,1,1,1,86.1,2.5,Yes,Yes,64,68.7,Placed
STU03481,7.23,1,1,3,65.8,3.2,Yes,Yes,92.5,74.8,Placed
STU07953,7.26,1,2,0,91,2.9,Yes,No,75.3,65.3,NotPlaced
STU09875,7.79,1,1,1,72.5,3,Yes,Yes,63.7,62.4,Placed
STU02849,6.95,0,4,1,96.6,3.4,Yes,No,73.7,66,Placed
STU08809,7.94,1,2,2,75.5,3.1,No,No,46.6,65.9,Placed
STU07601,7.38,1,3,1,68.8,3.1,Yes,No,79.2,68,Placed
STU07215,7.51,1,2,0,79.6,4.2,No,Yes,75.5,57,NotPlaced
STU05373,6.51,1,0,2,58.6,2.4,Yes,Yes,56.8,67.7,NotPlaced
STU01734,7.23,1,0,0,64.4,3.5,Yes,Yes,83.6,70.3,NotPlaced
STU06708,7.53,1,1,2,65.3,3.9,No,No,71.2,61.5,NotPlaced
STU08422,8.35,1,2,1,49.4,3.1,No,Yes,77.7,57.6,NotPlaced
STU01326,5.72,1,4,3,77,2.6,Yes,Yes,68.3,68.2,Placed
STU06220,8.73,1,1,2,71,3.2,Yes,Yes,78.8,58.2,Placed
STU00600,7.84,1,1,2,94.1,2.5,Yes,Yes,62,67.5,Placed
STU01142,8.74,0,1,1,88,3.8,Yes,No,66.3,43.4,NotPlaced
STU09027,7.11,0,1,3,85,3.5,Yes,No,77.2,42.7,Placed
STU08893,6.66,1,1,0,70.5,5,Yes,No,72.3,83.8,NotPlaced
STU02306,10,0,0,1,78.8,3.6,Yes,Yes,69.1,56,Placed
STU00940,6.99,1,2,2,62.1,3.3,Yes,Yes,84,86.3,Placed
STU04655,8.13,1,3,1,61.5,3.8,Yes,Yes,77.7,86.9,Placed
STU06816,7.66,3,2,0,65.7,2,Yes,No,72.8,68,Placed
STU04654,8.06,0,1,2,62.7,3.9,Yes,Yes,71.6,91.6,NotPlaced
STU09903,6.49,0,0,2,75.2,3.5,Yes,No,70.7,66.9,NotPlaced
STU01693,8.28,3,3,0,77.2,2.6,Yes,Yes,50.2,57.3,Placed
STU08130,7.75,1,2,2,87.2,3.2,No,Yes,50.4,75,Placed
STU09854,6.92,0,1,2,54.9,2.5,No,Yes,82.6,63.6,NotPlaced
STU09681,7.14,0,2,1,63.2,3.7,No,No,71.2,71.8,NotPlaced
STU06226,7.2,1,2,0,66.1,3.5,No,Yes,85.9,75.4,NotPlaced
STU07532,8.05,3,3,0,77,3.6,Yes,Yes,64.9,81.9,Placed
STU06348,8.65,0,1,1,68.4,4.6,Yes,Yes,70.4,80.4,Placed
STU07067,7.15,1,2,1,73.6,5,Yes,Yes,80.1,72,Placed
STU02709,7.18,2,3,1,55.2,4.2,Yes,Yes,65.3,90.2,Placed
STU05778,7.18,0,1,3,52.2,4.7,No,No,81.6,75.7,NotPlaced
STU05830,8.73,0,2,2,73.6,4.2,No,Yes,52.5,76,Placed
STU00479,10,2,1,1,83.6,4.4,No,No,100,76.3,Placed
STU04809,8.78,1,2,2,56.9,3.4,Yes,Yes,65.7,79,Placed
STU05779,7.53,1,3,1,83.6,3.9,No,Yes,72.4,63.7,Placed
STU01742,7.35,1,1,0,63,3,Yes,Yes,89.2,73,NotPlaced
STU00297,8.31,0,0,3,76.9,3.1,Yes,No,91.3,70,NotPlaced
STU02266,8.57,1,1,2,64.9,2,Yes,Yes,67.1,54.6,Placed
STU08849,7.05,0,3,1,74.8,2.9,No,Yes,60.5,68.4,Placed
STU03581,9.41,1,0,1,79.6,4.6,No,No,72.4,74.6,Placed
STU01541,7.48,2,0,1,72.4,2.7,No,No,79.3,43.6,NotPlaced
STU03821,7.14,3,2,1,76.2,3.2,Yes,No,77.8,78.2,Placed
STU08463,7.91,2,2,3,77.4,3.2,No,No,73.2,100,Placed
STU08023,5.87,1,1,0,82.7,3.7,No,No,74.7,76.8,NotPlaced
STU01371,7.34,1,2,1,85.1,3.4,Yes,Yes,57.3,92.1,Placed
STU09494,7.85,0,2,1,85.7,4.2,Yes,No,98.5,59.3,NotPlaced
STU03995,5.64,2,2,2,79.1,4.5,No,No,75.7,67.7,Placed
STU06714,7.76,0,2,2,59.3,3.2,Yes,Yes,73.7,65.5,NotPlaced
STU09018,6.84,1,2,2,87.2,4.3,Yes,Yes,93.9,60,Placed
STU01437,7.28,2,1,0,63.5,3.5,No,Yes,93.1,70.2,Placed
STU01002,8.33,2,2,3,65.3,2.3,No,Yes,75.7,66.6,Placed
STU03328,6.97,0,1,1,66.1,2.5,Yes,Yes,75.3,66.1,NotPlaced
STU05576,5.74,0,1,0,65.1,2.8,Yes,Yes,77.1,85.6,NotPlaced
STU07275,8.79,3,3,2,67.3,4.2,No,No,80.1,60.3,Placed
STU02697,8.47,2,2,1,64.3,4.2,No,No,74.7,62,Placed
STU06202,6.51,1,4,2,70.9,3.3,Yes,Yes,73.2,87.1,Placed
STU08237,8.32,2,3,0,62.3,3.5,Yes,Yes,74,73.6,Placed
STU04625,7.82,0,4,0,70.7,3,Yes,No,84.5,41.8,NotPlaced
STU08860,5.87,2,2,0,59.3,2.7,No,Yes,53.7,40,Placed
STU01353,7.99,2,1,2,56.4,3.5,No,Yes,80.5,70.5,Placed
STU09831,6.58,3,2,1,79.3,3.1,No,No,48.5,77,Placed
STU06081,8.89,0,1,1,68.3,4.3,Yes,Yes,57.8,57.4,NotPlaced
STU00495,8.87,1,3,1,71.1,4.5,Yes,No,48.1,82.9,Placed
STU08188,8.07,1,2,2,67.3,2.6,Yes,Yes,86.9,40,Placed
STU05005,8.16,1,2,3,46.1,3.6,No,Yes,58.8,68.9,Placed
STU05296,7.35,1,0,3,83.4,3.4,Yes,Yes,84.6,73.2,Placed
STU08766,7.09,1,0,3,77,3.2,Yes,Yes,81.1,52.3,Placed
STU05304,8,1,3,1,74.5,4.4,Yes,No,57.4,87.9,Placed
STU09034,6.44,3,0,3,65.6,3.1,Yes,No,77.1,71.2,Placed
STU09386,7.83,2,1,1,51.4,3.2,No,No,61.3,72.2,NotPlaced
STU06752,6.81,1,1,1,49,3.9,No,Yes,80.4,66.6,NotPlaced
STU07651,8.49,0,2,2,59.9,2.7,No,No,54.6,67,NotPlaced
STU08722,7.67,0,4,0,97.4,3.6,No,Yes,71.4,72.5,Placed
STU07367,9.06,0,4,1,75.5,5,Yes,Yes,83.3,77.1,Placed
STU03233,6.54,1,1,1,57.4,4.1,Yes,Yes,72.7,81.4,NotPlaced
STU03838,7.84,1,0,0,86.2,4.9,Yes,No,84.5,72.9,NotPlaced
STU02451,6.68,0,2,1,60.7,2.2,No,No,80.8,75.9,NotPlaced
STU08074,6.78,1,3,0,90.4,3.1,Yes,No,64.8,49,Placed
STU02117,7.29,1,1,1,78.2,4,No,No,91.9,66.9,NotPlaced
STU03962,9.2,0,0,2,86.5,2.6,Yes,No,82,50.7,Placed
STU05533,8.68,2,1,3,81.1,3.8,No,No,64.6,69.9,Placed
STU00696,7.22,1,4,3,78.6,4,No,No,71.1,46.6,Placed
STU06336,7.58,0,1,0,57.8,2.9,No,Yes,83.5,73.7,NotPlaced
STU02136,6.98,0,4,2,77.8,3.9,Yes,No,70.7,82.6,Placed
STU07600,7.73,1,1,2,74.9,4.7,Yes,Yes,54.6,78.9,Placed
STU02565,6.69,2,1,1,59.4,3.3,Yes,Yes,63.8,89.9,Placed
STU04571,6.96,2,2,3,64,4.8,No,Yes,69.3,87.5,Placed
STU08636,6.45,2,3,2,57,4.2,No,No,84.5,43.3,Placed
STU08305,8.25,0,2,1,72.1,3.8,Yes,No,85.4,87.4,Placed
STU02173,7.21,0,1,2,71.4,3.9,Yes,No,68.5,95.7,NotPlaced
STU02609,8.31,1,1,1,70.7,3.5,Yes,Yes,81,58.2,Placed
STU09793,7.66,1,3,1,89.9,2.9,No,Yes,60.9,56.2,Placed
STU05465,5.73,1,2,3,95.5,4.7,Yes,No,82,95.8,Placed
STU02654,8.43,1,1,1,67.2,2.6,No,Yes,70.9,76.7,Placed
STU06203,9.56,0,3,3,66.3,4.6,Yes,No,68.8,78.8,Placed
STU07807,7.89,1,2,2,73.6,3.7,Yes,No,82.4,50.2,Placed
STU09054,7.2,1,3,2,88.5,3.8,No,No,87.5,77.4,Placed
STU06086,7.2,0,2,0,84.9,2.7,Yes,No,75,80.7,Placed
STU06335,7.4,0,1,3,60.7,4.1,Yes,Yes,74.5,50.3,Placed
STU07425,5.89,1,1,1,77.5,2.7,Yes,No,77.7,76.1,NotPlaced
STU00427,6.63,2,1,0,74.1,2.5,Yes,Yes,86.3,84.4,Placed
STU01182,8.75,0,1,3,67.5,4.4,No,Yes,62.3,61.5,Placed
STU03526,6.44,1,2,1,64.8,2.3,Yes,No,79.2,83.3,NotPlaced
STU01783,6.15,2,3,2,52.4,4.9,No,Yes,64.6,75.1,Placed
STU00279,7.56,1,2,2,97.4,3.2,Yes,No,71.1,49.1,Placed
STU05979,7.72,0,3,2,67,3.8,No,Yes,65.9,71.8,NotPlaced
STU09735,8.72,1,1,1,78.4,3.2,Yes,Yes,65.3,54.4,Placed
STU09137,7.33,0,2,1,75.6,2.6,Yes,Yes,77.4,69,Placed
STU09633,7.23,0,1,2,75.2,2.1,No,Yes,84.3,68.5,NotPlaced
STU00580,8.53,0,2,2,74.4,3.2,Yes,Yes,81.5,57.2,Placed
STU09479,7.61,0,4,0,82.3,2.7,Yes,No,62.7,89.8,Placed
STU04379,7.77,1,0,1,68.9,4,Yes,No,89.3,63.9,NotPlaced
STU04471,7.79,2,2,1,69.3,4,No,Yes,62.8,52.1,Placed
STU03256,7.63,1,0,0,65,3.1,Yes,Yes,89.6,80.6,NotPlaced
STU00666,7.6,2,2,0,83.8,2.8,No,No,59.8,71.4,Placed
STU03865,7.17,1,3,0,72,3.4,Yes,No,83,74,Placed
STU06676,8.2,2,0,1,64.7,1.7,No,Yes,72.7,88.7,Placed
STU02784,6.56,0,2,2,78.5,3.8,Yes,Yes,64.9,54.6,NotPlaced
STU04568,6.39,1,1,1,67.7,3.4,Yes,No,69.1,68.4,NotPlaced
STU04590,6.53,3,0,1,71.4,2,Yes,No,63.8,65.7,Placed
STU01878,7.31,1,3,3,71.5,1.4,Yes,Yes,57.4,65.9,Placed
STU02937,6.96,0,2,1,65.1,3.8,No,Yes,61.1,93.9,Placed
STU03130,7.13,2,1,3,71.9,3.1,Yes,No,80.8,72.4,Placed
STU07902,6.49,1,2,1,70.1,4,Yes,No,64,73.7,NotPlaced
STU05696,7.97,0,1,2,61.4,4.2,No,Yes,66.4,60.1,NotPlaced
STU05930,7.86,0,2,1,84.3,3.4,No,Yes,55.6,70.5,Placed
STU08518,8.66,0,1,1,76,5,Yes,No,70.1,64.7,Placed
STU09287,7.89,1,1,2,79.6,4.4,No,Yes,80.3,56.4,Placed
STU05934,5.42,1,1,0,76.6,4.1,Yes,Yes,65.2,54.5,NotPlaced
STU06893,6.38,1,2,2,77.3,3.2,No,No,77.9,56.5,Placed
STU00480,8.51,1,2,3,77.1,3.6,No,Yes,73.9,73.8,Placed
STU00228,6.53,0,1,1,87.4,4.7,Yes,Yes,67.3,91.7,NotPlaced
STU07566,5.95,2,2,3,62.8,3.9,Yes,Yes,93.8,89.8,Placed
STU00513,7.28,0,2,1,89.3,4.7,Yes,No,68.5,74,Placed
STU07861,9.35,2,2,1,86.8,2.9,Yes,Yes,61.4,58.7,Placed
STU09535,8.24,0,3,1,81.6,3.9,No,Yes,81.9,59.9,Placed
STU02581,7.83,2,1,1,87.2,4.5,No,Yes,64.6,60,Placed
STU09860,9.35,1,2,2,59.8,3.8,No,Yes,57.3,42,NotPlaced
STU05408,8.54,2,2,1,54.8,2.4,Yes,No,55.1,75.4,Placed
STU03354,7.57,1,2,1,91.6,3.4,Yes,No,68.7,55.4,Placed
STU09716,7.44,3,2,1,70.3,5,Yes,No,82.7,65.9,Placed
STU07838,7.43,1,1,3,77.9,3.4,Yes,No,90.8,59.7,Placed
STU01754,5.85,1,3,3,62.5,3.6,Yes,Yes,75.6,79.8,Placed
STU09505,9.16,0,0,1,82.2,3.7,Yes,Yes,74.8,89.1,NotPlaced
STU09442,7.27,0,1,1,59.8,2.6,No,Yes,56.3,70.3,NotPlaced
STU08617,6.15,0,2,3,74.2,4.5,Yes,No,75.2,63.7,NotPlaced
STU06564,8.82,0,2,2,64.7,3.2,No,Yes,78.3,67.1,Placed
STU00704,6.23,0,4,2,78.6,2.1,No,No,67.1,73.3,NotPlaced
STU03239,7.67,2,3,0,84.8,3.8,Yes,No,65.4,79.6,Placed
STU04949,7.15,1,1,2,90.1,2.5,Yes,No,64,79.6,NotPlaced
STU00163,8.54,1,3,2,73.3,4,No,No,78.1,76.5,Placed
STU03629,6.11,0,2,1,76.9,3.4,No,Yes,92.8,80.3,NotPlaced
STU06600,9.07,2,1,1,71.9,3.3,Yes,Yes,97.8,69,Placed
STU04826,7.72,0,1,2,64.4,3.8,Yes,No,69.6,75.1,NotPlaced
STU03138,6.58,0,2,0,83.4,2.8,Yes,Yes,61.5,69.1,NotPlaced
STU02076,7.22,1,3,1,72.5,4.9,Yes,No,88.6,58.2,Placed
STU05460,7.32,3,3,0,74.7,3.3,No,Yes,91.6,71.8,Placed
STU06632,7.91,2,1,1,78.2,3.6,Yes,Yes,49.3,71.8,Placed
STU00033,7.49,1,0,2,82.7,3.1,Yes,No,70.1,71.6,NotPlaced
STU05084,6.54,0,1,0,72.5,4.2,No,Yes,67.6,67.9,NotPlaced
STU05092,6.86,0,2,1,75.2,3,Yes,Yes,64.4,76.8,NotPlaced
STU02699,8.06,2,4,0,82.1,3.6,No,Yes,64.4,82.4,Placed
STU09122,6.22,1,1,0,71.7,3.1,Yes,No,76.9,71.8,NotPlaced
STU08774,8.09,0,2,0,73.1,4.1,No,No,54.4,59.6,NotPlaced
STU07530,5.66,0,2,1,86.2,4,Yes,No,66.9,67.1,NotPlaced
STU02999,7.8,1,1,1,67.7,2.9,No,No,69.9,64,NotPlaced
STU00827,8.92,1,4,0,79.5,4.3,No,Yes,74.7,61.3,Placed
STU03880,7.32,0,3,2,74.4,2.7,No,Yes,87,70.6,Placed
STU04257,6.75,1,2,1,73.1,4.5,No,No,80.7,66.5,Placed
STU00753,6.62,2,2,2,77.5,4.3,Yes,Yes,76.6,68.2,Placed
STU00861,7.68,1,1,1,62.8,4.4,Yes,Yes,71.1,76.5,NotPlaced
STU00609,5.9,1,1,3,71.5,3.6,Yes,No,70.8,68,NotPlaced
STU01366,7.36,0,2,0,48.4,2.2,Yes,No,62,69.2,NotPlaced
STU04581,7.69,2,2,3,61.7,3.2,Yes,No,50.1,82.4,Placed
STU07276,6.87,2,3,2,59,3.1,Yes,No,88.2,56.8,Placed
STU09594,8.52,1,1,3,71.8,2.4,Yes,Yes,87.2,59.1,Placed
STU03828,7.94,1,2,1,65.1,3.5,No,Yes,75.3,82.1,Placed
STU05724,6.96,3,0,1,92.9,2.8,Yes,No,69.9,72.4,Placed
STU06882,7.46,2,3,2,74.5,3.1,Yes,Yes,51.1,74.9,Placed
STU08104,5.81,0,2,0,67,4,No,No,80.8,78,NotPlaced
STU05102,7.95,2,0,1,81.2,5,Yes,Yes,81.3,65.7,Placed
STU05316,7.27,0,1,0,74.4,3.5,No,Yes,62.9,65.6,NotPlaced
STU00599,7.1,0,1,1,67.2,3.4,No,Yes,71,73.8,NotPlaced
STU08540,8.08,1,2,2,60,3.3,Yes,Yes,88.9,45.4,Placed
STU01256,6.41,0,3,2,69.3,3.4,No,Yes,69.6,75.1,Placed
STU04988,7.56,1,0,3,83.9,2.1,No,Yes,64.8,70.8,Placed
STU07188,9.41,2,0,2,59.6,3.7,Yes,Yes,66.8,82.7,Placed
STU07280,8.19,0,0,2,56.4,5,Yes,No,71.5,87,NotPlaced
STU08060,6.61,0,0,1,91,5,Yes,Yes,55.5,69.9,NotPlaced
STU06035,6.22,1,3,0,74,4.7,Yes,Yes,81.2,93.6,Placed
STU07884,7.45,1,4,1,69.3,3.3,Yes,No,68.8,63.7,Placed
STU05697,7.14,1,0,1,76.3,3.7,No,No,68,59.6,NotPlaced
STU08718,7.63,1,4,3,72.7,3.4,No,Yes,69.3,47.3,Placed
STU03496,9.24,1,2,2,81.3,3.1,No,No,61.8,76.9,Placed
STU00164,6.76,0,1,1,52.9,4.8,Yes,No,65,69.2,NotPlaced
STU03378,6.63,1,2,1,73.4,2,Yes,Yes,60.4,63.2,Placed
STU08466,7.16,1,4,1,75.7,2.9,Yes,Yes,56.2,74.9,Placed
STU09937,7.78,1,3,0,77.3,4.6,Yes,Yes,69.4,76.2,Placed
STU08227,7.11,0,2,2,65.9,3.7,Yes,No,78.4,71.2,NotPlaced
STU02006,7.69,2,2,0,86.4,3.6,Yes,Yes,58.8,59.4,Placed
STU03975,7.82,2,4,2,75.7,4.9,No,No,95.3,69.7,Placed
STU01782,7.43,3,1,2,69.8,3.5,No,No,55.7,81.2,Placed
STU01711,8.5,1,0,0,65.2,3.5,Yes,Yes,73.9,74.7,Placed
STU00536,7.54,2,1,3,47.1,2.4,Yes,No,76.2,76.6,NotPlaced
STU06655,7.01,1,1,1,70.2,3.9,Yes,No,62.3,64.7,NotPlaced
STU05396,8.22,3,1,0,62.5,3.2,Yes,No,65.2,67.7,Placed
STU07915,7.2,1,3,2,81.3,2.9,No,No,55.9,62.5,Placed
STU08382,7.78,0,2,3,76.2,2.8,Yes,No,67.4,76.3,Placed
STU08493,7.4,0,1,2,75,2.4,No,No,64.7,78.4,NotPlaced
STU03967,7.78,1,3,1,72.5,5,Yes,Yes,86.4,83.1,Placed
STU06861,6.76,2,3,0,87.7,2.5,Yes,Yes,70.5,78.4,Placed
STU05123,7.27,2,2,2,73.5,3.3,No,Yes,70.3,75.5,Placed
STU07639,8.79,1,1,1,63.2,3.6,No,Yes,67.3,77.6,NotPlaced
STU03270,8.08,0,2,1,74.9,4.1,Yes,Yes,45.8,55,NotPlaced
STU06667,6.37,1,2,2,73.1,4.1,Yes,No,64.2,69.5,NotPlaced
STU08490,6.85,1,0,1,80.1,3.7,No,No,81.5,81.2,NotPlaced
STU08667,6.62,1,3,3,91.3,3,No,Yes,72.9,87.8,Placed
STU04167,7.23,1,3,3,79.2,4.2,Yes,No,53.6,76.4,Placed
STU04862,6.76,1,1,0,75.9,3.1,Yes,No,77.2,86.9,NotPlaced
STU02375,8.51,0,2,1,71.5,2.1,Yes,No,93.5,70.7,NotPlaced
STU07249,5.77,1,3,3,62,3.9,No,Yes,63.8,77.6,Placed
STU04733,6.56,1,3,1,72.3,2.7,No,Yes,65.3,73.4,Placed
STU09002,8.47,1,4,2,66.2,3.6,Yes,No,80.6,76.8,Placed
STU05432,6.94,0,1,2,47.7,4.2,Yes,Yes,71.5,63.8,NotPlaced
STU08055,7.02,3,2,2,72.5,3.2,Yes,Yes,65.5,68.2,Placed
STU05233,6.55,0,2,3,51.8,4.3,Yes,No,48,78.6,NotPlaced
STU07929,7.78,1,2,1,67.2,2.6,No,No,88.7,59.9,NotPlaced
STU06159,7.58,1,2,1,76.1,3.2,Yes,Yes,68.1,69.7,Placed
STU00455,7.02,0,1,0,77.6,2.7,Yes,Yes,74.2,83.9,NotPlaced
STU00209,7.96,1,0,2,75.6,3.6,No,No,79.5,47.1,NotPlaced
STU03958,7.28,1,1,0,84.1,4.8,Yes,No,64.3,72.8,Placed
STU07314,5.75,1,1,0,78.8,3.6,Yes,Yes,82.3,78.3,NotPlaced
STU07387,7.22,1,0,1,87.2,4.5,Yes,Yes,94,72.3,Placed
STU06305,5.75,1,2,2,88.6,4.9,Yes,Yes,68.8,68.4,Placed
STU04917,8.46,1,1,0,61,3.5,Yes,Yes,69.6,73.2,NotPlaced
STU01810,8.31,3,3,0,62.5,5,No,No,76.8,55.8,Placed
STU00386,7.64,1,2,1,66.4,4.8,Yes,No,67.6,56,Placed
STU05708,7.77,3,1,1,74.5,2.5,Yes,No,87,47.3,Placed
STU07411,8.45,2,2,0,64.3,2.2,Yes,Yes,91.5,53.8,Placed
STU05362,7.6,1,3,2,66.1,2.7,Yes,No,55.1,68.6,Placed
STU08968,7.77,0,4,0,79,3.7,Yes,No,67.4,74.5,Placed
STU04316,8.41,2,2,1,78.9,3.2,Yes,No,68.7,67.2,Placed
STU04149,7.04,1,2,1,78.5,2.7,No,No,48.5,43.5,NotPlaced
STU05251,6.63,0,2,0,62.6,3.1,Yes,Yes,55.2,86.5,NotPlaced
STU07900,7.06,1,0,0,83.8,3.9,Yes,Yes,71.7,55.1,Placed
STU00824,7.17,0,3,3,71.8,4.2,No,No,100,91.2,Placed
STU06168,7.36,2,0,2,74,3,No,Yes,65.6,85.4,Placed
STU05006,6.35,0,2,1,77.2,2.8,No,Yes,73.2,51,NotPlaced
STU06640,7.46,0,2,1,75,4.2,No,Yes,78,66,NotPlaced
STU08400,7.47,1,3,2,58.3,4.7,No,No,80.9,89.8,NotPlaced
STU07045,8.22,1,3,2,65.4,2.5,Yes,No,76.6,63.8,NotPlaced
STU03816,5.89,1,1,1,72.7,3.4,No,Yes,57.4,60.7,NotPlaced
STU06755,5.75,2,1,2,63.8,2.6,Yes,No,86,74.9,Placed
STU06083,8.6,0,2,1,83.6,3.5,No,Yes,58.9,62.6,Placed
STU02241,7.6,0,2,1,80.4,2.8,Yes,No,52.1,87.8,Placed
STU02276,6.52,1,4,2,63.8,4.2,Yes,No,81.1,73.3,Placed
STU07719,7.23,2,1,1,60.6,3.5,No,Yes,78.4,61.1,NotPlaced
STU00967,6.89,1,4,1,81.3,2.7,No,No,76.5,61.5,Placed
STU06504,6.27,2,2,1,52.3,3.1,Yes,Yes,67.6,71.3,NotPlaced
STU08800,8.57,1,3,2,48.4,3.7,Yes,No,71.1,73.4,Placed
STU00740,8.41,2,3,3,71,3.3,No,Yes,60.4,62.7,Placed
STU03831,7.32,0,3,2,61,3.4,No,Yes,78.5,63.3,NotPlaced
STU03593,9.57,1,3,1,72.3,2.8,Yes,Yes,77.8,61.2,Placed
STU04039,7.48,2,1,1,66.2,3.6,Yes,Yes,91.4,56.7,Placed
STU01987,8.15,1,2,1,77,3.5,No,Yes,76.8,51.4,Placed
STU06847,7.58,1,2,2,73.8,3.7,Yes,Yes,85.5,64.7,Placed
STU08969,7.98,0,3,0,81.3,3.5,Yes,No,80.7,65.6,NotPlaced
STU07165,6.83,1,1,2,56.2,3.1,Yes,No,44,74.7,NotPlaced
STU05837,5.79,1,1,3,60.5,3.9,Yes,No,68.6,87.2,NotPlaced
STU05698,6.83,0,2,1,56.7,3.6,Yes,No,86.6,52.2,NotPlaced
STU07001,8.21,0,3,3,64.1,3.6,Yes,Yes,69.6,59.8,Placed
STU07880,7.86,0,3,3,76.3,4.3,No,No,70.3,67,NotPlaced
STU05840,6.97,1,1,3,67.6,4,Yes,Yes,70.1,57.2,Placed
STU06833,6.46,0,3,0,80,2.2,Yes,No,76.2,79.9,NotPlaced
STU01098,5.7,1,2,1,83.1,2.5,No,No,88.4,83.6,NotPlaced
STU03025,5.82,1,4,2,73.7,3.8,No,Yes,44.3,88.4,Placed
STU09286,5.23,2,3,1,75.9,4.7,No,No,56.9,52.8,NotPlaced
STU00230,8.11,2,1,3,64.3,4.4,No,Yes,69.9,75,Placed
STU02682,7.23,1,1,0,71.3,3.5,No,Yes,79.5,76.3,NotPlaced
STU08555,8.35,2,3,1,63.6,3.9,Yes,No,59.6,64.4,Placed
STU09621,7.83,2,2,2,80.8,2.7,No,Yes,72,62.9,Placed
STU01601,7.34,2,1,2,64.1,4.5,Yes,No,77.6,54.4,Placed
STU09006,6.46,1,0,2,70.7,3.9,Yes,Yes,82.7,84.2,Placed
STU07756,7.61,1,2,1,70.9,2.2,Yes,No,78.1,69.2,NotPlaced
STU01203,7.61,2,1,1,66.8,3.4,No,No,52.6,60.4,Placed
STU02573,7.23,3,2,2,82.6,3.1,Yes,Yes,81.3,81.5,Placed
STU00173,7.43,2,4,0,71.9,1.7,Yes,No,59.8,94.1,Placed
STU08421,7.76,1,2,1,63.9,1.5,Yes,No,85.6,48.5,NotPlaced
STU04454,7.77,1,1,2,63.7,4.5,No,No,77.7,72,NotPlaced
STU01391,7.91,1,2,2,62.3,3.2,Yes,No,78.7,84.5,NotPlaced
STU03302,6.66,1,3,3,75.9,3.1,No,Yes,78.3,58.3,Placed
STU01665,8.67,0,3,1,56.9,3.8,No,Yes,69.8,70.5,Placed
STU07623,6.78,2,1,2,65,2.4,Yes,Yes,53.2,42,Placed
STU04776,8.2,0,2,2,92,3.4,No,Yes,68.3,80.1,Placed
STU08650,6.49,0,2,2,65.8,2.7,Yes,Yes,77,67.1,NotPlaced
STU07596,6.91,2,2,1,82.1,3.2,Yes,Yes,75.9,86.4,Placed
STU07728,6.05,1,3,2,88.4,4.1,No,Yes,99.5,60.8,Placed
STU00992,5.66,0,2,3,78.3,2.4,Yes,No,73.7,57.2,NotPlaced
STU00085,6.77,0,3,2,84.7,2,No,Yes,81.3,76.1,Placed
STU05100,7.56,2,1,0,80.8,3.8,Yes,Yes,73.3,64,Placed
STU03096,8.65,0,2,2,88.8,3.4,Yes,Yes,82.6,76,Placed
STU00334,6.89,0,1,1,62.1,2.9,Yes,Yes,69,62.6,NotPlaced
STU01986,7.96,1,2,0,76.3,4.5,No,Yes,67.9,97.2,Placed
STU08713,6.45,0,3,0,77.6,4.6,No,No,81.6,74.3,NotPlaced
STU03472,7.43,0,0,0,61.2,3.8,Yes,Yes,58.8,79,NotPlaced
STU03514,5.93,2,2,1,68.4,3.5,Yes,Yes,81.9,91.7,Placed
STU07395,7.54,1,2,0,52.3,2.9,No,No,67.5,52.1,NotPlaced
STU05403,7.98,2,1,1,66.8,3.7,No,Yes,54,49.6,Placed
STU04397,6.69,2,1,2,67.4,3.1,No,Yes,76.7,84.7,Placed
STU03546,7.78,1,0,2,68,1.2,Yes,Yes,79.1,87.7,NotPlaced
STU05823,6.5,2,3,1,73.9,4.1,No,No,87.8,63.1,Placed
STU03812,7.88,1,2,1,95.8,2.6,Yes,Yes,80.7,66.5,Placed
STU06488,6.23,0,2,2,73,3,No,No,75.6,63.9,NotPlaced
STU06140,8.36,0,3,2,75.2,4,Yes,No,63.7,69.9,Placed
STU06342,7.4,0,0,1,55.2,2.6,Yes,No,55.4,52.5,NotPlaced
STU03920,7.45,0,3,0,79.5,3.8,Yes,No,92.6,88.7,Placed
STU00057,6.74,1,2,1,90.2,3.4,Yes,No,61,85,Placed
STU06732,6.7,1,2,1,92.7,3.4,Yes,No,69.3,75.9,Placed
STU00076,8.24,0,2,1,82.1,2.7,Yes,Yes,62.5,58.3,NotPlaced
STU04535,8.17,1,2,2,77,3.9,No,Yes,100,67.5,Placed
STU01985,8.36,1,1,0,65.6,4.4,No,Yes,62.2,67.8,Placed
STU06521,7.19,0,2,3,77.2,5,Yes,Yes,74.3,61.5,Placed
STU02515,7.39,2,3,1,80.8,4.8,Yes,Yes,69.7,81.3,Placed
STU03326,7.93,1,3,1,62.7,3,No,Yes,81.6,73.4,Placed
STU08976,6.68,1,3,2,69.2,3.6,Yes,No,64,40,Placed
STU05910,6.69,1,3,2,70.3,3.4,No,No,64.5,73.4,NotPlaced
STU09713,6.34,1,2,1,55.7,3.8,Yes,No,69.9,57.8,NotPlaced
STU01906,7.9,2,2,2,72.9,3.1,No,No,72.1,82.5,Placed
STU06597,7.05,2,0,2,67.9,2.5,Yes,Yes,67.7,68,Placed
STU07010,8.8,1,2,2,85.1,3.1,No,Yes,80.9,84.2,Placed
STU01960,7.7,0,1,1,86,3.5,No,No,66.3,64.9,NotPlaced
STU05238,8.58,2,1,1,75.2,2.6,No,No,54.6,61.1,NotPlaced
STU02791,8.04,1,1,1,82.5,3.5,No,Yes,86.5,59.3,Placed
STU07667,6.57,2,2,1,58.4,2.9,Yes,Yes,99.8,62.9,Placed
STU00966,8.8,1,2,2,45.5,3.9,No,Yes,64.2,70.6,Placed
STU00488,6.53,0,3,1,45.1,4,Yes,No,76.9,66.6,NotPlaced
STU06255,7.15,1,2,1,85.2,4.5,No,Yes,52.8,70.7,Placed
STU09072,7.03,0,3,2,58.1,4.3,Yes,Yes,75.6,61.6,Placed
STU05147,7.39,1,2,2,84.8,3.1,No,No,79.1,53.3,Placed
STU02718,8.3,1,2,1,53.6,2.9,Yes,No,61.8,74.8,NotPlaced
STU03735,8.21,1,2,0,59.1,3,Yes,No,56.1,78,NotPlaced
STU07084,6.91,0,0,1,53.4,4.4,Yes,No,69.5,55.4,NotPlaced
STU05088,7.95,1,0,0,72,3.4,No,Yes,74.8,91.4,NotPlaced
STU09471,7.87,1,4,3,92.2,2.9,No,Yes,61,51.3,Placed
STU07487,8.61,0,3,3,60,3.2,Yes,Yes,66.5,56.3,Placed
STU08613,7.7,0,1,3,74.2,3.3,No,No,72.9,75.5,NotPlaced
STU06425,7,0,2,2,63.6,3.8,No,No,71.5,85.1,NotPlaced
STU01431,7.78,1,1,2,52,3.4,Yes,Yes,65.2,60.8,NotPlaced
STU01064,5.93,1,1,0,87.7,3,Yes,No,74,54.9,NotPlaced
STU06265,6.96,1,2,0,60.1,3.5,Yes,No,72.2,72.7,NotPlaced
STU08215,7.04,2,2,1,71.4,2.4,No,No,61.6,65.6,Placed
STU07076,8.63,1,2,3,84.9,3.7,Yes,Yes,74.7,66.1,Placed
STU03931,8.1,1,3,2,66.7,3.2,Yes,No,71.5,69.8,Placed
STU00555,7.8,2,0,1,49,2.8,Yes,Yes,70.2,78.7,NotPlaced
STU06681,7.22,1,2,2,58.6,2.4,Yes,No,87.6,43.3,Placed
STU06605,7.45,0,0,2,68.4,2.7,Yes,Yes,91.6,75.4,NotPlaced
STU09152,7.71,2,1,2,72.9,3.3,No,Yes,97,76.9,Placed
STU04998,10,0,2,1,76.3,4,Yes,Yes,62.7,74.5,Placed
STU05813,7.7,1,0,0,77.1,4.9,Yes,No,40,73.3,NotPlaced
STU03100,8.02,1,3,1,68.1,3.7,Yes,Yes,67.8,51.6,Placed
STU05117,9.01,0,2,1,70.9,1.9,Yes,Yes,52,72.5,NotPlaced
STU06780,7.35,1,3,0,69.9,4,No,Yes,52,66.1,Placed
STU09624,8.3,2,2,0,51,3.6,Yes,Yes,47.9,63.1,Placed
STU00067,7.44,0,2,2,72.1,3.9,Yes,No,71.9,73.6,Placed
STU09220,7.13,1,1,2,62.3,2.8,No,Yes,54.3,62.8,NotPlaced
STU09230,7.52,0,1,1,84.1,4.3,No,No,71.2,85.3,NotPlaced
STU08407,9.35,0,2,1,74.9,2.3,No,No,92.8,58.9,NotPlaced
STU02349,8.12,1,3,1,65.8,4.4,Yes,No,86.4,77.5,Placed
STU08590,7.31,0,1,2,67.7,2.8,No,Yes,81.8,70.2,NotPlaced
STU07159,6.73,0,2,1,80.7,4.8,No,Yes,83.3,76.2,NotPlaced
STU07166,7.4,3,1,1,62.7,4.3,Yes,No,73.7,63.3,Placed
STU05101,8.43,1,0,2,73.9,4.5,No,Yes,87.5,65.8,NotPlaced
STU00694,8.05,1,0,3,86.4,3.9,Yes,Yes,73.6,71.1,Placed
STU08306,8.22,2,1,2,76.7,3.7,Yes,Yes,86.1,69.2,Placed
STU02138,8.89,1,3,3,73.7,3.5,Yes,Yes,40.4,69.5,Placed
STU06829,7.34,2,1,1,72.6,4.6,No,No,70.6,77.1,Placed
STU08404,7.35,0,2,1,72.3,4.1,Yes,Yes,88.2,48.2,NotPlaced
STU03986,5.63,2,3,3,75.8,4.3,No,Yes,57.9,72.5,Placed
STU09099,7.6,3,2,1,74.3,3.3,No,Yes,70.4,53.1,Placed
STU04313,7.95,2,0,1,64.8,4,Yes,Yes,60.8,77.4,Placed
STU05175,7.99,3,1,2,74.2,5,Yes,No,72.8,42.7,Placed
STU06367,7.28,1,2,1,66.1,4.2,Yes,No,45.9,78.1,Placed
STU01233,7.42,0,2,0,66.7,4,Yes,No,93.3,60.5,NotPlaced
STU09153,8.4,0,1,1,80.1,2.3,Yes,Yes,71.4,53.8,NotPlaced
STU09728,6.26,1,0,2,61.8,4.3,No,Yes,85.3,79.2,NotPlaced
STU07665,8.3,2,1,3,74.1,5,No,Yes,55.6,94.3,Placed
STU08319,6.76,2,1,1,58.7,2.9,Yes,Yes,73.8,66,Placed
STU05604,8.37,1,1,3,78.2,5,No,No,77.5,81.2,Placed
STU02199,6.92,1,2,1,71,3,Yes,Yes,75.9,67.4,Placed
STU02334,7.18,1,0,0,82.5,3.9,Yes,Yes,65.7,56.6,NotPlaced
STU08815,7.78,0,2,0,63.9,3.8,No,No,77.8,40,NotPlaced
STU02627,8.76,1,1,3,58.7,2.7,Yes,Yes,85.7,64.6,Placed
STU07050,6.46,2,1,0,74.6,3.7,Yes,Yes,85.5,56,Placed
STU01293,7.49,0,2,0,77.7,3.3,No,Yes,68.7,56,Placed
STU04446,6.81,2,2,3,72.4,3.6,No,No,61.5,59.2,Placed
STU03790,8.67,2,1,1,72.9,5,Yes,Yes,60.5,53.1,Placed
STU09252,9.01,1,4,0,79.3,2.6,Yes,Yes,81.6,78.7,Placed
STU08872,7.57,2,2,2,72.3,4.3,Yes,Yes,87.1,59.5,Placed
STU01610,7.27,1,1,1,69.7,3.8,No,No,71.9,90.4,NotPlaced
STU06334,7.24,0,0,0,72.4,3.4,Yes,Yes,68.9,75.4,NotPlaced
STU05237,6.24,1,1,0,92,3.7,No,No,98.4,75.7,NotPlaced
STU09637,7.43,1,2,1,83.6,3.6,Yes,No,90.2,75,Placed
STU05267,8.48,2,1,2,82.9,4.4,Yes,No,64.4,89.1,Placed
STU03203,7.7,1,1,3,57.7,3.8,Yes,Yes,98,63,Placed
STU01697,6.6,0,2,2,68.4,2.8,No,Yes,69.8,91.1,NotPlaced
STU05636,8.14,2,1,1,81.5,3.8,No,No,95.8,57.3,Placed
STU02693,7.46,2,2,1,68.3,4,Yes,No,70.9,57.9,Placed
STU03805,6.7,0,1,2,67.8,4.2,Yes,No,80.6,64.2,NotPlaced
STU09082,8.95,0,4,1,79.1,2,No,Yes,75.3,80.4,Placed
STU06578,6.59,3,3,1,66.8,4.4,No,No,48.2,73.8,Placed
STU01065,7.17,3,1,1,68.5,2.7,Yes,Yes,80.5,72.3,Placed
STU02039,7.48,1,2,1,63.5,3,Yes,Yes,70.6,89.2,Placed
STU09401,8.14,2,1,1,62.1,3.1,No,Yes,80.2,56.8,Placed
STU06434,6.29,0,3,2,66,4.7,Yes,No,66,75.7,Placed
STU03988,7.01,1,1,1,72.5,3.4,Yes,No,68.4,73,NotPlaced
STU02877,6.66,1,1,1,78.3,4.7,Yes,Yes,77.6,59.8,Placed
STU07580,6.21,0,1,2,76.3,3.6,No,No,75.7,70.8,NotPlaced
STU00869,8.09,1,1,0,97.2,4.3,No,Yes,81.3,77.5,Placed
STU07352,7.61,0,1,2,59.1,3.1,Yes,Yes,69,44.5,NotPlaced
STU07097,9.94,1,3,2,83.7,2.8,No,Yes,88.2,66.8,Placed
STU06757,7.81,1,2,1,68.6,3.7,No,No,73,53,NotPlaced
STU06830,7.11,2,1,2,62.4,3.2,Yes,Yes,67.3,60.2,Placed
STU02329,8.13,0,2,1,55.4,2.9,Yes,No,60.9,68.9,NotPlaced
STU01085,7.84,0,3,1,98.1,4,No,Yes,79,68.1,Placed
STU03335,8.76,1,2,0,67.2,3,Yes,No,43,71.7,Placed
STU01855,8.4,2,3,2,74.7,3.9,Yes,Yes,68.1,59.5,Placed
STU03452,6.37,0,1,3,73.9,3,Yes,Yes,61.5,74.1,Placed
STU02332,7.44,0,4,3,57.7,3.4,No,Yes,59.2,82.3,Placed
STU00901,7.83,3,2,2,53.2,3.5,Yes,Yes,61,74.7,Placed
STU00523,6.9,2,2,0,62.7,4.3,No,Yes,74,51.2,Placed
STU04372,7.01,1,4,3,83,3.4,No,Yes,66.5,82.5,Placed
STU08529,8.41,2,3,1,91.6,3.9,Yes,Yes,64.6,49.5,Placed
STU07174,8.04,1,2,2,73.3,3.5,No,Yes,54.7,79.5,Placed
STU09478,8.93,1,1,1,86.4,3.8,No,No,71.7,62.4,Placed
STU08838,6.29,0,3,1,87.8,2.7,No,Yes,64.5,59.4,NotPlaced
STU03813,6.73,1,4,3,68.4,3.7,No,Yes,67,63.6,Placed
STU03154,7.16,2,2,1,68.7,3.2,Yes,No,84.7,68.5,Placed
STU03562,6.82,2,0,0,90.8,4.3,Yes,No,62.2,73.6,Placed
STU05563,6.94,0,1,0,88.9,3.3,No,No,84.6,64.4,NotPlaced
STU03312,7.9,0,3,2,59.1,3.9,Yes,No,77.2,70.4,NotPlaced
STU06756,5.35,0,2,1,63.7,4.8,No,No,91.4,65,NotPlaced
STU05569,7.75,0,4,0,78.9,2.4,Yes,Yes,64.7,70.9,Placed
STU04997,8.14,1,1,3,74.7,3.7,Yes,No,52.5,65,Placed
STU01870,7.13,0,2,2,71.7,4.5,No,Yes,89.4,73.6,Placed
STU07663,6.89,0,1,0,94,3.3,Yes,Yes,69.4,44.7,NotPlaced
STU09155,7.23,1,1,0,77.9,3,No,Yes,76.3,73.7,NotPlaced
STU08592,6.03,3,0,1,60.8,3.3,No,No,79.6,72.3,NotPlaced
STU07356,8.28,1,2,1,77.6,2.8,Yes,Yes,81,92.5,Placed
STU08599,6.54,0,2,0,72.5,3.7,No,No,66.5,73.3,NotPlaced
STU07349,6.69,1,0,1,82.5,2.8,No,Yes,61.9,67.8,NotPlaced
STU06954,6.9,1,3,1,86.4,3.9,No,Yes,77.4,61.9,Placed
STU05745,5.91,2,4,1,74.8,2.6,No,Yes,55.6,72.2,Placed
STU09356,7.93,2,3,2,80.5,5,No,Yes,71.6,82.7,Placed
STU00053,6.89,1,2,1,71.3,1.9,No,Yes,69.2,62.8,Placed
STU07416,5.91,2,2,2,67.9,2.6,No,Yes,61.4,63.6,Placed
STU08406,5.37,0,2,1,77.4,3.5,No,No,90.4,80.7,NotPlaced
STU07048,7.42,0,3,1,71.1,4.1,Yes,Yes,76,72.4,Placed
STU06686,7.63,1,2,2,55.7,5,Yes,No,62.8,82.4,Placed
STU08528,7.69,0,3,1,71.1,4.4,Yes,No,48.3,64,Placed
STU09993,8.1,3,2,1,87.6,5,No,Yes,80,47.1,Placed
STU02419,7.85,2,3,3,91.3,2.8,Yes,Yes,88.3,83.4,Placed
STU07377,7.92,0,1,0,80.5,5,Yes,No,79,45,NotPlaced
STU05180,7.51,1,1,1,71.6,3.3,No,No,89.3,85.2,NotPlaced
STU04872,8.72,1,2,2,58.2,5,No,Yes,71.1,62.8,Placed
STU09372,7.46,1,1,0,63.1,1.1,Yes,No,67.1,43.4,NotPlaced
STU05011,8.94,1,1,1,66,3.4,No,Yes,68.3,64.9,Placed
STU02758,6.82,1,1,2,82,3.7,Yes,No,58.4,70.5,NotPlaced
STU08757,7.05,0,2,0,68.7,2.8,Yes,No,100,85.4,NotPlaced
STU02868,6.7,2,2,1,79.2,1.4,Yes,No,78.1,61.6,Placed
STU00565,8.58,2,2,1,69.2,3,No,Yes,86.5,72,Placed
STU06587,8.79,0,3,1,81.5,3.5,Yes,Yes,78.1,56.1,Placed
STU04295,8.59,1,1,1,61.3,2.3,Yes,No,83.7,74.5,NotPlaced
STU01401,6.56,2,3,0,63.9,2.9,No,No,62.6,60,NotPlaced
STU02930,8.39,2,3,2,60.4,3.5,No,Yes,59.5,75.9,Placed
STU06294,7.89,0,2,1,82.3,4.4,No,No,69.7,80.5,NotPlaced
STU07312,6.82,1,2,0,65.5,3.4,No,Yes,77,77.9,Placed
STU03886,7.98,3,0,1,73.3,4.2,Yes,Yes,71.7,70.6,Placed
STU00833,6.6,0,3,2,82.5,2.8,Yes,Yes,86.5,68.6,Placed
STU02955,6.65,2,2,1,51.8,5,Yes,No,80.3,64.1,Placed
STU02132,7.52,1,3,0,54.3,3.5,No,Yes,87.3,64.9,Placed
STU01230,9.49,0,2,2,71.3,3.5,Yes,Yes,86.6,81.7,Placed
STU01242,7.32,0,2,2,87.8,3.5,Yes,No,76.9,67.2,NotPlaced
STU01139,8.04,1,2,1,63.3,3.6,Yes,No,65.1,56.6,Placed
STU01494,7.67,0,4,2,74.4,2.3,No,Yes,71.2,71.7,Placed
STU08345,5.71,2,0,1,77,4.2,Yes,Yes,74.7,65.8,Placed
STU04927,7.1,2,2,2,75.4,3.8,Yes,No,92.2,76,Placed
STU07351,6.68,1,2,0,63.2,3.2,Yes,Yes,79.9,71,Placed
STU03559,7.4,0,3,2,71.6,4.6,Yes,No,72.8,63.4,Placed
STU03305,8.49,2,1,1,52,3.3,No,Yes,61.2,57,NotPlaced
STU00842,8.11,1,1,0,88,3.7,Yes,Yes,86.1,69.1,Placed
STU04159,6.92,1,1,3,81.9,2.5,Yes,Yes,72.1,57.3,Placed
STU01260,7.45,0,1,2,52.1,2.8,Yes,Yes,87,69.3,NotPlaced
STU02167,6.77,1,2,0,85.4,3.8,No,No,77.6,70,NotPlaced
STU02120,7.33,1,3,1,70.2,4.4,No,Yes,64.2,57.3,Placed
STU03262,7.54,1,4,1,62.3,2.5,No,No,59,74.6,NotPlaced
STU03630,6.93,2,0,2,80.5,2.8,No,No,51.8,52.4,Placed
STU00645,7.28,0,0,2,70,4.5,Yes,Yes,74.1,83.8,NotPlaced
STU07843,8.09,0,1,2,85.7,3.7,Yes,Yes,78.4,85.4,Placed
STU06486,9.75,0,2,2,58,2.7,No,Yes,76,74.2,Placed
STU01664,6.95,0,1,0,64.4,3.5,Yes,Yes,71.6,48.9,NotPlaced
STU05007,8.44,1,3,2,77.2,3.6,Yes,No,71,50.8,Placed
STU08538,9.03,0,3,1,80.5,3.9,Yes,Yes,46.3,58.8,Placed
STU09892,8.32,1,2,1,89.7,3.6,Yes,No,84.6,40,Placed
STU04832,6.43,2,3,2,57.2,2.5,Yes,Yes,56.3,69.9,Placed
STU07343,8.27,1,2,3,64,3.2,Yes,No,80.4,79.1,Placed
STU08105,6.46,1,1,3,55.9,3.1,No,Yes,73.4,62.7,NotPlaced
STU02278,6.47,3,4,1,59.1,2.7,Yes,Yes,81.4,64.7,Placed
STU00731,7.68,0,2,0,76.9,4,No,Yes,60.6,92.9,NotPlaced
STU04479,6.24,1,4,1,70.9,3.3,No,Yes,40,72.9,Placed
STU09290,8.3,1,3,2,56.6,1.6,Yes,No,77.1,88,Placed
STU04151,7.45,1,1,0,67.4,2.1,Yes,Yes,65.6,53.8,NotPlaced
STU06527,7.19,1,1,1,72.3,4.1,No,No,65.3,73.2,NotPlaced
STU01091,7.44,0,1,1,91.3,4.2,No,No,57.9,71.5,NotPlaced
STU04417,7.74,1,0,2,68.2,4.4,Yes,Yes,82.6,58.1,Placed
STU05228,7.87,1,1,0,63.5,3.2,Yes,Yes,71.6,78.9,Placed
STU07982,7.05,1,0,2,66.5,2.7,No,No,54.8,59.5,NotPlaced
STU00877,7.03,0,3,1,64.7,3.2,Yes,Yes,55.8,66.8,NotPlaced
STU03606,6.79,1,1,1,74.7,3.7,No,No,77.5,87.2,NotPlaced
STU08959,8.36,2,1,1,87.2,4.7,Yes,Yes,72.2,60.7,Placed
STU04116,7.16,1,0,0,63.9,3.5,Yes,No,69.3,84.9,NotPlaced
STU00700,7.33,2,0,2,71.1,4.2,No,Yes,52,90.7,Placed
STU02512,7.99,0,2,2,58.2,3.9,Yes,Yes,54.4,58.3,NotPlaced
STU05781,6.39,0,2,0,100,3.8,Yes,Yes,87.3,58,NotPlaced
STU09385,6.85,1,2,2,73.9,3.2,Yes,No,86.4,76.6,NotPlaced
STU04723,7.52,2,2,1,63.4,4,Yes,No,62.4,69,Placed
STU00453,6.61,1,3,3,79.9,4.5,Yes,Yes,55.5,79.8,Placed
STU04336,6.92,1,1,2,58.5,3.8,Yes,Yes,84.4,66.3,Placed
STU08683,5.98,0,2,3,88,3.7,No,Yes,74.7,53.4,NotPlaced
STU09805,8.24,2,2,3,66.2,3.8,No,Yes,62.5,55.4,Placed
STU09264,6.81,2,2,1,62.6,4,Yes,Yes,53.8,71.4,Placed
STU06654,7.8,3,3,2,72.4,3.7,No,No,55.8,70.7,Placed
STU06418,8.83,1,1,1,75.5,3.3,Yes,No,76.3,78.3,Placed
STU03231,7.12,0,0,1,75.1,3.9,Yes,No,89,63.8,NotPlaced
STU02537,8.38,1,2,0,92.8,3.6,No,Yes,87.3,67.4,Placed
STU02635,9.03,0,3,1,88.5,3.3,Yes,Yes,63.6,87.7,Placed
STU02740,8.27,0,3,3,78.1,4.1,Yes,Yes,68.7,63,Placed
STU05539,6.39,1,1,3,60.8,4.5,Yes,Yes,82.3,76.2,Placed
STU02073,7.58,2,1,1,86.7,3.6,Yes,Yes,77.4,77,Placed
STU02781,8.29,1,0,1,80.7,1.4,Yes,No,67.2,72.4,NotPlaced
STU00426,8.73,0,3,1,76.3,4.4,Yes,No,71,75.4,Placed
STU00223,8.12,1,3,1,72.3,3.4,No,Yes,63.2,62.3,Placed
STU04873,6.38,1,2,2,78.1,3,No,Yes,97.8,77.6,Placed
STU02857,6.85,1,3,1,78,4.1,Yes,Yes,69.3,62.1,Placed
STU01341,7.64,1,1,2,88.4,2.2,No,Yes,68.5,51,Placed
STU06644,6.9,1,2,1,84.7,3.5,No,No,85.4,90.9,Placed
STU01338,7.23,2,2,2,63.3,3,No,No,63.5,92.7,Placed
STU04866,5.98,2,1,2,87.3,4,No,Yes,84.7,63.7,Placed
STU06879,7.23,1,1,2,77.5,3.5,Yes,Yes,64.2,47.7,Placed
STU09748,6.46,0,1,1,61.7,2.6,Yes,No,78.8,73.1,NotPlaced
STU09411,7.47,2,0,2,66.7,3,Yes,Yes,77.5,66.2,Placed
STU07211,9.63,1,1,2,78.4,2.6,Yes,Yes,73.1,58.9,Placed
STU04725,7.43,2,3,0,68.7,2.6,Yes,No,89.2,66.5,Placed
STU01604,6.78,1,0,1,76,3.5,Yes,Yes,90.1,56,NotPlaced
STU04709,8.36,1,0,1,61.9,2.5,Yes,No,63.4,61,NotPlaced
STU08797,7.04,0,3,1,71,4.4,Yes,Yes,83.5,76,Placed
STU00790,6.01,0,3,2,63.7,3.4,Yes,Yes,90.4,65.5,NotPlaced
STU09450,8.17,1,2,0,76.5,3.9,No,Yes,76.2,77.8,Placed
STU05535,7.36,3,0,1,71.2,3.2,No,Yes,59,52.3,Placed
STU05767,8.06,1,2,2,68.6,3.7,No,No,76.6,83,Placed
STU00346,7.71,0,3,2,54.3,2.8,No,No,67.3,89.8,NotPlaced
STU00212,8.52,0,4,1,74.5,3.5,Yes,Yes,60.7,73.2,Placed
STU00981,8.21,1,2,2,60.5,2.7,Yes,Yes,64,67.3,Placed
STU03266,9.25,0,2,1,67,2.6,Yes,No,68.8,73.1,NotPlaced
STU05399,5.8,0,0,0,65.1,2.9,No,Yes,58.6,56.9,NotPlaced
STU00026,7.6,2,3,2,65.6,2.8,No,Yes,80,56.8,Placed
STU05165,8.22,0,2,1,61,2.3,No,No,76.2,64.9,NotPlaced
STU04254,6.52,0,1,2,66.2,3.6,Yes,No,83.7,72.8,NotPlaced
STU02377,7.18,1,0,0,74.1,3,No,Yes,67.6,56.8,NotPlaced
STU09775,7.23,0,1,1,69.7,4.3,Yes,Yes,49.5,87.9,NotPlaced
STU01220,9.43,0,1,1,63.9,2.7,Yes,Yes,63,81.2,NotPlaced
STU05425,7.34,0,3,1,65.5,3.1,No,No,71,62.3,NotPlaced
STU04874,7.71,2,2,1,69.8,4.6,Yes,Yes,88.4,51.7,Placed
STU00627,6.61,1,3,3,75.8,2.5,Yes,No,72.5,69.7,Placed
STU03373,8.81,0,1,3,86.8,2.5,Yes,No,85,67.9,NotPlaced
STU04823,6.74,2,2,2,51.5,2.9,No,Yes,68.2,72.1,Placed
STU06246,7.95,1,3,2,78.7,2.4,Yes,No,78.3,86.6,Placed
STU09498,8.15,2,2,3,72.4,3.1,Yes,No,75.4,61,Placed
STU02005,5.8,0,2,1,76.3,3.8,Yes,No,80.1,59.7,NotPlaced
STU09501,7.26,0,1,2,81.8,4,No,Yes,63.5,80.7,Placed
STU00374,8.36,1,1,0,84.7,3.7,Yes,No,62.6,78.4,NotPlaced
STU06258,6.29,1,3,2,71.7,3.3,No,Yes,65.3,60.9,Placed
STU05258,6.84,2,1,2,70.9,3.1,No,Yes,75.5,73.8,Placed
STU09039,8.2,2,0,2,75.1,3.1,No,No,77.6,68.8,Placed
STU00529,7.73,3,1,0,77.8,3.8,Yes,No,78.6,86.3,Placed
STU05966,7.61,1,1,2,72.2,3.7,Yes,Yes,51.7,96.8,Placed
STU04877,6.29,1,0,0,52.5,4,Yes,Yes,67.6,71.5,NotPlaced
STU04453,8.53,0,2,2,72.8,2.7,Yes,No,67.4,52.4,NotPlaced
STU04858,8.35,1,4,2,64.2,2.8,Yes,No,68.3,68.1,Placed
STU05441,6.96,1,1,0,75.7,5,Yes,No,86.2,60.9,NotPlaced
STU08656,6.44,3,1,1,66.7,2.8,Yes,Yes,74,56.3,Placed
STU07962,8.97,2,2,2,76.2,2.7,No,Yes,75.6,71.4,Placed
STU00668,8.85,1,4,0,56.2,4.4,No,No,66.3,68.4,Placed
STU01006,7.85,0,4,0,83,3.7,Yes,Yes,82.1,44,Placed
STU01510,8.83,1,3,1,82.7,4.9,No,Yes,86.9,81.5,Placed
STU02907,7.13,0,0,0,81.4,3.1,No,No,88.7,49.1,NotPlaced
STU07597,6.08,0,1,1,70.2,3.8,Yes,Yes,63.7,68,NotPlaced
STU01248,6.81,1,1,2,76.1,2.5,No,Yes,77.5,68.6,NotPlaced
STU06274,6.53,0,1,1,77,3,No,Yes,63.9,61.4,NotPlaced
STU06962,7.71,1,3,0,66.2,3.2,No,No,71.1,68.7,Placed
STU09035,7.47,2,1,2,95.4,3.1,Yes,No,62.6,58.6,Placed
STU02188,7.26,2,1,1,85.7,3.2,Yes,No,49.9,73.6,Placed
STU00454,7.95,0,1,3,67.5,2.5,Yes,Yes,78.3,66,NotPlaced
STU06321,8.61,1,0,3,71.5,3.9,No,No,65.5,58.7,Placed
STU06366,9.11,1,2,3,74.1,2.9,No,Yes,74.9,62,Placed
STU03494,7.02,1,1,2,60.3,2.9,No,Yes,58.2,53.6,NotPlaced
STU05213,7.34,0,1,1,95.2,3.6,No,Yes,42.8,73.9,NotPlaced
STU09811,6.99,1,2,0,77.7,3.7,No,Yes,87.4,65.5,Placed
STU02911,7.02,2,2,1,67.5,2.8,Yes,Yes,91.1,49.7,Placed
STU00050,5.91,1,1,2,77.5,3.6,No,No,57.3,66.9,NotPlaced
STU01865,8.67,0,2,0,65.3,4.4,No,Yes,59.9,84.6,NotPlaced
STU04612,5.68,0,0,1,86.9,1.8,Yes,Yes,85.9,55.8,NotPlaced
STU00943,8.09,1,0,2,75.9,4.1,Yes,No,78.8,75.1,NotPlaced
STU02354,6.27,2,1,2,80.9,4.8,Yes,No,40,71.2,Placed
STU07479,9.23,2,3,2,87.3,3.2,Yes,Yes,85.2,74.2,Placed
STU01658,8.69,2,3,1,82.4,3.2,No,No,50.5,73.8,Placed
STU05457,6.93,1,2,1,71.6,3.8,No,No,62.9,76.5,NotPlaced
STU06470,6.9,0,1,1,70.6,1.9,No,No,68.2,72.1,NotPlaced
STU01901,8.13,2,4,3,73,2.9,Yes,Yes,73.5,60.7,Placed
STU02759,6.48,1,0,1,90.2,2.8,Yes,Yes,67.7,69.5,NotPlaced
STU07136,7.96,1,1,1,66.9,3,No,Yes,61.9,80.5,Placed
STU03360,6.62,1,2,1,80.9,4,No,No,62.7,75.9,NotPlaced
STU07731,8.89,2,2,1,58.8,4,Yes,Yes,53.2,71.1,Placed
STU04648,7.47,1,1,0,75.9,2.4,No,Yes,59.9,67.8,NotPlaced
STU07449,8.61,1,1,3,81.6,3.7,No,No,77.4,61.6,Placed
STU04369,6.89,0,2,2,70.1,3,Yes,No,84.2,89.8,NotPlaced
STU09527,6.43,0,2,1,71.8,3.3,Yes,Yes,73.9,76.1,NotPlaced
STU00878,7.7,1,2,1,65.8,3.7,No,Yes,81.2,96.2,Placed
STU06479,7.28,0,1,1,71.3,4,No,No,73.1,62.3,NotPlaced
STU08283,8.23,3,2,2,51.8,3.5,No,Yes,49.3,87.6,Placed
STU09752,7.63,1,2,1,69.6,3.7,No,Yes,67.6,74.3,NotPlaced
STU03021,8.58,0,0,1,67.9,3.2,Yes,No,61.5,90.9,NotPlaced
STU01592,5,0,1,2,72.5,3.1,No,Yes,88.1,73.2,NotPlaced
STU06731,9.01,1,2,2,66.1,4,No,No,78.4,62.9,Placed
STU00428,8.12,3,0,3,66.6,4.3,Yes,Yes,77.6,59.9,Placed
STU08834,8.35,0,4,0,67.7,3.1,Yes,No,93.4,63.5,Placed
STU04332,6.46,0,1,0,49.7,4.2,Yes,No,61.2,77.1,NotPlaced
STU06683,8.14,0,2,2,50.1,4.8,Yes,Yes,45.4,61,Placed
STU06038,5.97,1,2,1,78.8,2.9,No,No,79.2,67.7,NotPlaced
STU08929,6.6,2,0,2,75.5,3.4,No,Yes,57.2,40,NotPlaced
STU02129,8.14,0,3,1,63,3,No,No,62.7,75.5,NotPlaced
STU05051,8.16,0,1,0,66.7,5,No,Yes,76.5,74.9,NotPlaced
STU06739,10,0,1,1,81.9,3.9,Yes,No,48.9,83.8,NotPlaced
STU02050,7.64,2,3,2,63.9,3.9,No,Yes,76.4,100,Placed
STU09408,7.12,1,2,1,76.4,4.1,Yes,No,45.6,61.3,Placed
STU06715,5.73,2,3,2,64.9,3.6,No,No,71.7,64.1,Placed
STU02098,6.54,1,3,1,77.1,2.7,No,No,61.6,46.9,NotPlaced
STU03667,8.16,1,2,1,71.5,3.4,Yes,Yes,68.6,63.2,Placed
STU00388,9.19,1,1,2,67.1,3.2,Yes,No,79.2,71.6,Placed
STU01033,7.86,2,3,2,75.3,3.8,Yes,Yes,51.7,47.2,Placed
STU01152,5.56,0,3,1,99.6,3,Yes,Yes,87.1,45.9,NotPlaced
STU01547,6.6,1,3,2,59.4,3.2,Yes,Yes,74.5,76.6,Placed
STU05026,6.39,1,1,3,68.6,3.7,Yes,Yes,73.2,46.7,Placed
STU08909,8.01,1,4,2,67.2,3.2,No,Yes,58.9,61.1,Placed
STU05671,9.75,1,1,1,50.3,3,Yes,No,79.3,52.2,NotPlaced
STU03387,6.77,2,1,1,74.1,4.9,Yes,Yes,80.5,72.8,Placed
STU09007,7.32,1,4,1,65.9,2.7,Yes,Yes,84.5,66.1,Placed
STU08413,6.55,2,3,1,77.5,2.8,Yes,Yes,81.2,80.9,Placed
STU00020,6.23,0,1,1,66.2,4.9,No,No,70.8,72.7,NotPlaced
STU04376,8.08,1,2,2,56,3.9,No,No,55.9,82.8,Placed
STU09936,7.61,2,1,1,57.7,4.5,Yes,Yes,88.9,61.2,Placed
STU06520,7.81,1,2,3,73.3,2.9,Yes,Yes,75,55.8,Placed
STU03894,5.78,2,2,0,71,4.5,Yes,Yes,73.8,77,Placed
STU04315,7.13,3,0,0,69.9,2.8,Yes,Yes,62.6,91.3,Placed
STU04806,6.06,1,2,3,65.6,3.2,Yes,No,72.5,90.4,NotPlaced
STU03944,5.35,1,0,0,75,3.4,Yes,Yes,77.4,75.8,NotPlaced
STU05098,6.49,1,2,1,87.5,3.8,Yes,Yes,76.1,72.2,Placed
STU07086,5.61,1,2,1,50.9,3.7,No,Yes,59.6,71.3,NotPlaced
STU06894,7.9,0,1,1,78.1,3.5,Yes,Yes,79,41,Placed
STU06637,7.84,1,1,1,89.8,5,No,Yes,68.1,68.4,Placed
STU07866,6.58,0,2,1,89.5,1.8,Yes,Yes,45.2,81.3,NotPlaced
STU07023,7,0,3,1,82,3.4,Yes,No,83.7,69.2,Placed
STU07670,7.46,0,2,1,70.3,3.5,No,Yes,46.3,58.5,Placed
STU07769,8.12,0,1,0,58.7,3.5,Yes,No,89.7,71.6,NotPlaced
STU02322,8.2,2,3,1,71.5,4.3,No,No,52.6,60.7,Placed
STU07112,7.65,1,1,2,84.7,3.2,Yes,Yes,99.5,76.5,Placed
STU00287,7.36,1,1,1,66.8,3.7,Yes,No,59.6,47.8,NotPlaced
STU00925,8.58,2,1,1,78.3,2.8,Yes,Yes,76.3,65.7,Placed
STU01707,8.11,2,3,0,71.5,3.9,No,No,74.3,53.9,Placed
STU02531,7.93,0,3,1,68.1,2.9,No,Yes,71,74.2,NotPlaced
STU03672,8.29,1,3,2,61.2,3.5,No,No,100,63.6,NotPlaced
STU05489,6.86,1,1,1,64.9,2.9,Yes,Yes,91.8,41.4,NotPlaced
STU06046,7.13,2,1,1,72.3,3.2,Yes,Yes,69.6,79.4,Placed
STU00013,7.72,1,3,2,70.2,3.7,Yes,Yes,82.7,66.6,Placed
STU09645,7.3,0,3,2,80.8,2.5,No,Yes,70.3,73.5,NotPlaced
STU03170,7.13,1,2,0,76,3.8,Yes,No,79.5,73.7,NotPlaced
STU05202,7.04,1,3,1,87.2,4.5,Yes,Yes,71.8,95.1,Placed
STU05647,6.95,2,2,0,95.4,3.8,Yes,No,74,76.4,Placed
STU01954,6.91,1,3,1,70.1,3.8,No,Yes,67.1,77.2,Placed
STU01368,6.66,2,2,1,59.6,3.2,No,Yes,51.4,77.1,Placed
STU02869,7.98,0,2,2,80.7,3,No,Yes,68.6,67.9,NotPlaced
STU01598,9.35,0,2,0,66,3.9,Yes,No,79.7,85.4,NotPlaced
STU09499,7.56,0,1,2,61,1.8,Yes,No,77.5,69.7,NotPlaced
STU09850,8.12,2,3,0,91.1,3.4,Yes,Yes,76.7,47.1,Placed
STU05022,6.84,2,1,1,72.8,3.2,Yes,Yes,56,66.6,Placed
STU05314,7.67,0,1,2,79.1,2.4,No,No,85.1,66.4,NotPlaced
STU06166,6.95,2,2,1,75.6,3.5,No,Yes,74.9,87.4,Placed
STU01235,6.78,1,1,3,70.5,3.7,Yes,No,64.1,84.3,NotPlaced
STU02130,8.15,0,4,1,76.6,4.2,Yes,No,75.4,65.8,Placed
STU09820,8.5,1,2,0,58.6,3.8,Yes,Yes,52.5,76.9,Placed
STU08724,7.79,0,1,2,69.6,3.2,Yes,Yes,64.7,50.5,NotPlaced
STU09943,9.32,1,1,1,77.6,3.7,Yes,No,54.8,79.8,Placed
STU08042,7.34,2,2,2,83.8,3.5,Yes,Yes,86.7,50.9,Placed
STU02970,7.74,0,3,0,82.1,3.9,Yes,No,93.4,64.1,NotPlaced
STU00750,6.23,3,4,3,69.7,4.3,No,No,90.8,64.6,Placed
STU05940,9.51,0,3,1,43.5,4,No,Yes,80.8,59.1,Placed
STU04143,7.84,1,2,2,67.2,3.4,No,Yes,68.2,74.4,Placed
STU07320,5.87,2,0,1,73.1,3.5,Yes,Yes,57.6,57.6,Placed
STU05994,7.97,2,1,2,73,4.5,No,No,62.1,76.7,Placed
STU08308,9.22,1,2,1,66,2.6,No,No,79.7,68.3,Placed
STU08772,8.91,0,1,1,67.9,3.1,No,No,87.9,54.4,NotPlaced
STU00055,8.43,2,2,0,95.5,3.2,Yes,No,67.2,73.2,Placed
STU09548,8.17,2,3,0,83.7,4.4,No,No,86.9,44.5,Placed
STU05536,9.75,2,3,1,81.4,3.7,No,Yes,79.1,86.4,Placed
STU03765,7.7,2,1,1,76.3,2.5,No,Yes,72.6,51.4,Placed
STU00294,8.26,0,4,2,77.9,3.2,No,Yes,85.7,75.1,Placed
STU05996,7.65,1,3,1,64.6,3.8,Yes,No,50,72.7,NotPlaced
STU04434,6.99,2,1,0,68.9,3.3,Yes,No,76.6,62.6,NotPlaced
STU00637,8.24,1,2,1,62.9,3.4,No,Yes,74.6,88.6,Placed
STU05815,5.31,2,1,2,76.4,3.6,Yes,Yes,80.3,76.8,Placed
STU08242,7.49,0,3,2,59.2,3.2,No,No,92.2,87.7,NotPlaced
STU02916,9.16,1,2,2,48.4,3.7,No,Yes,100,68.9,Placed
STU03246,8.19,0,2,2,70.8,2.4,No,Yes,77.3,64.4,NotPlaced
STU09170,7.81,1,3,1,86.2,3.3,Yes,No,42.1,54.8,Placed
STU09476,7.53,2,2,3,78.5,3.3,No,Yes,72.8,75.1,Placed
STU09769,8.13,1,2,1,92.6,3.4,No,Yes,65.1,66,Placed
STU05361,7.46,2,1,1,76.6,3.9,No,No,73.2,49.1,Placed
STU07968,7.16,1,3,1,58.7,4.1,No,Yes,64.8,65.6,Placed
STU02741,7.87,1,2,2,75.9,3.9,Yes,No,100,90.8,Placed
STU03761,7.79,1,1,0,72,1.9,Yes,No,58.5,53.5,NotPlaced
STU09226,7.66,2,3,2,65.6,3.6,Yes,No,69.1,78.3,Placed
STU05236,9.36,0,3,1,77.6,3.2,Yes,No,82.9,80.1,Placed
STU03252,7.77,2,2,0,77.2,3.6,No,Yes,77.2,81,Placed
STU01762,8.17,0,1,0,76.6,4.2,No,Yes,98.2,58.7,NotPlaced
STU09747,7.39,3,4,3,62.2,4.5,Yes,No,65.9,76.5,Placed
STU03942,8.61,1,2,3,54.8,3.2,Yes,Yes,52.3,67.2,Placed
STU03660,9.49,0,2,3,52.2,1.8,Yes,No,73.5,58.5,Placed
STU03710,7.54,1,3,1,60.6,2.3,No,No,72,56.9,NotPlaced
STU06929,7.44,3,1,2,64.8,3.2,No,No,66.7,54.6,Placed
STU02624,8.77,2,1,2,72.3,3.1,No,Yes,70.7,70.4,Placed
STU01478,7.88,1,1,0,64.2,4,Yes,Yes,80.4,89.6,Placed
STU09028,8.46,3,2,1,82.6,3.3,No,No,73.4,81.5,Placed
STU05655,6.71,2,1,2,78.7,2.5,Yes,Yes,69.9,68.1,Placed
STU08922,7.85,0,3,1,59.2,4.3,Yes,No,63.7,46.5,NotPlaced
STU03913,8.41,1,2,1,54.1,4.6,Yes,Yes,74,57.2,Placed
STU05094,9.03,2,2,0,77.6,4.4,No,Yes,60.7,67.9,Placed
STU00915,7.41,0,3,2,53.1,4.9,No,No,69.5,76.9,NotPlaced
STU01040,8.44,0,4,2,84.7,2.8,Yes,Yes,84.1,50.6,Placed
STU02655,6.91,0,2,2,64.9,3.5,No,No,83.3,62.6,NotPlaced
STU05870,7.15,2,2,1,71.2,3.4,No,Yes,69.2,67,Placed
STU06740,6.57,0,4,0,76.6,3.3,Yes,No,80.1,58,NotPlaced
STU01105,8.5,2,2,1,64,3.8,No,No,57,57.4,Placed
STU05390,5.54,1,3,0,73.1,3.4,Yes,Yes,88.3,63.5,Placed
STU05562,7.48,0,1,1,81.9,2.9,No,No,67.7,70,NotPlaced
STU04911,7.03,0,2,1,70.2,4.3,Yes,Yes,64.2,69.1,Placed
STU09910,8.77,1,2,3,66.9,3.2,Yes,No,70.9,72.8,Placed
STU00451,7.44,3,2,0,74.2,3.7,No,Yes,66.5,71.3,Placed
STU09092,7.19,1,3,2,66.8,1.9,No,No,81.9,73.3,Placed
STU01612,6.09,1,1,1,66.2,3.9,No,Yes,67.3,71.6,NotPlaced
STU02564,7.73,1,1,0,80.3,3.5,Yes,No,74,73.3,NotPlaced
STU09914,8.22,2,1,3,66.5,3,No,Yes,65.3,76.2,Placed
STU08072,8.11,0,2,0,83.6,4.2,Yes,Yes,60,60.4,Placed
STU05765,7.6,0,2,2,82.2,5,Yes,Yes,74,48.7,Placed
STU06259,6.6,1,2,2,66.9,4.1,No,No,73,74.3,NotPlaced
STU02479,6.3,1,1,2,69.6,3.2,No,Yes,73.4,57.9,NotPlaced
STU02037,7.85,2,2,0,73.3,1.7,No,No,68.5,71.7,Placed
STU01377,6.9,0,1,3,76.2,4.5,No,No,73,63.2,NotPlaced
STU06079,6.3,0,2,1,74.8,3.8,No,Yes,61.7,57,NotPlaced
STU05935,9.01,0,0,2,77,3.5,No,Yes,71.2,88.1,NotPlaced
STU08068,8.33,1,2,2,78.9,1.2,Yes,Yes,69,75.8,Placed
STU05284,8.04,1,2,0,83.6,3.7,Yes,Yes,79.1,51.3,Placed
STU02724,8.83,2,1,3,76.6,4.7,Yes,No,77.4,91.7,Placed
STU06579,7.73,2,2,1,72.1,2,Yes,Yes,70.6,80.2,Placed
STU08620,8.93,1,3,1,86,2.5,Yes,No,53.4,92,Placed
STU05540,8.36,1,0,1,86.9,3.4,Yes,Yes,81.4,48.3,Placed
STU02255,6.37,2,1,2,83.9,5,No,Yes,58.2,78.4,Placed
STU08058,7.24,2,1,0,70.5,2.2,No,No,75.1,82.9,NotPlaced
STU03087,7.45,2,3,1,77,4.2,No,No,94.2,92.2,Placed
STU07551,7.81,2,1,1,73.6,2.8,No,Yes,74.3,74.9,Placed
STU04740,8.13,1,1,2,55.7,1.9,Yes,Yes,62.6,66.2,Placed
STU08139,6.04,2,2,2,72,2.1,No,Yes,72.4,60.1,Placed
STU06051,8.74,0,0,1,74.5,3.5,Yes,No,72.6,71.6,NotPlaced
STU04554,6.63,1,2,1,73.2,3.9,No,No,69.3,87.9,NotPlaced
STU08886,7.89,0,2,1,64.1,4,Yes,No,84.3,46.7,NotPlaced
STU02584,8.6,1,4,0,72.3,2.7,Yes,No,86.5,74.5,Placed
STU03422,7.43,2,1,3,70.9,1.4,No,No,71,72.1,Placed
STU04259,7.42,0,1,3,65.8,3.3,Yes,No,58.1,90.3,NotPlaced
STU01346,6.16,2,2,0,74.5,3.8,Yes,No,65.3,97.4,NotPlaced
STU04301,7.12,1,1,2,66.9,3.9,No,No,81.5,76.3,Placed
STU08926,8.08,1,4,2,76.2,2.8,No,Yes,61.6,64.7,Placed
STU09626,6.89,0,2,2,66.8,3.6,No,No,55.8,81.1,NotPlaced
STU04080,7.22,0,4,2,78.8,3.8,Yes,Yes,67.1,57.8,Placed
STU03642,7.34,1,2,0,78.2,1.9,No,No,78.3,52.5,NotPlaced
STU04891,6.76,1,2,1,79,3,Yes,No,69.3,40,NotPlaced
STU09828,6.96,1,2,2,78.1,2.9,Yes,Yes,75.6,66.1,Placed
STU03528,9.36,1,3,0,78.1,5,Yes,No,83.3,76.8,Placed
STU00718,7.64,1,0,1,74.7,3.7,No,Yes,79.5,76.8,NotPlaced
STU02928,7.69,0,2,1,85.8,2.9,Yes,Yes,66.9,83.6,Placed
STU05306,8.47,1,3,2,69.8,3.7,Yes,No,53.2,58.1,Placed
STU01637,6.64,1,2,2,51.9,2.3,Yes,No,75.2,72.4,NotPlaced
STU07007,8.95,0,1,0,99.8,3.2,Yes,Yes,74.4,81,Placed
STU08453,6.7,1,4,1,83.2,4,No,No,73.9,73.5,Placed
STU01313,8.75,0,0,3,59.8,1.6,Yes,Yes,81.4,75.6,Placed
STU08286,8.35,1,1,2,73.4,3.1,No,No,70.8,65.6,Placed
STU01447,7.02,0,1,2,74,1.9,Yes,Yes,49.9,67.1,NotPlaced
STU05025,9.55,2,2,2,63.5,3.3,No,Yes,79,50.8,Placed
STU01773,6.94,1,1,0,72.4,4,Yes,Yes,82.3,69,Placed
STU02379,7.13,0,0,1,71.5,3.7,Yes,No,83.5,69.3,NotPlaced
STU02650,8.31,0,1,0,67.5,3.8,No,Yes,78.7,65,NotPlaced
STU01824,6.91,1,0,1,66.3,5,Yes,Yes,57.7,79.5,Placed
STU08997,8.55,0,3,1,67.1,3.4,No,Yes,69.6,61,Placed
STU04606,7.27,1,0,2,79.1,2.9,Yes,Yes,81.2,58.1,Placed
STU07474,8.65,0,4,3,65.7,3,No,No,93.4,62.8,Placed
STU07228,7.45,1,3,2,60,4.3,Yes,Yes,83.7,91.6,Placed
STU00274,7.51,1,2,2,73.1,3.5,No,No,82.5,99.6,Placed
STU08556,7.66,1,1,2,67.8,2.8,No,No,58.8,61.3,NotPlaced
STU03306,8.46,1,1,2,72.9,4,No,Yes,75.3,72.8,Placed
STU05972,7.5,2,0,2,62.7,3.1,Yes,No,78.3,93.5,Placed
STU02973,6.27,1,0,2,60.2,3.9,Yes,Yes,74.8,84.3,Placed
STU07018,6.73,1,0,1,85.3,3.3,Yes,Yes,77.9,82.1,Placed
STU01997,7.48,0,2,0,66.7,4.4,Yes,Yes,81.5,49,NotPlaced
STU01181,7.66,1,3,2,86.8,2.5,No,Yes,69.1,77.8,Placed
STU03614,7.86,2,1,1,69.7,3.6,Yes,Yes,63.3,75.2,Placed
STU07096,5.96,0,2,1,80.2,2.3,No,Yes,66.3,55.9,NotPlaced
STU06661,8.25,0,3,3,69.1,3.1,No,No,75.8,55.1,Placed
STU00023,7.56,1,3,1,64.5,3.4,Yes,Yes,52.5,70.4,Placed
STU05391,6.87,1,0,3,65.9,3.3,Yes,No,66.6,67.5,NotPlaced
STU03225,7.76,2,2,3,68.9,1.8,No,No,82.4,77.1,Placed
STU05155,6.72,1,1,1,80.5,2.7,No,No,41.7,90.2,NotPlaced
STU00238,7.67,1,3,1,53.3,3.3,Yes,No,63.9,91.4,Placed
STU09473,5.83,1,2,3,49,4.8,Yes,Yes,98.6,55.1,Placed
STU06306,8.38,1,3,3,69.8,3.9,No,No,71.9,83.9,Placed
STU01589,6.76,0,2,1,59.9,4.1,Yes,Yes,61.8,61.7,NotPlaced
STU06198,7.07,0,3,2,81.5,2.4,Yes,No,65,60.9,NotPlaced
STU08912,6.76,0,3,1,69.1,4,Yes,No,51.3,84.8,NotPlaced
STU05579,6.29,0,1,2,71.2,2.8,No,No,40,55.2,NotPlaced
STU03789,7.66,1,0,1,66.2,2.5,Yes,No,76.8,86.4,NotPlaced
STU01482,7.16,0,1,1,78.9,2.7,Yes,No,61.5,64.4,NotPlaced
STU03214,8.87,1,2,1,77.9,3.3,No,Yes,83.8,63.5,Placed
STU07394,7.19,1,0,2,90.5,3.1,Yes,Yes,76.8,68.1,Placed
STU03062,7.2,0,3,2,72.4,3.8,Yes,No,64.8,94.1,Placed
STU05211,7.6,1,1,1,69.2,3.7,Yes,Yes,80.2,60.3,NotPlaced
STU05864,5.89,0,1,1,79.1,3.5,Yes,No,64.2,78.9,NotPlaced
STU08717,8.08,1,1,1,91,4.6,Yes,No,77.2,60.6,Placed
STU02074,7.68,1,1,3,91.6,1.9,Yes,Yes,60.1,61,Placed
STU03182,7.97,1,1,1,71.6,2.4,Yes,Yes,61.9,57.8,Placed
STU05388,6.14,1,1,1,85.7,4.5,No,Yes,56.4,83,NotPlaced
STU04467,8.27,3,1,0,61.6,2.3,Yes,Yes,76,67.2,Placed
STU09530,7.36,1,0,0,80.5,4.4,Yes,Yes,69.9,47.5,NotPlaced
STU08817,7.26,2,2,0,71.2,3.7,Yes,No,89.9,67.3,Placed
STU08145,8.48,0,1,1,66.5,3.1,No,No,76.6,50.7,NotPlaced
STU02931,8.28,1,1,1,77.9,3.1,No,No,59.6,55.1,NotPlaced
STU01840,7.31,1,3,2,57.7,3.4,No,No,80.8,74.5,Placed
STU05713,8.27,0,4,2,73.3,3.4,Yes,Yes,68.5,77.8,Placed
STU09878,6.28,2,1,2,75.9,3.8,Yes,No,51.6,68.9,NotPlaced
STU05179,7.39,1,0,1,74,3.8,No,No,83.1,62.6,NotPlaced
STU02532,6.67,1,3,2,84.3,4.2,Yes,Yes,71.7,72.4,Placed
STU00514,6.68,0,2,1,78.2,3.9,No,Yes,68.7,69.8,NotPlaced
STU08219,7.3,2,3,1,69.1,4.7,No,No,73.7,67.5,Placed
STU05669,5.94,2,2,3,62.2,3,Yes,Yes,74.3,46.2,Placed
STU05811,8.49,1,2,1,74.9,2.4,Yes,No,71.8,84.1,Placed
STU08392,7.39,1,2,3,72.9,2.9,No,Yes,87.6,69.6,Placed
STU00275,6.62,0,1,2,61.7,2.3,No,No,51.4,66.9,NotPlaced
STU01251,7.8,2,1,2,43,2.6,Yes,Yes,81,67.1,Placed
STU00439,5.97,1,3,0,75.7,4.6,No,Yes,80.9,73.6,Placed
STU07208,8.84,0,4,3,71.6,3.5,Yes,Yes,90.2,66.7,Placed
STU00522,7.99,3,2,1,72.5,3,Yes,No,72.3,79,Placed
STU03959,8.51,1,3,1,81,3.4,Yes,Yes,95,89.3,Placed
STU07029,6.46,1,3,0,65.9,2.1,No,Yes,76,78.2,Placed
STU05200,8.33,0,2,3,80.2,4.1,Yes,No,71.9,63.8,Placed
STU06914,8.55,1,1,0,52.4,2.9,No,No,86,62.4,NotPlaced
STU07710,6.71,2,3,2,68.9,3.4,Yes,Yes,71.7,76.2,Placed
STU05331,7.02,1,0,2,78.6,5,No,No,71.1,64.6,NotPlaced
STU00448,6.65,1,0,1,64.5,3.4,Yes,Yes,86,81.5,NotPlaced
STU00402,6.96,1,1,1,69.3,2.5,No,Yes,76.6,73.6,NotPlaced
STU05550,8.7,0,2,1,80.5,4.1,Yes,No,92.8,53,Placed
STU06162,8.28,1,1,2,64.8,3.5,No,Yes,68.3,65.9,Placed
STU04107,7.24,1,1,2,79,3.4,No,Yes,75.2,65.7,NotPlaced
STU03061,7.79,1,1,0,72.4,4.6,Yes,No,61.2,76.2,NotPlaced
STU05641,8.21,1,2,2,63.1,4,Yes,No,87.8,93,Placed
STU04339,5.64,1,3,2,61.8,4.1,No,Yes,94.3,93.5,Placed
STU03932,8.88,2,1,1,55,3.3,Yes,No,55.5,89.2,Placed
STU06571,7.38,2,2,2,60.1,3.2,Yes,Yes,68.6,55.8,Placed
STU07550,9.01,1,1,1,75.2,1.9,No,Yes,83.9,83.2,NotPlaced
STU02753,7.08,1,3,2,84.2,4.4,Yes,No,55.5,89.1,Placed
STU07286,6.55,1,3,1,70.4,3.5,Yes,Yes,71.9,69,Placed
STU04620,7.4,0,2,2,75.2,4.9,No,Yes,71.7,40,Placed
STU08826,6.27,3,0,2,77.7,4.4,No,Yes,71.5,76.3,Placed
STU02572,6.2,0,1,2,66,4.3,Yes,Yes,74.7,76.7,NotPlaced
STU08169,6.82,1,3,1,72,3.7,No,Yes,79,70.6,Placed
STU09285,7.68,1,2,1,76.5,3.1,Yes,Yes,77.7,68.1,Placed
STU09399,7.02,2,3,2,66.8,2.4,Yes,No,77,65,Placed
STU03259,8.57,0,1,0,79.1,3.2,No,Yes,66.1,82.2,NotPlaced
STU07879,6.98,2,1,1,89.3,4.5,No,Yes,85.2,53.2,Placed
STU02143,7.66,0,0,1,81.1,3.1,No,No,96.1,78.6,NotPlaced
STU00264,6.58,2,0,1,59.1,4.4,No,Yes,62.8,83,Placed
STU00407,6.54,3,2,0,82.8,3.2,No,No,70.9,59.6,Placed
STU04110,7.71,2,3,2,83.4,2.9,Yes,Yes,83.5,64,Placed
STU01982,6.26,1,1,0,84.1,2.6,Yes,No,81.2,83.1,NotPlaced
STU05455,8.38,2,2,0,70.5,3.9,Yes,No,93.5,90,Placed
STU08263,7.33,1,1,1,68.5,3.7,Yes,No,49.4,65.6,Placed
STU01068,8.54,0,3,2,72.7,4,Yes,Yes,77.8,64.5,Placed
STU02174,7.64,1,1,1,72.3,5,Yes,Yes,67.2,95.5,Placed
STU05718,7.26,2,1,1,82,3.5,Yes,No,57.7,68,Placed
STU09361,8.78,2,3,1,75.3,2.3,No,Yes,74.5,66.9,Placed
STU07794,7.09,0,1,1,77.3,3.7,Yes,Yes,75.8,54.8,NotPlaced
STU03394,7.43,0,2,2,64.4,2.9,Yes,No,72.1,65.7,NotPlaced
STU02476,8.15,1,3,2,66.1,2.4,Yes,No,76.9,56.9,Placed
STU01303,7.34,0,4,1,63.4,3.3,Yes,Yes,59.1,75.1,Placed
STU04083,9.01,2,2,0,79.5,3.7,Yes,Yes,63.6,91.7,Placed
STU09592,7.22,2,2,2,78.2,2,No,No,64.6,74.3,Placed
STU09886,6.51,1,1,0,67,4.3,No,No,65.1,64.7,NotPlaced
STU05967,8.27,0,1,2,72.3,3,No,No,65.7,81.3,NotPlaced
STU00631,5.98,1,1,3,58.9,2.9,Yes,No,60.5,83.2,NotPlaced
STU02717,8.06,2,2,3,77.1,4,No,No,62.3,40,Placed
STU02938,7.29,0,3,1,84.1,3.6,No,Yes,49,65.4,Placed
STU01057,7.48,2,1,0,65,3.4,Yes,No,58.1,71.2,Placed
STU01867,8.43,2,0,0,64.6,3.6,Yes,Yes,62.5,86.6,Placed
STU06854,5.95,1,2,2,71.4,4.3,No,Yes,56.2,52.6,NotPlaced
STU00709,5.63,2,0,2,75.4,2.1,Yes,No,57.7,48.7,NotPlaced
STU06963,7.95,1,3,1,61.7,3.7,Yes,No,78.2,86.9,Placed
STU00641,7.2,2,2,2,52.9,4,No,Yes,60.4,98.7,Placed
STU03671,8.43,1,2,1,58.1,3.9,Yes,Yes,100,48.7,Placed
STU01913,8.07,1,2,3,74.4,4.5,Yes,Yes,68.1,75.2,Placed
STU01566,7.25,2,1,1,85.9,4.4,No,Yes,64.1,96.3,Placed
STU03564,8.58,0,2,3,83.9,3.2,No,No,73,91.6,Placed
STU02216,7.74,1,1,2,72.7,3.2,Yes,Yes,68.8,63.1,Placed
STU02913,6.84,2,1,2,81.3,2.8,Yes,Yes,68.4,68.2,Placed
STU03699,8.34,1,3,1,69.1,3.7,No,No,61.5,65.6,Placed
STU02651,6.68,2,1,0,75.4,3.7,No,Yes,61.7,85.2,Placed
STU06278,7.33,3,2,0,69.3,4.4,Yes,No,77.2,56.2,Placed
STU07260,9.71,0,3,1,67.6,3.3,No,Yes,92.3,66.3,Placed
STU05216,7.95,1,3,1,70.5,1.7,Yes,Yes,81.6,73.7,Placed
STU07531,8.63,2,3,1,52.8,2.3,Yes,No,73.7,73.3,Placed
STU02502,8.37,2,0,3,88,2.7,Yes,Yes,43.6,63.6,Placed
STU06638,6.32,1,2,3,77.6,3.8,No,No,71.6,70.7,NotPlaced
STU06735,8.05,1,4,1,66.4,3.2,Yes,Yes,62.4,51.8,Placed
STU07740,8.05,1,1,3,65.2,5,No,No,63.5,100,Placed
STU02420,6.31,0,2,0,59.6,3.8,Yes,No,82.6,73.6,NotPlaced
STU09958,6.57,1,0,3,72.6,3.3,No,No,75.6,100,NotPlaced
STU00870,9.31,2,4,1,81.7,3.4,Yes,No,76.5,77.4,Placed
STU08856,6.9,0,1,0,70.1,3.9,No,No,77.8,65,NotPlaced
STU05081,6.61,0,3,1,82,3.9,No,Yes,99,79.9,Placed
STU02795,7.47,1,2,3,72.1,2.5,No,Yes,78.5,75.4,Placed
STU05015,7.57,1,2,3,72.4,3.8,No,Yes,85.6,87.2,Placed
STU08978,7.45,3,1,1,73.5,3.4,No,No,53,70.5,Placed
STU05482,7.91,1,4,2,65.7,3.9,No,Yes,57.2,64.4,Placed
STU01652,7.79,0,2,1,72.3,3.4,No,Yes,78.2,54.4,NotPlaced
STU02613,7.32,2,2,0,94.5,4.4,No,Yes,59.2,83.9,Placed
STU01114,7.95,0,1,0,63.4,3.3,Yes,Yes,57.9,70.5,NotPlaced
STU06614,9.48,3,1,0,82.2,3,No,Yes,57.7,77.7,Placed
STU03940,6.8,3,1,0,78.7,3.1,No,Yes,84.2,56.6,Placed
STU09151,8.09,3,2,1,83.9,3.6,Yes,Yes,48.8,68.1,Placed
STU09694,7.29,2,2,1,62,2.6,No,Yes,82.8,84.6,Placed
STU04111,8.53,1,1,1,66.5,3.8,No,Yes,66.8,59.9,NotPlaced
STU08559,7.42,1,1,1,80.7,4.4,Yes,Yes,82.2,82.2,Placed
STU05317,6.14,1,1,0,81.2,4.3,Yes,Yes,96.1,69.9,Placed
STU04737,6.79,2,2,0,72.5,3.9,Yes,No,88.6,75.9,Placed
STU03175,6.6,1,3,2,64.6,1.8,Yes,Yes,63,64.8,Placed
STU00030,7.24,2,3,1,72,3,No,Yes,44.7,75.8,Placed
STU03249,7.71,0,2,0,75.9,4.8,Yes,No,68.5,95.8,NotPlaced
STU06248,8.08,1,2,2,84,5,No,Yes,80.5,62.9,Placed
STU06230,6.93,1,2,2,69.2,2,Yes,No,69.4,56.8,Placed
STU09672,7.85,2,1,1,56.5,2.8,No,Yes,74.1,77.7,Placed
STU08265,5.51,1,4,2,62.7,3.7,Yes,No,63.6,75.4,Placed
STU05290,8.32,2,1,0,75.1,2,No,Yes,59.4,62.1,Placed
STU04936,7.99,1,2,3,69,2.3,Yes,No,69.2,74.4,Placed
STU06061,7.54,0,1,2,90.8,3.8,Yes,No,63.3,60.3,NotPlaced
STU02898,9.05,0,2,3,72.1,2.9,No,Yes,81,61.9,Placed
STU04779,6.51,0,3,2,85.1,2.2,No,No,79.2,77.7,NotPlaced
STU05103,7.72,1,2,0,79.3,3.4,No,Yes,69.9,50,Placed
STU00254,8.43,0,3,2,68.2,2.8,Yes,Yes,65.8,57.5,Placed
STU05061,7.23,1,0,1,51.1,2.5,Yes,Yes,96.4,63.9,NotPlaced
STU01361,7.49,0,1,2,59,2.5,No,Yes,59.7,79.6,NotPlaced
STU00796,8.45,2,1,1,89.3,4,Yes,Yes,56.3,74.6,Placed
STU07817,6.98,2,2,3,63.3,3,Yes,Yes,71.8,82,Placed
STU04023,5.83,1,2,0,76.4,2.5,No,Yes,63.3,70,NotPlaced
STU01568,7.96,3,4,1,65.1,5,No,Yes,100,64.6,Placed
STU09269,9.11,1,3,2,71.5,2.6,Yes,No,68,60.9,Placed
STU04801,7.96,3,2,2,73.6,3.6,Yes,Yes,49.2,68.3,Placed
STU06152,6.7,0,2,2,72.5,3.8,No,No,40,70.2,NotPlaced
STU02775,7.06,1,1,2,81.8,3.5,Yes,No,92.4,63.1,Placed
STU02845,7.7,2,2,1,71,3.1,No,Yes,84.9,67,Placed
STU08584,8.07,0,1,3,63.1,3.7,No,No,71.6,61.8,NotPlaced
STU04432,5.49,0,2,3,79.3,2.8,No,Yes,62.3,74.3,NotPlaced
STU09280,7.22,1,1,1,64.8,2.9,No,Yes,44.6,66.1,NotPlaced
STU09040,7.49,1,2,2,74.5,1.7,No,No,75,82.5,NotPlaced
STU03620,8.31,1,2,0,63.4,4.8,Yes,No,74.2,69.6,Placed
STU09941,6.99,1,2,1,81.4,1.6,Yes,No,75,64.7,NotPlaced
STU06925,5.67,0,1,1,70.7,3.1,Yes,No,77.4,61.5,NotPlaced
STU08489,8.01,1,0,1,76.4,3.2,Yes,Yes,73.2,64.3,Placed
STU07265,7.37,0,3,3,75.5,4.2,Yes,Yes,77.5,61,Placed
STU08948,7.67,1,0,0,60.8,3.6,No,No,99.6,49.1,NotPlaced
STU06208,7.62,2,2,0,86,4.4,Yes,No,70.7,77,Placed
STU05653,7.38,0,2,1,75,2.6,Yes,No,90.6,67.4,NotPlaced
STU00854,8.57,0,3,0,62.3,3.6,Yes,No,80.4,67.4,NotPlaced
STU09146,5.97,0,1,1,88.8,3.2,Yes,Yes,83.1,92,NotPlaced
STU09118,8.16,1,4,1,70,2.8,Yes,Yes,52.7,75.2,Placed
STU00262,7.45,2,2,3,80.7,4.1,Yes,Yes,64.9,74.3,Placed
STU00563,8.28,0,2,0,80.5,3.6,No,Yes,89.7,67.3,NotPlaced
STU00578,8.19,1,3,1,61.9,3.2,No,Yes,65.1,91.3,Placed
STU06307,6.77,1,0,2,85.8,2.9,Yes,Yes,94.5,63.5,NotPlaced
STU05639,7.19,1,2,2,71.9,3.8,No,Yes,58.3,65.3,NotPlaced
STU03356,7.35,1,0,0,65.1,4.6,No,No,89.2,81,NotPlaced
STU06487,7.29,3,0,1,74.3,3.3,No,Yes,84.6,64,Placed
STU09675,8.06,1,1,3,74.4,4,Yes,Yes,71.3,48.7,Placed
STU00678,9.08,1,1,2,56.7,4.8,Yes,Yes,60.8,67.5,Placed
STU04321,7.48,2,2,1,86.9,2.5,No,Yes,50.1,62.2,Placed
STU05197,8.43,2,2,0,66.7,3.5,No,No,68.5,68.9,Placed
STU01283,8.14,3,3,2,69.8,4.4,No,No,81.4,61.3,Placed
STU03001,5.78,1,2,2,56.7,4,No,No,79.1,89.6,NotPlaced
STU06772,7.53,2,1,2,87.7,4.2,Yes,Yes,92.8,79.6,Placed
STU03946,8.32,0,2,1,72.5,3.6,Yes,No,90.7,84.6,NotPlaced
STU05738,8.77,0,1,2,72.7,3.9,Yes,Yes,82.4,72,Placed
STU06331,8.69,1,1,1,86.3,2.4,Yes,No,56.4,76.2,Placed
STU02273,6.89,1,1,2,76.1,2.4,Yes,No,65.6,66.9,Placed
STU01030,6.58,0,2,1,71.4,4.2,Yes,No,68.4,78,NotPlaced
STU06813,6.75,1,1,2,68.1,4.1,No,Yes,79.8,57.2,Placed
STU07809,8.98,1,4,2,90.4,2.3,Yes,Yes,59.6,85,Placed
STU09821,7.77,2,0,2,65.2,4,Yes,Yes,79.1,76,Placed
STU06068,8.49,2,1,2,73.8,2.3,No,Yes,74.4,79.8,Placed
STU08114,6.36,0,3,2,62.9,2.8,No,Yes,69.7,77.9,NotPlaced
STU08660,7.61,2,0,0,78.9,4.5,Yes,Yes,74.2,55,Placed
STU05957,7.39,3,3,0,64.5,5,No,No,86.4,58.5,Placed
STU06461,7.16,3,1,1,89.7,3,No,Yes,55.7,76.7,Placed
STU03851,7.03,1,3,1,64.8,3.1,Yes,Yes,61.5,52.6,Placed
STU03273,8.29,1,2,2,67.6,3.7,Yes,Yes,72.3,74.1,Placed
STU07071,8.59,1,2,1,90.5,2.6,Yes,Yes,82.4,43.4,Placed
STU08393,8.92,1,1,0,80.4,3.4,No,No,88.8,63.9,NotPlaced
STU07855,6.6,0,2,2,80.3,3.4,Yes,No,49,62.5,NotPlaced
STU09037,7.53,2,2,0,69.8,2.9,No,Yes,77.7,73.2,Placed
STU08831,7.16,0,2,2,68.7,2.3,No,Yes,63.5,68.5,NotPlaced
STU08099,7.89,2,1,2,69.6,2.5,No,No,80.6,80.5,Placed
STU05438,8.57,1,2,2,80.4,3.7,Yes,Yes,78.5,82.8,Placed
STU09354,7.65,1,1,0,70,4.3,Yes,No,71.2,40,NotPlaced
STU03484,7.44,1,1,0,65.4,3.8,No,No,78,85.7,NotPlaced
STU04357,7.7,2,0,2,88.6,2.8,Yes,Yes,95.8,71.3,Placed
STU04962,6.57,2,1,1,59.4,2.5,Yes,No,83,71.4,Placed
STU04213,8.22,1,1,0,69.8,3.2,Yes,Yes,52.5,53.3,Placed
STU05466,7.48,1,4,2,65.9,3.7,No,Yes,71.1,62.6,Placed
STU06856,9.02,1,2,2,73.5,3.8,Yes,No,76.6,48.7,Placed
STU01873,7.22,1,1,1,75.6,3.1,Yes,No,56,82.9,NotPlaced
STU08640,6.95,0,2,1,62.4,3.2,Yes,Yes,71.2,76.5,NotPlaced
STU04103,8.72,2,1,2,84.3,5,Yes,Yes,77.7,90.5,Placed
STU02493,7.06,1,2,2,64,4.2,Yes,No,78.1,57.3,NotPlaced
STU08583,6.04,2,1,0,63.2,2.5,Yes,Yes,80.8,61.2,Placed
STU09788,9.01,1,0,2,79.3,4.7,Yes,Yes,82.8,74.1,Placed
STU02539,6.38,2,2,2,66.3,2.9,Yes,Yes,71.3,70.2,Placed
STU07482,7.77,2,1,2,62.5,3.8,Yes,Yes,85.6,72,Placed
STU05509,7.3,0,3,3,90.7,4.2,Yes,Yes,74.8,65.6,Placed
STU07436,7.76,0,0,2,77.9,3.2,No,No,63.5,61.9,NotPlaced
STU02007,7.5,0,1,2,97,4.7,Yes,Yes,76.5,58.2,Placed
STU07734,7.5,1,2,0,73.7,2.8,Yes,No,55,76.4,NotPlaced
STU02185,5.51,1,2,1,79.2,3.4,No,Yes,71.8,66.7,NotPlaced
STU05415,6.86,1,1,2,76.9,2.7,Yes,No,82.6,100,NotPlaced
STU06562,8.71,1,3,1,70.5,4.1,Yes,No,80.8,85.1,Placed
STU08910,8.12,1,2,0,72.6,3.6,No,No,53,80.1,NotPlaced
STU04378,9.34,1,3,1,72.6,3.4,No,No,75.9,77.2,Placed
STU02976,7.6,0,2,2,68.3,4.4,Yes,No,67.9,79.5,NotPlaced
STU05343,5.97,1,1,1,91,3.7,No,Yes,82.5,61.1,NotPlaced
STU09095,8.59,1,1,2,84,2.9,Yes,No,75.4,63.3,Placed
STU02113,7.54,2,2,1,79.9,4.5,Yes,Yes,55.9,87,Placed
STU01649,8.57,0,2,0,71.2,2.5,No,Yes,64.3,72.8,NotPlaced
STU01848,6.72,0,1,3,59.8,3.2,Yes,Yes,61,79.3,NotPlaced
STU01200,8.73,0,2,2,77.5,4,No,No,84.6,66.9,NotPlaced
STU01041,9.02,3,0,2,69.7,3.9,Yes,No,85.5,74.4,Placed
STU07602,7.04,1,2,0,57.4,4.3,Yes,No,59.3,72.7,NotPlaced
STU02901,7.46,0,1,2,68.4,3.7,Yes,Yes,82.9,71.3,Placed
STU02435,7.7,0,2,1,49.7,2.2,No,No,74,66,NotPlaced
STU09979,6.59,3,1,1,92.1,5,Yes,Yes,74.7,97.2,Placed
STU06161,7.63,2,1,0,73.9,2.7,Yes,Yes,73.5,69.3,Placed
STU02048,7.49,0,0,1,70.5,3.1,Yes,Yes,100,73.9,NotPlaced
STU08459,6.72,1,2,1,53.2,3.2,Yes,No,67.2,65.7,NotPlaced
STU02472,9.63,2,3,2,76.4,3.4,Yes,Yes,89.7,51.5,Placed
STU04109,7.32,1,2,2,86.1,2.9,Yes,Yes,40,78.6,Placed
STU00503,6.24,1,3,2,67,4.1,Yes,No,75.4,58.3,Placed
STU09740,7.87,1,2,3,59.5,3.2,Yes,No,64.7,73.4,Placed
STU01947,7.84,1,2,2,71.2,2.7,No,No,77.1,43.9,Placed
STU09172,7.54,1,1,2,75.8,2.7,Yes,No,58.5,71.2,NotPlaced
STU07103,7.59,2,1,0,54.2,2.4,Yes,Yes,83.2,82.7,Placed
STU02945,7.79,0,2,1,55.4,3.3,Yes,Yes,77.3,64.1,NotPlaced
STU02071,8.37,2,4,1,58,2.6,No,No,100,93.5,Placed
STU09697,7.61,1,1,0,77.3,3.1,Yes,Yes,59.3,77.1,Placed
STU06885,7.66,2,1,1,69,3.7,Yes,No,82.6,79,Placed
STU02490,5.77,1,1,1,60.9,3.7,Yes,No,74.7,71.4,NotPlaced
STU03512,6.71,0,2,1,52.2,4.1,Yes,Yes,70,58.4,Placed
STU01299,7.74,3,1,0,73.3,4.4,No,Yes,70.9,86.3,Placed
STU03617,6.61,0,1,2,71,2.5,Yes,Yes,69.7,60.7,NotPlaced
STU08220,6.3,0,3,2,77.5,3.2,No,Yes,66.4,74.1,NotPlaced
STU07308,8.79,2,1,0,77.4,3.3,No,No,87.6,78.3,Placed
STU05109,6.53,2,1,1,48.5,3.4,Yes,Yes,92.3,63,NotPlaced
STU08913,7.3,2,2,1,74.3,1.5,Yes,No,56.9,57.1,NotPlaced
STU08764,8.02,2,2,1,62,2.6,Yes,No,69.9,78.3,Placed
STU04954,8.37,1,2,2,83,2.4,No,Yes,62.7,77.2,Placed
STU00630,8.48,1,0,0,65.6,3.6,Yes,No,40,51.7,NotPlaced
STU01434,6.98,1,2,1,92.7,4.1,Yes,Yes,77.7,71.7,Placed
STU00450,6.55,1,2,1,61.2,4.2,No,No,65.8,52.6,NotPlaced
STU04567,8.27,2,1,2,61.7,3.5,Yes,Yes,72,83.5,Placed
STU02990,9.67,3,2,1,71.2,4.5,Yes,No,67.6,63.5,Placed
STU04433,7.7,2,0,1,60.4,2.7,Yes,Yes,62,61,NotPlaced
STU02102,6.69,0,4,2,67.8,3.4,Yes,Yes,99.8,66.5,Placed
STU09477,7.74,3,3,1,58.6,3.3,Yes,No,71.1,67.4,Placed
STU05295,8.69,1,0,2,83.1,3,No,No,91.6,80.1,NotPlaced
STU07381,8.34,1,2,2,76.6,3.9,No,Yes,84.5,76.1,Placed
STU01766,6.74,2,2,1,89.4,3.2,No,No,65.9,67.5,Placed
STU05858,7.03,2,2,1,58.3,3.3,No,No,83,79.6,Placed
STU01398,6.63,2,2,3,73,4.2,No,No,67.5,80.2,Placed
STU08191,8.04,2,2,2,64,3.7,No,Yes,57.8,84.1,Placed
STU04618,5,1,3,3,78,3.4,No,No,83.6,86.5,Placed
STU03384,8.42,1,2,1,58,2.9,Yes,Yes,81.1,95.9,Placed
STU04406,8.26,1,2,2,65.6,3.8,Yes,Yes,83.8,66.4,Placed
STU06151,9.2,0,1,1,74,3.9,Yes,Yes,69,70.1,Placed
STU05500,8.94,1,4,1,85,3.1,Yes,Yes,86.9,70.6,Placed
STU01066,6.49,2,3,2,60.6,3.3,Yes,Yes,49.3,68.3,Placed
STU04253,7.69,1,3,1,85.8,3.4,Yes,No,61.4,84.3,Placed
STU03576,7.76,0,3,1,66.7,4.7,Yes,Yes,59.8,68.9,Placed
STU08741,6.82,2,4,1,60.9,2.5,No,No,68.2,46.9,Placed
STU04582,6.61,3,3,2,76.3,3.8,No,Yes,66.4,52.9,Placed
STU07206,7.64,1,2,2,62.6,4.6,Yes,Yes,53.1,53,Placed
STU05012,8.16,0,2,3,74.6,3.2,No,No,86.3,79.6,Placed
STU01239,8.01,2,2,1,80.6,3.8,No,No,68.7,73.3,Placed
STU04979,7.85,0,1,1,63.8,4,No,Yes,64.4,69.2,NotPlaced
STU04243,6.97,3,3,1,56.1,3.8,Yes,No,54.8,77,Placed
STU02384,7.46,2,2,3,82.3,3.7,No,No,69.1,65.9,Placed
STU04947,6.83,1,1,1,79.3,3.1,No,No,78.8,94,NotPlaced
STU00227,7.56,1,3,0,63.9,3.6,Yes,No,73,80.8,NotPlaced
STU07290,7.49,2,3,1,48.5,3.8,Yes,No,80.7,75.9,Placed
STU09261,5.77,1,2,0,75.3,2.7,No,Yes,85.5,78.8,Placed
STU08015,7.16,1,4,1,61.1,3.7,Yes,Yes,56.9,59.2,Placed
STU04846,7.98,1,3,2,77.1,4.9,Yes,No,57,63,Placed
STU04208,5,1,2,0,79,4.7,Yes,Yes,55.7,71.1,NotPlaced
STU09070,8.15,1,2,1,78.1,3.2,No,Yes,100,53.1,Placed
STU06967,6.98,1,2,1,82.9,2.3,Yes,No,40,63.8,NotPlaced
STU05619,7.85,0,2,1,55.6,3.7,Yes,Yes,63.3,66.4,NotPlaced
STU09193,8.06,1,2,0,54.9,4.5,Yes,Yes,53.9,75.2,Placed
STU02363,6.13,1,2,2,61.8,3.9,Yes,No,84,58.3,Placed
STU05703,7.55,1,1,0,84.3,2.7,Yes,Yes,65.6,63.7,Placed
STU09995,8.57,1,1,2,80.7,4.9,Yes,Yes,82.5,82.9,Placed
STU00838,6.6,2,1,1,81.6,3.1,No,No,90.2,54.4,NotPlaced
STU09564,8.75,1,1,1,64.2,3.4,No,Yes,68.2,67.2,NotPlaced
STU09104,8.74,3,1,1,52.7,2.4,Yes,Yes,79.8,71.1,Placed
STU00492,8.83,0,1,3,74.8,2.3,No,Yes,62.3,65.1,Placed
STU04916,7.69,1,3,2,72.8,2.1,Yes,Yes,49,72.9,Placed
STU06956,5.92,2,2,2,69,5,No,No,68.3,54.6,Placed
STU03115,7.85,0,0,3,84.2,2.6,No,Yes,62.5,67.5,NotPlaced
STU07179,7.13,0,2,1,65.9,3.4,No,Yes,100,76.4,NotPlaced
STU08149,7.74,1,2,0,78.6,4.6,Yes,Yes,76.6,72.5,Placed
STU01339,7.15,1,2,2,84.1,4.2,No,Yes,60.9,63.2,NotPlaced
STU09983,7.97,0,2,1,71.4,3.4,Yes,No,73.2,64.3,NotPlaced
STU02214,7.09,0,1,3,73.5,4,No,No,82,80.4,NotPlaced
STU08612,8.02,0,4,2,71.7,2.1,No,No,73.5,77.6,Placed
STU09816,7.68,0,3,1,67,3.5,Yes,No,89.3,61.6,NotPlaced
STU01343,7.89,2,2,0,68,3.4,No,No,47.7,82.3,Placed
STU09451,7.34,3,2,3,82.5,1.9,Yes,Yes,96.4,84.2,Placed
STU08674,8.57,1,0,2,78.2,3.8,No,No,62.7,75.3,NotPlaced
STU01410,7.27,0,1,0,68.5,3.8,No,No,82,70.9,NotPlaced
STU01981,6.63,2,2,2,92.5,3.9,Yes,No,59.9,80.6,Placed
STU03439,6.34,1,0,2,80.2,2.5,Yes,No,48.1,71,NotPlaced
STU03999,8.98,1,3,0,66.1,2.5,No,No,69.3,78.1,NotPlaced
STU07485,7.2,0,3,1,75.8,2.3,No,Yes,85.6,68.4,Placed
STU07080,7.36,1,1,1,76.3,4.8,No,No,100,53.4,Placed
STU08436,7.64,1,3,0,68.6,3.4,Yes,No,55.6,66.7,NotPlaced
STU02646,6.79,0,3,1,67.1,2.9,Yes,No,67.7,83.1,NotPlaced
STU09772,7.76,2,1,0,73.4,3.3,No,No,58,58.9,Placed
STU00634,7.12,0,1,0,75.4,3.9,Yes,Yes,75.6,77.3,NotPlaced
STU06904,7.08,3,4,2,78.8,4.7,No,Yes,55.8,88.5,Placed
STU07528,7.14,2,3,2,87.9,3.4,Yes,Yes,57.1,70.6,Placed
STU08642,6.81,2,2,1,87.6,3.7,Yes,No,85.1,96.2,Placed
STU04628,6.84,1,2,2,84.8,3.6,Yes,No,75.7,81,Placed
STU04575,6.83,1,0,3,81.8,4.9,Yes,Yes,71,86.2,Placed
STU01198,8,1,1,1,69.3,3.4,Yes,Yes,73.9,60.3,Placed
STU00060,8.38,2,0,2,90.7,3.9,Yes,Yes,75.3,70.1,Placed
STU07270,6.75,2,3,0,70.1,4.3,No,No,87.6,73.1,Placed
STU09480,8.44,1,0,3,57.9,1.6,Yes,Yes,79.8,76.3,Placed
STU06648,6.66,3,0,2,73.2,3.6,Yes,No,58.1,72.9,Placed
STU05666,6.21,1,1,2,77.1,3.6,Yes,No,72.2,76,NotPlaced
STU02638,8.35,0,1,2,61,2.2,Yes,Yes,70.6,89.9,NotPlaced
STU05499,5.53,3,2,1,62.5,3.5,No,Yes,86.6,86.9,Placed
STU09154,8.02,2,3,1,67.8,3.1,No,Yes,72.5,77.3,Placed
STU05699,7.41,2,2,3,79.4,1.4,Yes,No,52.2,81.5,Placed
STU06439,7.95,1,2,1,80.1,3.7,Yes,Yes,65.2,61.4,Placed
STU09591,8.29,0,1,2,75.7,3.1,Yes,Yes,72.3,51.4,Placed
STU09843,7.01,1,2,1,58.9,3.7,No,Yes,80.4,65.2,Placed
STU07078,9.35,1,3,0,72.6,5,No,Yes,80.5,69.1,Placed
STU05492,8.42,2,1,2,79.2,3.9,No,Yes,59.2,54.6,Placed
STU09225,6.16,3,2,2,68.6,2.7,Yes,Yes,87.7,72,Placed
STU05761,7.53,1,1,2,91.6,3.9,Yes,No,75.7,70.6,Placed
STU08061,7.59,3,0,1,72.3,3.2,No,No,55.8,64.7,NotPlaced
STU00743,6.94,0,1,2,61.1,2.7,No,No,92.1,50.6,NotPlaced
STU07987,7.7,1,1,1,77.1,2.7,Yes,No,64.9,62.6,Placed
STU01318,7.23,1,1,2,90.1,4.8,Yes,Yes,74.5,85.7,Placed
STU02851,7.01,1,1,1,59.1,5,Yes,Yes,83,78.3,Placed
STU04291,7.96,2,2,1,77.8,4.9,No,Yes,65.9,67.1,Placed
STU08714,7.2,2,3,0,71.8,3.7,Yes,Yes,66.7,73.4,Placed
STU04627,6.9,1,1,2,77.3,3.4,No,Yes,73.6,68,Placed
STU08326,9,0,3,1,71.9,3.3,Yes,Yes,84.6,59.5,Placed
STU05638,6.59,1,3,1,76.1,2.6,No,Yes,58.2,86.4,Placed
STU03102,8.27,0,1,2,64.5,5,Yes,Yes,66.2,68.7,Placed
STU04833,8.03,0,4,1,76.6,3.8,No,Yes,59.2,59.6,Placed
STU02823,7.46,1,2,2,68.5,2.4,Yes,Yes,70.3,65.1,Placed
STU09794,6.64,2,0,2,62.9,1.4,Yes,Yes,76.3,47.1,Placed
STU00014,5.78,1,1,2,58,5,Yes,No,88.6,80.9,NotPlaced
STU09091,8.13,0,1,1,67,3.9,No,No,65.3,80.2,NotPlaced
STU09057,7.33,1,1,0,83.6,3.3,Yes,Yes,55.6,69.7,Placed
STU02881,5.49,0,3,3,66.9,2.9,No,Yes,81.7,76.9,Placed
STU00699,8.33,0,1,0,69.2,3.5,Yes,No,82.7,59.1,NotPlaced
STU08747,7.41,0,3,1,72.7,3.3,Yes,Yes,91.1,77.2,Placed
STU02549,8.42,2,2,1,69.7,3.9,No,No,58.1,63.7,Placed
STU06978,8.4,3,1,2,79.2,3.1,Yes,No,76.6,70.6,Placed
STU00651,9.16,2,2,1,51.8,3.2,No,Yes,73.8,81.2,Placed
STU07492,6.8,1,2,1,56.8,3.3,Yes,Yes,77.5,63.8,Placed
STU01130,7.8,1,2,1,67.3,4.7,No,Yes,80,85.4,Placed
STU09755,7.09,1,1,0,68.3,4,Yes,Yes,81.5,73,Placed
STU06567,8.83,1,2,1,71.8,4.2,Yes,No,51.8,91.4,Placed
STU03659,7.64,0,1,0,79.9,4,Yes,No,80.7,65.2,NotPlaced
STU09558,8.16,2,2,0,67.2,3.8,No,No,64.1,82.4,NotPlaced
STU04986,8.97,2,2,1,69.9,2.7,Yes,Yes,48.9,63.6,Placed
STU03930,7.66,1,2,0,84.1,4,No,No,94.8,83.1,Placed
STU01360,7.67,0,1,2,69.4,4.6,Yes,No,60.4,81.1,NotPlaced
STU06127,8.55,0,2,2,69.5,2.9,Yes,Yes,80.1,74.2,Placed
STU09829,7.97,2,1,1,72.4,5,Yes,Yes,84.2,64.6,Placed
STU01938,7.92,2,2,1,69.4,4.5,Yes,Yes,91.4,68,Placed
STU08501,9.75,2,2,1,59,4.4,No,Yes,66.4,55.8,Placed
STU03877,8.36,1,2,0,66.9,4.4,Yes,Yes,81.5,40,Placed
STU00908,8.17,2,3,1,70.9,3.2,Yes,Yes,74.1,57.7,Placed
STU03692,8.26,2,1,0,58.1,3.1,Yes,Yes,60.6,65.7,Placed
STU05210,7.56,0,2,1,66.2,2.9,Yes,Yes,71,75.7,NotPlaced
STU00464,7.69,0,1,2,47.5,2.7,Yes,Yes,62.1,57.5,NotPlaced
STU06884,7.33,0,2,2,77,2.9,Yes,No,72.3,100,NotPlaced
STU07175,8.74,2,2,2,68.1,4.1,No,No,61,53.3,Placed
STU09183,7.31,0,3,3,63.6,3.5,Yes,No,40.2,56.8,Placed
STU09392,8.86,1,0,1,95.3,4.3,Yes,Yes,86.2,44.9,Placed
STU00873,6.26,1,3,2,51.1,4.8,No,Yes,87.1,75.4,Placed
STU06937,8.8,3,3,1,68.7,4.6,No,Yes,75.7,68.5,Placed
STU01898,8.94,0,1,1,67.3,3.2,No,No,73.6,57.5,NotPlaced
STU09218,7.74,1,2,2,78,3.3,No,No,91.4,65.2,Placed
STU01227,7.54,1,1,2,71.1,2.5,No,Yes,77.1,80.5,NotPlaced
STU04383,6.9,1,2,0,68.8,1.7,Yes,Yes,53.9,73.1,NotPlaced
STU07849,6.91,1,2,3,66.4,4.1,Yes,Yes,72.2,67.1,Placed
STU04495,8.27,1,1,2,65.6,3.8,No,Yes,80.8,64.4,Placed
STU02872,7.91,1,2,0,100,4.6,Yes,Yes,58.5,65.2,Placed
STU02350,7.15,1,2,0,72.5,3.9,Yes,Yes,88.5,85.1,Placed
STU09781,7.09,3,1,1,73.1,4.2,Yes,Yes,69.5,73.8,Placed
STU09084,7.77,1,1,1,92.8,4.4,Yes,Yes,74,80.6,Placed
STU03178,7.05,1,3,2,83.5,2.4,No,Yes,68.7,85.3,Placed
STU04428,6.74,2,2,2,96.2,3.3,Yes,No,61,55.5,Placed
STU07758,9.59,1,2,0,79.5,4.5,Yes,No,60.3,59.6,Placed
STU02023,8.72,2,1,0,73.4,3.1,Yes,No,88.4,85.1,Placed
STU06239,6.82,2,4,2,91.1,3.1,Yes,No,50.9,86,Placed
STU02099,6.1,1,1,0,59.6,2.6,Yes,Yes,49.2,73.3,NotPlaced
STU07302,7.04,1,1,1,69.5,2.4,No,Yes,82.6,84,NotPlaced
STU05173,7.13,2,3,0,64.3,4.5,Yes,No,86,70.5,Placed
STU04186,7.82,3,2,1,72.7,3.6,No,Yes,64.4,60.9,Placed
STU01786,6.19,3,2,0,70.8,4.1,No,No,82.8,55,Placed
STU08046,8.21,1,1,1,75.2,3.9,Yes,No,61,59.5,Placed
STU05681,6.64,3,0,1,76.6,2.9,Yes,Yes,82.3,79.1,Placed
STU07793,6.67,1,2,2,68.5,3,No,Yes,40.3,79.6,NotPlaced
STU02863,6.51,0,1,3,75.1,4.1,No,Yes,75.3,77.2,Placed
STU07283,9.27,1,0,2,63.5,4,No,Yes,72.1,60.5,NotPlaced
STU03917,7.42,1,3,2,74.6,3,Yes,Yes,72.2,92,Placed
STU02012,6.81,2,2,1,78.5,2.6,Yes,Yes,72.3,70.6,Placed
STU00885,8.11,2,1,2,74.3,3.4,Yes,Yes,71.9,77.6,Placed
STU08073,6.94,2,1,0,72.5,3.8,No,Yes,83.6,79,Placed
STU05214,7.86,2,2,1,68.7,2.3,Yes,Yes,67.9,78.2,Placed
STU06626,5.66,2,4,1,64.2,3,Yes,Yes,83.6,71.8,Placed
STU02541,6.86,0,2,2,64.4,3.6,Yes,No,86.9,80.3,NotPlaced
STU02936,8.83,2,1,3,58.3,4.6,No,No,73.9,64.4,Placed
STU08899,6.55,1,1,2,81.1,3.2,Yes,Yes,60.3,67.1,Placed
STU09333,6.98,2,0,3,79.9,3,No,No,75.9,71.1,Placed
STU07512,9.66,0,2,1,90.8,4,No,No,70.8,64.3,Placed
STU00524,8.01,1,1,2,78.8,4.4,No,Yes,74.2,69,Placed
STU02294,6.77,2,2,1,88.4,4.3,Yes,No,88.3,90.4,Placed
STU02954,8.87,2,2,3,78,2.9,Yes,Yes,83.6,45.4,Placed
STU01187,6.62,0,1,1,70.7,3.4,No,No,68.2,47.4,NotPlaced
STU09097,6.36,1,2,1,66.1,4.8,Yes,No,56.4,72.9,Placed
STU09055,5.93,0,1,2,77,4,Yes,No,69.9,59.6,NotPlaced
STU09522,9.28,1,2,0,83.3,2.4,No,Yes,100,74.1,Placed
STU01539,6.45,1,1,2,60.3,4,Yes,No,59.6,68.7,NotPlaced
STU03553,7.81,2,3,2,74.9,2.7,Yes,No,47.5,66.5,Placed
STU07842,7.1,0,2,0,79.3,3.2,Yes,Yes,86.1,76.7,Placed
STU06561,7.23,0,1,0,81.9,3.1,No,No,77.9,83.6,NotPlaced
STU03663,7.84,0,2,1,67.1,3.4,No,Yes,84.8,96.1,NotPlaced
STU02497,7.25,0,2,2,47.8,3.5,Yes,No,77.2,72.3,NotPlaced
STU01775,6.83,0,1,1,66.5,2.6,No,No,65.6,80.4,NotPlaced
STU00674,7.17,0,2,1,66.7,3.5,Yes,No,67.4,53,NotPlaced
STU04533,7.95,1,2,0,77,3.6,Yes,No,60.1,68.8,Placed
STU09162,7.41,0,2,1,72.9,5,Yes,Yes,83.4,82.6,Placed
STU08161,7.37,1,2,1,70.6,2.9,No,Yes,61.7,78.1,Placed
STU02768,7.91,0,1,3,67.4,2.4,No,Yes,85.2,93.5,Placed
STU06303,8.36,1,1,1,79.2,2.6,No,No,52.3,64.6,NotPlaced
STU08891,7.23,2,1,1,74.3,3.6,No,Yes,59.5,56.1,Placed
STU01133,8.95,2,1,0,78.3,3.7,No,Yes,66.8,68.5,Placed
STU02712,8.88,0,1,1,66.8,3.9,Yes,No,82.4,81.3,NotPlaced
STU06968,7.43,1,4,2,77.6,4.6,Yes,No,67.9,88.4,Placed
STU01969,7.32,0,1,1,75.5,3.6,Yes,No,48.9,61.2,NotPlaced
STU09715,7.91,0,2,0,79.6,4.1,Yes,Yes,51.6,61.2,Placed
STU02177,6.05,2,0,1,73.1,4.5,No,Yes,100,63,Placed
STU04996,7.46,3,1,2,69.3,3.5,Yes,Yes,85.3,51.4,Placed
STU02716,5.61,2,1,0,52.5,2.9,No,Yes,65.5,66.1,NotPlaced
STU09605,8.27,1,4,1,81,3.4,Yes,Yes,61.5,60.2,Placed
STU06062,8.15,1,3,1,59,3.8,Yes,Yes,77.1,40,Placed
STU04838,6.82,1,1,1,74.3,3.9,No,No,88.4,81.9,NotPlaced
STU07923,6.37,1,1,0,73.2,3.8,No,Yes,92.2,78.3,NotPlaced
STU00717,7.6,1,3,1,57.8,3.6,Yes,No,91.1,52.8,Placed
STU05231,9.13,1,2,0,69.5,4.4,Yes,Yes,70.3,92.5,Placed
STU01117,9.66,0,1,0,76.8,3.3,Yes,Yes,60.8,62.8,Placed
STU05513,8.07,2,2,2,78.7,3.2,No,No,76.5,64.8,Placed
STU08167,9.07,0,3,1,61,4.3,Yes,No,67.3,78.1,NotPlaced
STU09453,6.94,2,3,2,56.1,4.3,Yes,Yes,74.1,77.5,Placed
STU07676,6.83,0,3,2,78.4,4,No,Yes,79.7,76.9,Placed
STU08854,5.7,3,2,2,91.3,5,Yes,Yes,60.8,50.9,Placed
STU06240,7.82,2,3,1,66.6,3.8,No,No,80.8,84.9,Placed
STU04869,7.63,0,3,2,73.3,2.9,No,No,73,72,NotPlaced
STU02861,7.02,1,1,1,76.4,4.5,Yes,No,76.4,59.3,NotPlaced
STU00797,7.46,1,1,1,74.2,3.6,No,Yes,67.4,75.4,Placed
STU04934,8.51,1,0,2,75.4,3,No,No,83,80.7,NotPlaced
STU03687,9.74,1,3,2,75.6,2.9,No,Yes,95.7,85.3,Placed
STU02274,7.53,0,1,1,57.8,3,Yes,Yes,67.3,53.2,NotPlaced
STU01176,7.25,0,3,2,64.8,2.9,Yes,Yes,69.8,55.8,Placed
STU00538,7.15,2,2,0,80.4,4,Yes,Yes,70.7,79.7,Placed
STU04821,7.36,2,2,0,62.9,2.1,Yes,No,67,69.3,Placed
STU03420,7.02,2,3,0,84.6,2.6,Yes,Yes,81.7,76.1,Placed
STU08294,9.47,0,2,2,77.3,3.6,No,No,58.7,76.9,Placed
STU03744,7.65,1,0,0,77.1,3.4,Yes,Yes,46.2,75,NotPlaced
STU08819,7.94,1,2,1,68.3,3.7,Yes,No,74.1,61.8,NotPlaced
STU06725,7.05,0,1,1,71,4.5,No,Yes,68.8,51.3,NotPlaced
STU02086,6.4,1,1,2,75.3,2.3,Yes,No,40,50.9,NotPlaced
STU05358,6.69,2,3,1,68.2,4,No,Yes,65.9,71,Placed
STU01215,7.23,1,1,1,73.6,4.9,No,No,67.6,87.4,NotPlaced
STU01051,6.94,1,1,0,62.5,4.2,Yes,No,59.7,76.3,NotPlaced
STU06788,6.48,0,2,1,63.1,4,Yes,No,82.3,68,NotPlaced
STU09786,7.68,2,1,1,100,3.1,No,No,79.6,74.2,Placed
STU03000,7.36,0,2,1,81.8,5,Yes,Yes,90.1,76.9,Placed
STU04804,6.86,1,4,3,87,3.5,Yes,No,59.6,83.1,Placed
STU00539,8.41,1,1,2,72.6,3.2,No,Yes,88.6,45.8,Placed
STU05920,6.51,1,2,1,68.2,3.8,No,No,64.1,54.5,NotPlaced
STU05347,7.25,0,3,2,77.4,2.7,Yes,Yes,51.4,53.7,Placed
STU01874,8.2,1,3,1,74.5,4.3,No,No,79.5,75.7,Placed
STU05288,8.73,2,1,1,66.9,5,No,No,64.5,91,Placed
STU03779,5.63,2,2,1,85.8,2.8,No,No,80.2,100,Placed
STU01075,8.4,1,1,0,75.1,3.5,Yes,No,88.4,62.9,NotPlaced
STU04193,8.66,1,3,1,56.4,3.7,No,Yes,92.4,68.7,Placed
STU09087,9.33,1,0,0,75.4,3.5,Yes,No,73.7,90.5,NotPlaced
STU03347,7.24,0,2,3,93.9,4.1,Yes,Yes,80.5,67.8,Placed
STU05346,9.01,1,3,0,73,3.1,No,Yes,45.1,50,Placed
STU06888,9.13,1,3,1,71.4,3.5,Yes,Yes,75.5,65.1,Placed
STU09490,7.74,1,1,1,83.5,1,No,Yes,64.6,49.7,NotPlaced
STU07428,6.45,1,3,2,68.6,3.4,Yes,No,68.9,68,Placed
STU05721,7.11,1,1,1,82.1,3.1,Yes,No,89.1,81.9,Placed
STU02621,8.13,1,1,0,53.8,1.9,Yes,Yes,82.5,63.2,Placed
STU02022,7.75,1,3,0,74.4,2.6,Yes,Yes,75,71.9,Placed
STU07642,7.58,2,1,3,77.1,3.2,No,No,66.8,80.6,Placed
STU05974,5.56,2,3,0,63.2,3.2,Yes,Yes,90.3,91.9,Placed
STU01685,6.44,0,3,2,82.4,3.8,No,No,80,63.7,NotPlaced
STU01116,7.83,0,2,2,59.9,2.1,Yes,No,71,56.2,NotPlaced
STU06582,7.72,1,2,2,72,3.4,No,No,99,79.2,Placed
STU05537,6.55,0,1,3,100,3.8,No,No,81.7,59.4,NotPlaced
STU03430,8.49,1,3,1,85.6,2.9,No,Yes,75.7,63.5,Placed
STU03598,8.41,2,1,1,69.1,2.7,No,Yes,82.6,64.3,Placed
STU09025,7.54,0,1,2,75,3.2,No,No,87.4,46.4,NotPlaced
STU06057,7.57,0,2,2,40,1.5,Yes,No,68.4,81.8,NotPlaced
STU06586,7.59,1,0,2,78.3,3.4,Yes,No,73.5,83.9,Placed
STU07099,6.71,1,2,2,74.7,2,Yes,No,64.5,60.9,NotPlaced
STU08225,8.33,0,2,1,82.7,4.8,Yes,No,69.4,66,Placed
STU01956,8.74,2,3,2,94.1,2.5,No,No,44,64.3,Placed
STU03510,7.02,1,1,2,73.2,2.4,No,No,65,93,NotPlaced
STU03044,7.7,2,0,0,76.2,5,Yes,No,74,90.1,Placed
STU03673,6.47,0,2,1,76.6,2.6,No,No,79.8,40,NotPlaced
STU03186,8.7,2,3,3,60.6,3.1,No,No,86.3,73.4,Placed
STU08435,7.24,1,2,1,78.7,4.4,Yes,Yes,51.3,72,Placed
STU06397,7.61,0,1,1,88.5,3.4,No,No,100,68.6,NotPlaced
STU01270,8.61,2,2,3,81.8,4.1,No,Yes,64.2,64.6,Placed
STU00463,6.87,1,3,1,68.2,4.6,No,No,68.4,70.6,Placed
STU05041,7.95,2,2,1,68.3,3.9,No,No,69.2,73,Placed
STU07503,8.18,3,3,0,73.9,3.5,Yes,No,72.2,71.6,Placed
STU01449,8.61,1,1,3,81.2,5,Yes,Yes,59.6,56.3,Placed
STU07373,7.15,0,2,1,51.2,2.9,Yes,Yes,95,58,NotPlaced
STU03822,7.74,1,2,0,55.8,3.5,No,Yes,87.6,78.1,NotPlaced
STU08585,7.26,0,2,1,82.7,2.9,No,No,66,64.5,NotPlaced
STU01626,8.47,0,2,2,77.8,4.3,Yes,Yes,75,73.6,Placed
STU06855,7.52,1,3,3,84.2,3,No,Yes,63.6,72.4,Placed
STU04230,7.51,1,3,2,71.8,3.1,Yes,No,71.7,78.6,Placed
STU04718,8.57,2,0,1,71.8,3.6,No,No,47.4,55.2,Placed
STU07258,8.08,1,1,0,73.6,2.3,No,Yes,52.3,63.7,Placed
STU00763,9.8,0,3,0,54.7,4.3,Yes,Yes,71.6,64,Placed
STU04289,8.86,0,2,2,80.5,3.8,Yes,Yes,80.3,76.6,Placed
STU05888,6.75,3,1,0,63.2,3.6,Yes,Yes,78.5,65.9,Placed
STU06994,8.47,0,2,0,69.2,4.4,Yes,Yes,71.5,74,Placed
STU05226,6.53,1,1,2,72.4,2.9,Yes,No,63.5,80.7,NotPlaced
STU08676,8.31,1,2,1,66.9,4.1,No,No,68.7,86.3,NotPlaced
STU07040,6.8,1,2,1,71,4.5,No,No,99.6,99.4,NotPlaced
STU05814,6.74,3,4,1,78.6,3.8,Yes,No,78.8,80,Placed
STU05936,7.9,1,1,3,56.6,3.7,Yes,Yes,77.8,77.1,Placed
STU01894,7.4,0,3,2,81.9,4.1,Yes,No,90.3,60.2,Placed
STU00195,7.66,1,1,1,70.2,3.7,Yes,Yes,60.4,55.2,Placed
STU09777,7.86,2,3,0,80.1,2.4,Yes,No,93.8,61.9,Placed
STU06075,9.04,1,2,0,70.6,4,Yes,Yes,82.5,55.6,Placed
STU08541,7.21,0,1,1,77.5,4.9,Yes,Yes,67.8,45.6,NotPlaced
STU00039,6.3,0,2,3,67,3.1,Yes,No,69.3,83.4,NotPlaced
STU03848,7.08,1,2,1,65.7,2.3,No,Yes,84.3,61,NotPlaced
STU00406,8.06,1,3,1,76.3,2.4,Yes,Yes,72.5,79.7,Placed
STU04068,7.77,2,2,1,66,3,No,No,77.6,82.1,Placed
STU09949,7.32,2,2,0,86.7,4,Yes,Yes,50.6,80.7,Placed
STU05206,8.24,0,4,2,62.2,3.4,Yes,No,77.8,75.2,NotPlaced
STU02351,8.45,0,3,1,63.5,4.1,Yes,No,51.5,43.6,NotPlaced
STU08594,7.62,1,2,2,74.3,2.5,No,Yes,52.8,57.9,Placed
STU04136,7.15,2,2,0,66.6,3.4,No,No,89.4,65.4,NotPlaced
STU00153,6.89,0,1,0,59,3.5,Yes,No,73.8,61.6,NotPlaced
STU02606,7.33,2,2,1,86.6,3.7,No,No,71.2,98.7,Placed
STU06580,5.89,0,1,1,81.6,3.1,Yes,No,79.5,84.8,NotPlaced
STU05207,8.54,1,3,1,67.5,2.9,Yes,Yes,77.3,88.4,Placed
STU09379,7.14,0,2,1,66.9,3.6,Yes,Yes,100,72.2,NotPlaced
STU00774,8.38,1,3,1,64.4,3.8,No,No,79.3,74.4,Placed
STU05822,7.74,1,2,3,52.3,4.7,Yes,No,76.5,49.1,Placed
STU00779,7.43,1,2,0,71.7,3.7,Yes,No,62.4,57.4,NotPlaced
STU05376,8.17,0,2,1,65,4.4,Yes,Yes,77.5,81.4,Placed
STU06283,8.33,3,2,0,72.9,2.3,Yes,Yes,62.7,52.8,Placed
STU08988,6.95,0,2,1,83.3,3.9,No,No,62.1,85,NotPlaced
STU00304,8.05,2,3,1,56,2.9,No,No,59.7,67.9,Placed
STU03127,5.78,0,1,0,71.1,3,Yes,No,85.5,74.4,NotPlaced
STU09120,8.74,1,0,2,79.8,4.1,Yes,Yes,78.8,60.3,Placed
STU04763,8.1,2,1,1,68.3,3,Yes,Yes,66.6,85.3,Placed
STU00724,8.17,1,1,2,78.8,4.2,No,No,54.2,58.1,NotPlaced
STU02319,7,2,2,0,83.2,3.2,Yes,Yes,60.5,77.1,Placed
STU01673,7.15,1,3,0,63.9,3.7,Yes,No,85.2,69.7,Placed
STU04335,7.93,2,3,2,80.4,3.4,No,No,67.8,54.6,Placed
STU06565,7.48,1,2,2,85.6,3.4,Yes,Yes,71.5,51.5,Placed
STU05370,8.93,1,2,2,73.4,2.3,No,No,62.6,40,NotPlaced
STU00344,7.04,1,2,3,84.7,2.8,Yes,No,78.5,75.7,Placed
STU08350,8.66,1,2,1,65.3,3.2,No,No,73.2,67.3,NotPlaced
STU00608,6.38,1,0,2,62.3,2.4,Yes,Yes,49.3,62.7,NotPlaced
STU05063,7.2,1,1,2,66.4,2.3,No,No,75.7,60.7,NotPlaced
STU01387,8.67,0,1,2,55.2,3.2,No,Yes,65.7,74.7,NotPlaced
STU06401,7.8,1,2,1,74.2,2.6,No,Yes,70.3,69.5,Placed
STU07060,8.12,0,0,1,72.1,2.1,Yes,No,71.2,86.1,NotPlaced
STU03464,8.42,2,1,2,63.7,3.8,No,No,67.1,87.7,Placed
STU05203,7.63,0,1,2,75.9,3.2,Yes,No,96.6,68.6,NotPlaced
STU02149,7.41,1,2,2,82.8,4.5,No,No,76.7,79.6,Placed
STU02536,7.23,0,1,1,85.7,3.7,Yes,Yes,80.2,68.9,NotPlaced
STU06795,7.32,1,2,0,79.6,5,Yes,No,72.9,73.7,NotPlaced
STU07882,7.29,2,3,1,64.1,4.1,Yes,No,49.9,76.6,Placed
STU09458,7.55,0,3,2,51.6,4.5,No,No,61,68.3,NotPlaced
STU08996,7.59,2,3,1,73.2,4,Yes,Yes,52.7,66.4,Placed
STU09963,8.12,2,2,1,69.8,2.8,Yes,Yes,56.9,62.5,Placed
STU07715,8.67,0,3,1,57.4,3.3,Yes,Yes,100,75.4,Placed
STU01453,7.72,1,1,0,75,3.6,Yes,No,44.7,64.4,NotPlaced
STU08290,5.78,2,2,1,47.9,4.5,No,No,70.4,66,NotPlaced
STU01245,6.92,1,1,0,75.4,3.8,Yes,Yes,85.3,76.1,NotPlaced
STU06376,8.49,1,4,2,84.3,3.2,Yes,Yes,90.9,61,Placed
STU06325,7.06,2,1,2,69,3.6,Yes,Yes,91.4,59.8,Placed
STU06843,9.18,1,3,0,91.4,4,No,No,74.4,67.3,Placed
STU08417,7.44,1,1,0,79.4,3.2,Yes,No,73,83,NotPlaced
STU06176,7.26,1,3,1,78,1,Yes,No,83.2,80.4,NotPlaced
STU00965,7.42,0,2,2,81.3,3.8,Yes,Yes,65.9,62.8,Placed
STU09609,6.22,0,2,1,70.6,3.8,Yes,Yes,42.7,59.2,NotPlaced
STU05167,7.05,1,3,3,95.5,3.2,Yes,Yes,71.3,73,Placed
STU02184,8.74,1,3,1,79.7,2.7,Yes,Yes,76.3,69.8,Placed
STU04830,6.55,1,1,1,87.2,4.2,No,No,65.4,61.2,NotPlaced
STU00922,6.58,0,1,0,60.8,4.4,Yes,Yes,70,94.7,NotPlaced
STU06268,8.37,2,2,2,74.2,3.3,Yes,Yes,58.6,77.5,Placed
STU02605,6.94,1,1,1,61.8,3.9,Yes,No,85.2,60.6,NotPlaced
STU07108,7.37,1,4,0,86.7,4,Yes,No,74.1,58.6,Placed
STU08259,7.21,1,4,1,76.9,3.7,Yes,Yes,56.5,56.5,Placed
STU01325,7.56,0,1,2,65,4.2,No,Yes,72.5,62.7,NotPlaced
STU07770,8.55,2,3,0,73.7,3,Yes,No,82.2,73.1,Placed
STU02302,6.6,1,1,2,67.7,3.9,Yes,Yes,60.7,68.7,Placed
STU02815,9.15,1,0,1,69.9,4,No,No,41.2,71.4,NotPlaced
STU05601,7.33,0,2,1,86.6,4.3,No,Yes,58.9,97.8,Placed
STU09352,7.93,0,0,0,74.5,3.5,Yes,Yes,85.2,74.6,NotPlaced
STU00572,9.01,3,3,1,62.9,2,No,Yes,87.4,77.9,Placed
STU02607,6.96,1,2,0,65.4,3.2,Yes,No,67.8,62.2,Placed
STU09598,7.47,1,1,0,75.3,3.1,Yes,Yes,55.4,79.1,Placed
STU00620,7.7,1,2,0,55.1,2.4,Yes,No,74.1,60,NotPlaced
STU04104,8.3,2,2,2,64,2.4,No,Yes,73.3,71.4,Placed
STU00888,7.18,1,2,1,63.3,3.4,Yes,Yes,64.6,72.9,Placed
STU01602,8.74,1,1,0,71.7,4,Yes,Yes,61.6,59.5,Placed
STU08847,7.19,1,2,0,80.6,2.3,Yes,Yes,82.8,89.3,Placed
STU02890,7.84,2,1,0,65.1,3,No,No,75.9,80.4,Placed
STU09406,9.12,0,4,2,71.4,3.4,No,Yes,100,100,Placed
STU00794,6.35,0,1,1,54.8,4.9,Yes,No,95,68.5,NotPlaced
STU07047,7.51,1,3,2,85,3.9,No,No,81.9,76.1,Placed
STU03798,7.69,0,1,1,64.6,3.1,No,No,70.4,60.9,NotPlaced
STU01332,8.6,2,2,2,59.4,4,Yes,Yes,71.2,79.4,Placed
STU05723,6.81,0,1,0,58.3,3.7,No,No,84.1,82.6,NotPlaced
STU01630,8.27,0,2,2,61.1,4.4,Yes,Yes,69.6,63,Placed
STU01165,8.42,1,2,1,72.3,3.3,Yes,No,73.7,66.4,Placed
STU03712,6.32,2,0,2,95.1,3.3,No,Yes,73.3,91.4,Placed
STU01934,7.4,0,2,1,86,2.4,Yes,No,95.5,69.6,NotPlaced
STU01739,8.36,0,4,1,67.2,4.1,Yes,No,65.1,89.7,Placed
STU00354,7.36,2,1,1,72,2.6,Yes,Yes,72.3,75,Placed
STU02191,6.06,1,2,1,79.3,4.1,Yes,Yes,59.7,71.4,Placed
STU03910,6.84,2,1,1,73.5,3.5,No,No,61.7,62.6,NotPlaced
STU00474,8.73,0,1,1,68.2,3.4,Yes,Yes,70.7,93.1,NotPlaced
STU04102,6.8,1,2,0,60,3.7,No,No,79.1,63.2,NotPlaced
STU00994,6.89,0,0,2,79.8,2.8,Yes,No,84.3,74.3,NotPlaced
STU03861,7.09,0,1,2,77,2.1,Yes,No,76.4,74.3,NotPlaced
STU03820,6.43,1,2,2,64.1,3.4,Yes,No,67,70.8,NotPlaced
STU06291,7.28,1,1,1,87.2,4.1,Yes,No,64.9,62.8,Placed
STU00413,6.12,0,2,2,75.5,3,No,No,76,73.4,NotPlaced
STU08530,7.1,2,3,0,58.6,3.7,Yes,Yes,66.6,67.9,Placed
STU06446,6.69,1,1,0,71.4,4.3,Yes,Yes,75.7,60.3,NotPlaced
STU02525,8.33,0,1,1,84.3,2.5,Yes,No,72.4,62,NotPlaced
STU04042,8.19,1,2,1,85.2,3.1,Yes,Yes,51.2,69.4,Placed
STU01879,5.98,1,2,2,77.9,4.1,No,No,69.5,97.3,NotPlaced
STU07480,7.18,0,0,2,64.8,3.8,Yes,No,94.9,69.9,NotPlaced
STU01974,7.68,2,1,2,73.6,3.3,Yes,Yes,65.2,74.3,Placed
STU08614,7.35,1,3,0,52,3,Yes,Yes,77.5,57.1,Placed
STU04320,7.2,0,0,2,75.1,4.5,Yes,No,72.4,55.9,NotPlaced
STU00911,7.22,3,2,0,71.5,3.9,Yes,No,62.4,74,Placed
STU07338,5.94,1,2,1,55.8,4,Yes,Yes,79.7,79.4,Placed
STU09472,8.92,2,1,1,89.9,5,Yes,No,70.8,75.3,Placed
STU07579,6.99,1,3,1,76,3.5,No,No,80.6,81.2,NotPlaced
STU03661,7.18,1,1,2,79.9,1.7,Yes,Yes,63.9,65.2,Placed
STU00035,8.24,2,2,2,70.4,4.1,Yes,No,61.1,77.1,Placed
STU07685,8.39,0,3,1,64.6,3.4,Yes,Yes,61.7,61.5,Placed
STU05160,6.48,0,1,2,73.4,3.9,Yes,No,84.4,73.1,NotPlaced
STU01111,7.33,2,2,0,85.1,2.2,Yes,No,82.4,78.9,Placed
STU08770,8.2,2,1,1,69.2,4.3,Yes,Yes,61,75.2,Placed
STU09810,7.32,1,2,1,84.8,2,No,No,77.5,50.2,NotPlaced
STU03401,7.94,0,2,2,79.7,2.9,Yes,Yes,69.8,75.8,Placed
STU02828,7.44,2,2,3,77.6,3.9,No,No,98.6,74.5,Placed
STU08658,8.98,1,2,3,73.8,4.5,Yes,Yes,69.9,97.5,Placed
STU00320,7.38,0,0,1,65.9,4.6,Yes,No,64.6,66.5,NotPlaced
STU01322,7.98,0,1,2,67.6,4.5,Yes,Yes,70.3,60.1,NotPlaced
STU04738,7.53,1,3,1,69.3,3.5,Yes,Yes,53.6,80.1,Placed
STU01835,6.95,0,2,1,81.5,3.4,Yes,Yes,90.2,63.2,Placed
STU01736,6.05,2,3,1,82.2,3,Yes,No,67.7,64.8,Placed
STU09774,7.31,1,0,1,58.1,4.4,Yes,Yes,64.8,72.7,Placed
STU04177,7.49,1,2,0,58.4,5,Yes,No,70.4,91,NotPlaced
STU03045,8.14,0,1,2,66.1,4.2,No,Yes,74.2,68.2,Placed
STU08427,8.25,2,3,2,66,2.4,Yes,No,62,64.6,Placed
STU02587,6.31,1,1,0,79,1.6,No,No,74,56.5,NotPlaced
STU08593,9.24,0,1,2,65.3,3.9,No,No,58.4,51.2,NotPlaced
STU06763,7.77,2,1,1,73,2.5,Yes,Yes,92.7,62.2,Placed
STU07498,9.41,0,4,3,74.3,2.6,Yes,Yes,66.5,78.2,Placed
STU09628,9.66,0,2,1,77.2,3.9,Yes,No,78.9,86.2,Placed
STU02986,6.64,0,3,2,79,3.6,Yes,Yes,81.2,57.1,Placed
STU04577,6.44,1,1,1,71.3,4.3,Yes,Yes,88.1,95.6,Placed
STU03098,8.03,0,1,3,82.2,2.1,No,No,79.4,67.8,NotPlaced
STU09760,7,1,2,2,65.7,4.3,No,No,74.2,76.8,Placed
STU02434,7.34,0,3,0,76.6,3.7,Yes,Yes,75.4,80.7,NotPlaced
STU01522,8.02,1,2,2,64.5,4.2,Yes,No,78.2,75.4,Placed
STU00204,8.45,2,2,3,60.6,3.3,Yes,Yes,78,93.2,Placed
STU03878,7.72,1,2,2,82.5,3,Yes,Yes,51.5,56,Placed
STU05067,7.53,1,3,2,83.4,3.1,Yes,Yes,83.7,79,Placed
STU00713,7.01,0,3,0,65.8,3,Yes,Yes,75.4,68.7,NotPlaced
STU08272,8.45,1,1,2,70.4,5,No,No,80.7,79.8,NotPlaced
STU06438,7.25,0,2,2,78.2,3.9,No,Yes,77.2,60.9,Placed
STU06599,5.91,0,3,1,53.1,2.2,Yes,Yes,89.4,70.5,NotPlaced
STU05177,6.33,3,1,0,87.1,3.6,No,Yes,78.5,57.6,Placed
STU05933,7.59,1,2,2,63.4,2.8,Yes,Yes,68.9,57.1,Placed
STU07556,7.74,2,0,2,64.4,3.7,Yes,No,49.8,64,Placed
STU03351,7.03,3,2,2,74,4.2,No,Yes,48.1,66.5,Placed
STU04985,8.01,1,2,0,74.4,2.9,Yes,No,69.3,65.5,Placed
STU09568,7.97,1,1,2,82.8,2.5,No,Yes,86.4,67.5,Placed
STU03304,6.58,0,3,3,68.6,4.1,Yes,No,76.6,48.3,NotPlaced
STU04325,6.81,1,3,2,76.2,1.9,Yes,Yes,86.8,60.5,Placed
STU07041,8.19,0,4,0,93.7,3.6,Yes,No,80.2,63.7,Placed
STU00416,6.83,1,1,0,51.7,3.3,No,Yes,79,69.8,NotPlaced
STU04967,6.65,1,2,0,61.7,2.9,Yes,Yes,90.2,40.5,NotPlaced
STU08565,5.38,1,1,0,82.8,4.1,No,Yes,76.6,73.2,NotPlaced
STU09726,7.23,0,3,1,74.1,3.6,Yes,No,78.8,67.2,NotPlaced
STU07934,8.72,1,3,1,78.1,3.6,No,Yes,85,56,Placed
STU03180,7.96,2,0,3,75.4,4.4,Yes,Yes,53,64.7,Placed
STU07370,7.05,0,1,3,79.8,3.6,Yes,No,68.1,70.8,NotPlaced
STU08315,8.28,0,1,1,61.7,4.1,No,Yes,80.7,41.6,Placed
STU01403,8.57,1,4,3,68.8,4.1,Yes,Yes,79,56.3,Placed
STU02787,6.81,0,1,1,90,3.2,Yes,Yes,81.4,85,NotPlaced
STU07545,8.45,0,2,3,73.2,3,Yes,Yes,67.1,88.7,Placed
STU07885,7.63,0,2,1,68.9,4.9,No,Yes,70.9,81.8,Placed
STU07279,7.43,0,1,0,82.2,3.4,Yes,No,89.6,76.2,NotPlaced
STU08753,8.06,2,0,1,75.7,4.1,Yes,No,93.4,40,Placed
STU00207,7.96,3,2,0,73.3,4.2,Yes,Yes,67.4,69.4,Placed
STU00776,6.09,2,3,2,62,3.6,Yes,Yes,70.8,49.3,Placed
STU09292,7.8,3,1,1,81.2,2.2,Yes,No,65.3,68.5,Placed
STU06109,7.98,0,2,2,75.4,2.8,No,Yes,97.2,83.6,Placed
STU03900,7.84,1,2,2,59.9,3.3,No,No,66.7,82.3,Placed
STU07928,7.63,0,2,0,66,4.7,Yes,Yes,69.7,65.7,Placed
STU06619,6.21,1,3,2,70.2,4.1,Yes,No,81.8,56.4,Placed
STU07811,8.02,0,1,1,69.6,3.7,No,No,55.4,73.8,NotPlaced
STU08318,8.26,0,1,2,76.4,5,Yes,Yes,45.8,62.5,NotPlaced
STU03640,7.91,0,4,1,65.7,3.2,No,Yes,62.6,87.5,Placed
STU04848,7.02,2,2,1,60.2,1.6,Yes,Yes,59.8,72.3,Placed
STU09604,7.16,1,2,1,76.1,3.2,Yes,No,58.5,73,NotPlaced
STU06966,7.98,1,2,1,77,2.5,No,Yes,82.9,59.8,Placed
STU00486,6.22,1,2,1,76.6,2.6,No,Yes,73.9,48.3,NotPlaced
STU01670,7.99,3,2,2,84.5,3.3,No,Yes,72.7,89.2,Placed
STU06916,6.34,1,1,0,73.5,3.3,Yes,No,76.2,94.8,NotPlaced
STU07254,8.37,1,1,2,77.4,2.8,Yes,No,100,70.7,Placed
STU06018,7.67,0,1,1,67.6,3.4,Yes,Yes,76,53.8,NotPlaced
STU01472,6.95,1,2,0,67.8,3.8,Yes,Yes,62.2,84,NotPlaced
STU03299,6.46,1,0,2,49.2,3.9,No,No,71.6,72.6,NotPlaced
STU08756,8.64,1,3,3,82,3.1,Yes,No,82.4,50.6,Placed
STU06563,7.33,1,0,1,64.2,3.5,No,Yes,65,70.6,NotPlaced
STU08192,7.13,1,2,2,56.9,4,Yes,Yes,75.7,47.5,Placed
STU00564,7.21,1,1,2,56.9,3.5,Yes,No,75.7,62.3,NotPlaced
STU00677,6.5,1,3,1,67.2,3.2,Yes,No,62.8,68.4,NotPlaced
STU04617,8.53,1,0,2,70,3,Yes,Yes,78.1,67.2,NotPlaced
STU04120,6.56,1,2,2,89,3,No,No,62.1,75.8,Placed
STU09656,8.67,1,1,1,84.6,1.9,No,No,64.8,74.7,NotPlaced
STU05911,7.96,0,2,1,69.4,3.2,No,Yes,81.1,75,NotPlaced
STU03713,7.75,0,1,0,63.2,4.4,No,Yes,75.3,81.6,NotPlaced
STU09060,8.54,2,1,1,70.3,3.6,Yes,Yes,84,70.5,Placed
STU02416,7.74,0,3,2,50.2,2.8,Yes,Yes,79.3,88.2,Placed
STU04616,7.22,2,2,1,80.3,2.4,No,Yes,75.7,81.6,Placed
STU05189,6.67,1,3,0,66.8,3.7,No,No,83.4,83.2,NotPlaced
STU09865,7.6,2,2,3,56.1,4.4,No,Yes,84.1,65.9,Placed
STU02227,8.78,0,1,2,70.2,3.1,Yes,Yes,76.1,85.9,Placed
STU09544,6.99,1,3,1,74,3.5,Yes,No,67,67.2,Placed
STU07827,7.45,1,3,1,66.2,5,Yes,No,62.8,60,Placed
STU05187,7.17,0,4,1,77.5,2,Yes,Yes,71.9,81.1,Placed
STU02161,6.5,1,4,2,74.2,2.7,No,No,76.6,80.5,Placed
STU09427,6.62,2,2,3,57.1,3.5,No,Yes,70.7,73.6,Placed
STU02599,8.58,0,2,3,62.5,3.9,No,Yes,64.9,63.1,Placed
STU00788,7.91,2,1,0,80.9,3.3,No,No,75.9,56.8,NotPlaced
STU05983,9.29,1,2,1,64.6,5,No,No,68.5,62.5,Placed
STU09063,7.86,2,2,3,90.7,4.5,Yes,No,82.9,72.5,Placed
STU06583,7.26,2,1,1,83.6,4.7,No,No,64.3,70.1,Placed
STU00586,7.72,0,2,1,58,2.8,Yes,No,73.3,86.8,NotPlaced
STU03547,8.12,1,3,1,63.9,2.8,No,No,90.8,67.5,NotPlaced
STU02398,6.6,1,1,3,78.1,4,Yes,Yes,69.2,68.2,NotPlaced
STU03340,9.12,0,2,2,52.3,4.4,Yes,Yes,74.4,51.8,Placed
STU07868,8.23,1,0,0,69,3.6,Yes,Yes,74,83.8,NotPlaced
STU08274,7.15,2,1,1,70.9,3.3,Yes,Yes,71.6,55.9,Placed
STU05182,7.1,2,2,1,65.9,4.3,Yes,Yes,75.6,89,Placed
STU03469,7.09,1,2,3,68.1,2.6,Yes,Yes,40.3,71.9,Placed
STU08739,8.83,2,1,1,70.7,4.9,Yes,Yes,65.3,83.6,Placed
STU08079,7.82,1,0,3,79.6,4.6,No,Yes,81.3,81.2,Placed
STU07027,7.78,1,1,1,83.4,3.3,Yes,No,62.4,68.1,Placed
STU02450,6.88,2,1,1,60.7,4.1,Yes,No,77.5,66.1,Placed
STU03456,9.35,1,2,2,59,3.9,Yes,Yes,80.3,71.5,Placed
STU08499,5.9,1,0,2,82.4,1.9,Yes,Yes,96.4,76.8,NotPlaced
STU05598,7.25,2,1,1,65,3.7,No,Yes,81.3,60,Placed
STU07567,7.18,0,2,3,66.4,4.7,No,No,45.2,59.5,NotPlaced
STU07106,7.15,3,2,1,80.5,3.6,No,Yes,78.3,59.2,Placed
STU06965,7.68,2,3,3,75.9,3.2,No,No,67.2,40,Placed
STU05000,6.74,1,1,0,84.7,4.7,No,No,65.7,60.3,Placed
STU03499,7.34,1,3,2,64,2.5,Yes,Yes,64,74.4,Placed
STU08604,7.88,0,1,1,73,3.6,No,Yes,76.5,58.8,NotPlaced
STU06733,7.63,1,0,2,68.8,3.4,No,No,65.9,59.1,NotPlaced
STU00604,8.72,1,0,0,66.3,3.4,No,Yes,67.7,81.3,NotPlaced
STU07761,8.68,0,2,1,64.1,3.3,Yes,Yes,74.8,76,Placed
STU04410,8.29,1,0,2,56.5,3.4,Yes,Yes,63.7,86.2,Placed
STU05242,6.74,1,4,1,63.3,2.8,No,Yes,46.7,68.2,NotPlaced
STU05268,7.01,2,3,1,64.4,4.4,Yes,No,72.1,90.4,Placed
STU03837,8.61,0,3,1,85.9,3.6,No,No,79.2,62.6,Placed
STU07350,8.78,3,1,1,58.3,2.8,No,Yes,67.6,87.4,Placed
STU00851,6.94,0,2,1,53.2,3.6,Yes,No,70.3,76.5,NotPlaced
STU09531,8.23,1,1,3,65.5,2.6,No,Yes,53.6,69.4,NotPlaced
STU07438,7.45,0,1,1,57.2,1.9,No,Yes,70.7,77,NotPlaced
STU09991,8.79,0,1,0,81.8,2.8,No,No,51.6,68.8,NotPlaced
STU08084,8.2,1,1,1,54.7,4.1,Yes,Yes,68.3,81.1,Placed
STU00378,7.67,1,1,1,64.8,4.4,Yes,Yes,85.5,64.1,Placed
STU06241,7.31,1,2,0,60.8,3.2,No,Yes,61.6,60.5,NotPlaced
STU04441,6.28,1,3,3,76,4,Yes,Yes,74.9,61.1,Placed
STU07515,6.44,2,1,0,70.1,3.2,Yes,No,84.9,79.7,NotPlaced
STU06082,7.79,2,1,1,61.5,2.9,No,No,65.4,54.8,Placed
STU04472,8.66,1,1,2,77.6,4.4,Yes,No,83.5,67.4,Placed
STU09276,5.82,1,2,3,54.6,3.3,No,Yes,74,56.7,Placed
STU00022,7.3,1,2,2,65.8,2.5,Yes,No,53.1,71,Placed
STU05891,7.3,1,2,1,81.7,1.9,No,No,66,77.1,NotPlaced
STU08706,8.1,0,1,1,69.1,3.3,Yes,No,70.5,52.5,NotPlaced
STU06531,8.02,1,1,1,69.7,2.9,Yes,No,82.9,67.8,NotPlaced
STU09599,8.01,1,3,2,76.4,2.8,Yes,No,56.1,75.9,Placed
STU09649,7.78,1,1,0,82.5,2.3,Yes,Yes,73.5,59.3,NotPlaced
STU04977,8.74,3,1,1,75.7,3.7,Yes,Yes,66,63.7,Placed
STU02127,6.44,0,2,1,74.9,3.4,Yes,No,57.6,60.5,NotPlaced
STU02154,7.71,0,1,1,79.4,3.4,Yes,Yes,86.1,59,NotPlaced
STU00726,7.33,2,3,0,67.3,4,Yes,Yes,85.4,66.4,Placed
STU03845,8.95,1,1,1,65.1,4.7,No,No,92.8,65.1,NotPlaced
STU04164,5.85,0,4,1,61.1,4.3,No,Yes,75.2,79.1,NotPlaced
STU00949,7.46,0,1,1,73.3,2,Yes,Yes,67.4,70.6,NotPlaced
STU08855,7.36,0,2,1,72.1,1.7,Yes,No,46,64.9,NotPlaced
STU08995,7.48,0,1,2,66.8,3.2,Yes,Yes,84.9,73.2,NotPlaced
STU06010,6.75,2,0,0,69.9,3.2,No,Yes,81.8,58.8,Placed
STU00777,6.85,0,3,1,60.3,3.8,Yes,No,78,49.5,NotPlaced
STU07022,6.04,1,2,1,80.1,4,No,No,100,84.9,NotPlaced
STU08758,7.76,2,1,2,90.9,4.9,No,Yes,85.1,60.7,Placed
STU04914,7.64,1,3,2,67.3,3.6,No,No,87.6,73.9,Placed
STU00433,7.26,0,2,0,61.2,4.7,No,No,65.2,56.1,NotPlaced
STU02235,6.41,0,0,2,65.3,3.9,Yes,Yes,70,81.8,NotPlaced
STU00812,7.1,2,3,3,80.3,3.4,Yes,Yes,72.5,59.6,Placed
STU01872,7.31,1,3,2,76.1,4,Yes,No,74.1,83,Placed
STU06322,7.49,0,1,1,62,2.2,Yes,Yes,94.3,56.8,NotPlaced
STU09200,7.09,0,2,0,80.2,2.7,Yes,Yes,68,67.9,NotPlaced
STU08539,7.8,1,1,2,54.2,3.6,No,No,74.9,86.7,NotPlaced
STU06237,6.93,0,2,2,75.8,3.1,Yes,No,70.3,57.8,NotPlaced
STU03206,6.89,1,3,1,67.9,4.6,No,Yes,96.4,83.5,Placed
STU01526,8.48,2,0,1,70.4,3.7,No,Yes,69.5,62.3,Placed
STU08639,7.96,0,1,2,77,2.7,No,Yes,51.1,64.4,Placed
STU06844,6.73,0,0,0,76.9,3.2,Yes,No,88.2,64.1,NotPlaced
STU01084,9.37,0,1,1,80.2,3.4,No,Yes,85.3,59.9,Placed
STU01976,7.15,1,2,2,69.8,3.6,No,Yes,78.4,69.8,Placed
STU02057,7.07,2,3,2,71.1,3.3,No,No,68.7,84.6,Placed
STU00662,7.01,3,2,1,68.4,3.1,Yes,Yes,75.4,59.3,Placed
STU08478,6.1,1,0,1,75.6,4.5,Yes,No,86.8,79,NotPlaced
STU04837,7.08,1,0,1,75.4,3.5,Yes,No,89.7,77,NotPlaced
STU08498,8.59,1,2,0,69.8,3.4,Yes,Yes,60.3,67.5,Placed
STU05824,8.58,0,1,1,72.9,2.5,Yes,Yes,60.4,83.3,Placed
STU07002,5.9,2,1,0,85.4,3.6,No,Yes,66.2,77.8,NotPlaced
STU09883,6.42,1,1,1,65.2,3,No,No,74.9,89.5,NotPlaced
STU03391,6.08,1,4,1,74,3.7,No,Yes,50.7,55.2,Placed
STU04956,6.25,3,1,2,64.1,2.9,Yes,Yes,71.8,65.3,Placed
STU01232,6.27,0,4,0,78.6,3.5,Yes,Yes,80.9,73,NotPlaced
STU06293,7.96,1,2,1,76.6,3.4,Yes,Yes,72.6,70.6,Placed
STU08751,8.29,0,0,0,71.8,4.2,Yes,No,86.7,66.3,NotPlaced
STU03977,7.96,1,1,1,75.5,3.4,No,Yes,77.1,84.9,Placed
STU02980,7.68,2,1,2,68.6,3.9,Yes,No,76.7,66.6,Placed
STU04154,6.83,1,2,1,79.7,2.2,No,No,81.2,83.5,NotPlaced
STU01129,7.44,3,1,1,55.4,2.6,No,Yes,58.5,51.4,Placed
STU05325,7.68,0,1,0,82.6,4.1,Yes,Yes,82.3,71,NotPlaced
STU09277,7.12,1,1,1,76.3,2.1,No,Yes,51.9,76.9,NotPlaced
STU04216,8,1,0,1,74.7,3.1,Yes,Yes,74.9,73,NotPlaced
STU09965,8.93,3,2,1,70.6,3.2,Yes,Yes,86.8,68.2,Placed
STU03588,6.67,3,1,3,79.4,4,No,Yes,65.2,93.2,Placed
STU01513,6.85,0,1,0,45.4,3.8,No,Yes,65.4,82.3,NotPlaced
STU05257,7.13,1,4,3,82.8,4.3,No,Yes,79.6,65.8,Placed
STU09690,7.76,0,1,2,83,2.4,Yes,Yes,73,94.3,NotPlaced
STU04030,8.22,1,0,2,79.3,4.4,Yes,Yes,68.6,100,Placed
STU08853,6,0,2,3,98.1,4.5,Yes,Yes,98.2,61.4,Placed
STU04045,8.34,1,2,1,60.4,3.3,Yes,No,76.3,64.5,Placed
STU04340,7.21,1,2,2,66.4,3.8,Yes,Yes,59.8,55.6,Placed
STU00335,8.38,2,1,3,86.4,4.3,No,No,72.5,58,Placed
STU06174,6.31,3,2,1,83.2,4,No,No,63.9,46.3,Placed
STU01088,7.71,1,1,1,100,3.1,Yes,Yes,57.9,79.1,Placed
STU02965,8.6,3,2,1,62.9,2.9,No,No,74,75.4,Placed
STU07304,7.81,2,3,0,84.7,2.8,No,Yes,69,78.3,Placed
STU08044,8.35,0,0,1,75.9,2,Yes,No,72.8,72.2,NotPlaced
STU09384,6.6,0,2,1,80.3,4.5,Yes,Yes,83.2,81.7,Placed
STU09421,7.76,1,3,1,81.2,2.6,No,Yes,56.8,59.6,Placed
STU00715,7.47,1,3,0,67.8,3.8,No,Yes,66.5,74.2,Placed
STU09989,6.62,0,2,2,89.7,2.7,Yes,No,59.8,67.2,NotPlaced
STU07875,10,3,3,1,55.8,4,Yes,No,70.4,60.4,Placed
STU02114,6.6,3,2,3,74.3,3.8,Yes,Yes,86.3,73.8,Placed
STU04653,7.54,1,2,2,75.4,3.7,No,No,58,61.6,NotPlaced
STU06365,8.75,2,2,1,77.9,3.8,No,Yes,80.4,41.7,Placed
STU09634,6.88,2,0,1,49.7,4,Yes,Yes,77.1,64.4,Placed
STU00241,6.79,2,3,2,59.1,4.4,No,No,71.5,79.9,Placed
STU07525,7.43,1,2,2,67.1,2.7,No,No,65,66.8,NotPlaced
STU06719,9.07,1,1,1,77.8,2.9,Yes,Yes,63.1,83.6,Placed
STU00831,6.29,1,3,1,51.2,4.4,Yes,No,74.3,55.9,NotPlaced
STU07331,10,1,2,1,60.3,3.6,No,Yes,56.4,40,Placed
STU07187,5.64,0,1,1,64,4.5,Yes,No,52.9,87.8,NotPlaced
STU02591,8.61,2,0,0,74.4,3.6,No,No,54.9,80.1,Placed
STU00333,7.57,3,2,1,62.8,3.1,Yes,Yes,61.8,71.8,Placed
STU06221,8.58,2,3,1,64.9,4.4,No,Yes,64.4,72.6,Placed
STU03211,8.57,0,2,1,85.1,2.5,Yes,Yes,87.1,68,NotPlaced
STU08395,6.75,0,2,3,68,4.1,No,No,92.4,69.1,NotPlaced
STU02024,6.32,0,2,1,87.6,3.9,Yes,No,57.8,65.3,NotPlaced
STU01131,7.79,2,3,0,90.2,4.3,Yes,Yes,77.5,73.2,Placed
STU07287,8.47,0,2,1,88.3,4.2,No,Yes,71.4,79.2,NotPlaced
STU03279,7.57,0,2,2,69.2,4.1,Yes,No,87.1,73.8,Placed
STU08018,6.83,1,4,1,86.7,4,No,Yes,73.5,95.5,Placed
STU03421,6.95,1,3,1,77.3,4.6,Yes,Yes,70.7,72.4,Placed
STU07146,7.93,0,2,1,82.3,3.8,No,No,68.5,69.6,NotPlaced
STU02270,7.43,2,3,2,78.9,4.7,Yes,Yes,82.3,56,Placed
STU03453,7.39,2,2,1,82,3.3,Yes,Yes,93.6,68.5,Placed
STU08915,7.36,0,2,3,81,4,Yes,No,50.1,61.2,Placed
STU01010,7.02,2,2,1,71,4.1,Yes,No,99.1,67.7,Placed
STU05159,7.33,0,3,2,57.4,3,Yes,No,87.4,98.7,NotPlaced
STU01581,7.68,1,1,2,82.3,2.3,Yes,Yes,55.4,69,Placed
STU02126,7.99,1,2,0,55.3,3,No,Yes,58.5,62.3,NotPlaced
STU02462,8.17,1,0,0,67.7,3.4,Yes,No,80.6,78.2,NotPlaced
STU00968,9.12,2,1,2,66.5,4.8,Yes,Yes,64.5,56.8,Placed
STU04966,7.29,1,1,1,82.9,4,Yes,Yes,65.1,94.1,Placed
STU02905,6.13,2,1,0,68.7,3.2,No,Yes,67.6,61.9,NotPlaced
STU05105,7.86,0,2,1,53.6,4.4,No,No,84.3,66.2,NotPlaced
STU02874,6.97,0,2,0,84.4,5,Yes,No,80.3,63.4,NotPlaced
STU04108,8.72,1,2,2,55.9,2.3,Yes,No,57.4,66.5,Placed
STU03179,8.38,1,2,2,74.1,3.5,Yes,No,73.7,61.2,Placed
STU06440,7.98,0,3,0,75.6,4.7,No,Yes,67.7,69.1,NotPlaced
STU03292,5.26,0,2,2,65.5,4.3,Yes,Yes,82.9,62.2,NotPlaced
STU01369,7.1,0,0,0,70.1,4,Yes,No,76.2,81.5,NotPlaced
STU09895,7.38,2,4,0,74,3.3,Yes,Yes,81,70.7,Placed
STU06097,6.47,2,1,2,71.9,3.6,No,No,74.2,84.5,Placed
STU07657,8.87,0,1,2,75.6,3.5,Yes,No,79.2,69.6,NotPlaced
STU09117,8.95,1,2,1,74.7,3.2,Yes,No,73.7,100,Placed
STU00955,7.43,2,1,0,76.6,3.6,Yes,No,87.8,52.9,Placed
STU06988,9.38,1,0,0,70.2,3.7,No,No,70.7,66.1,NotPlaced
STU08787,8.07,1,1,3,70.2,3,Yes,Yes,86.3,51.1,Placed
STU08863,7.12,1,1,0,82,2.2,No,Yes,75.1,48.4,NotPlaced
STU01351,6.45,3,1,2,67.9,4.2,No,No,63.3,64.7,Placed
STU03132,7.47,0,3,1,60.7,2.1,Yes,No,65.9,76.8,NotPlaced
STU02335,8.3,1,2,2,77.5,3.5,Yes,No,60.4,71.9,Placed
STU07577,5.56,1,3,2,65.6,2.6,Yes,No,82.4,70.3,NotPlaced
STU07822,8.27,0,1,0,60,3,No,No,61.4,58.4,NotPlaced
STU06880,6.04,1,2,0,79.5,3.4,No,Yes,75.7,68.2,NotPlaced
STU01563,5.32,0,1,2,68.9,2.8,No,Yes,59.8,75.1,NotPlaced
STU07000,7.86,0,4,3,73.8,4.3,Yes,No,57.2,65.5,Placed
STU06000,6.45,3,4,2,56.6,2.6,Yes,No,62.4,48.8,Placed
STU02727,8.41,2,1,2,65.9,3.8,No,Yes,62.4,84.9,Placed
STU02317,8.26,2,1,1,80.3,4.2,Yes,Yes,65.1,74.5,Placed
STU07699,7.9,2,1,1,91.5,4.6,No,Yes,65.6,94.1,Placed
STU00610,8.85,1,2,2,60.3,2.1,Yes,No,64.4,72.7,Placed
STU01208,6.9,0,2,2,79.8,4.4,Yes,Yes,63.7,58.7,Placed
STU07262,7.51,3,3,1,81.9,3.2,No,No,69.1,92.5,Placed
STU08408,5.96,0,1,1,66.2,2.6,No,Yes,73.8,74.9,NotPlaced
STU00021,8.82,1,1,1,66,3.9,Yes,Yes,73.6,76.6,Placed
STU06887,6.17,2,2,3,76.3,4.1,Yes,Yes,80.8,81.5,Placed
STU08267,8.25,0,1,2,71.9,3.3,No,Yes,65,77.9,Placed
STU00886,9.16,0,1,1,76.4,3.6,No,Yes,63.6,76.2,Placed
STU01291,7.85,1,2,2,61.5,3.1,No,Yes,60.9,41.1,Placed
STU07918,7.09,2,2,0,66.8,3.6,Yes,No,80.4,74.2,Placed
STU06344,7.35,1,3,1,64,3.2,Yes,No,94,88.3,Placed
STU06170,7.89,1,3,1,68.2,2.7,Yes,No,78.3,56.2,Placed
STU03633,7.29,1,2,1,94.2,3.3,Yes,No,55.9,67.3,Placed
STU00404,7.54,2,1,0,70.1,4.1,No,Yes,52.1,62.4,NotPlaced
STU01564,8.3,1,1,1,61.4,3.3,Yes,Yes,78.5,57.1,Placed
STU09299,7.62,1,2,2,70.2,4.3,Yes,Yes,70.4,67.2,Placed
STU06301,7.3,1,1,0,77.1,2.1,Yes,Yes,59,81.4,NotPlaced
STU00038,5.74,2,1,1,73.3,4.4,Yes,Yes,40,72.4,Placed
STU08578,6.61,2,2,1,69.8,3.3,Yes,Yes,87.7,62.9,Placed
STU03719,7.34,0,2,1,78.7,2.6,Yes,Yes,85.2,59.4,NotPlaced
STU09325,6.2,1,2,2,72.5,3.3,No,Yes,64,61.5,Placed
STU06408,7.78,1,1,0,63,3.5,No,No,62,70.7,NotPlaced
STU05750,6.62,2,1,0,75.5,3.4,Yes,Yes,67.2,58.4,Placed
STU09508,8.15,1,1,1,81.9,3.5,Yes,Yes,80.8,90.4,Placed
STU01020,7.88,3,2,0,59,3.5,No,No,79.1,59.8,Placed
STU01902,7.2,1,1,1,89.6,2.6,Yes,Yes,74.7,55,NotPlaced
STU01330,8.04,1,1,1,56.9,3.6,Yes,No,60.2,68.8,NotPlaced
STU05659,8.74,1,3,2,51.2,2.5,Yes,Yes,68.9,57.8,Placed
STU05053,7.81,2,2,1,76.1,5,Yes,No,53.1,86.8,Placed
STU06860,8.31,0,2,1,57.9,2.6,No,Yes,83.2,69.8,NotPlaced
STU07624,6.84,2,1,1,69.3,3.9,No,No,79.2,55.5,NotPlaced
STU05428,7.48,1,2,0,79,3,No,No,71.5,82.7,NotPlaced
STU03403,7.68,0,2,1,50,3.4,Yes,Yes,80.3,86.8,NotPlaced
STU04600,8.68,1,3,0,75.9,4.7,No,Yes,91.6,65.5,Placed
STU05924,7.57,0,2,0,59.1,4.7,Yes,Yes,76.1,73.7,NotPlaced
STU05082,7.62,1,2,2,64,5,Yes,No,100,63.1,Placed
STU04855,8.56,1,1,1,61.1,4.2,Yes,No,62.8,66.5,NotPlaced
STU01399,8.58,3,1,1,75.9,3,No,Yes,59.4,49.4,Placed
STU03830,7.93,0,1,1,69.8,3.2,No,Yes,73.9,67.2,NotPlaced
STU03902,7.38,0,2,2,75.4,3.2,No,No,62.5,74.6,NotPlaced
STU00636,6.01,2,4,2,68.3,3,No,Yes,73.9,49.2,Placed
STU01474,7.51,1,3,0,60,3,No,Yes,71.9,66.7,NotPlaced
STU03220,8.15,1,1,2,74.9,4.2,No,Yes,72.8,46.3,NotPlaced
STU00808,7.07,0,3,2,78.3,4.6,No,No,81.6,73.2,Placed
STU02663,8.04,0,0,0,79.3,3.7,No,No,79.5,63.5,NotPlaced
STU05083,7.58,1,1,1,86.6,3.4,Yes,No,72.4,91.5,NotPlaced
STU03648,7.69,1,4,1,75.1,3.8,No,No,93.6,65.4,Placed
STU08428,6.68,0,1,3,70.8,3.7,Yes,Yes,86.5,70.9,NotPlaced
STU09587,7.87,0,0,1,56.7,3.5,Yes,No,71.7,50.1,NotPlaced
STU00325,6.59,0,0,1,72.2,3.7,No,Yes,71.4,93.2,NotPlaced
STU06651,7.73,3,0,1,91.6,4.7,Yes,Yes,59,72.5,Placed
STU08703,6.2,1,2,1,76.1,2.9,Yes,No,56.3,73.4,Placed
STU04294,7.31,2,2,1,61.7,2.1,No,No,83.6,44.4,Placed
STU02677,7.81,1,1,1,82.1,2.7,Yes,Yes,45,65.4,Placed
STU05240,8.25,1,1,0,85.8,3.6,No,Yes,67,65.7,NotPlaced
STU08266,7.32,1,0,1,80.7,2.9,Yes,No,50.4,68.3,NotPlaced
STU01189,8,0,3,2,69.2,3.5,Yes,Yes,45.9,56,Placed
STU01815,7.26,0,1,2,79.3,2.5,No,No,71.7,65.1,NotPlaced
STU09801,8.34,1,1,2,64.2,5,No,Yes,72.1,72,Placed
STU01171,8.18,1,3,1,72.6,3,Yes,No,67.9,82.6,Placed
STU05829,7.64,3,1,1,81.9,3.3,No,No,61.4,70.4,Placed
STU00061,7.07,1,1,0,58.3,4.3,No,No,56.7,89,NotPlaced
STU06032,7.12,1,3,1,76,4.8,Yes,No,66.3,66,Placed
STU00312,8.49,1,3,1,55.3,4.4,No,Yes,62.8,75.4,Placed
STU09888,7.2,1,4,2,72.7,4.6,No,Yes,46.7,60.9,Placed
STU00708,9.08,1,2,3,77.9,3.2,No,Yes,67.5,92.2,Placed
STU06449,5.47,0,2,0,84.5,4.7,Yes,Yes,77.2,64.2,NotPlaced
STU00549,7.83,1,2,1,69.2,3.6,Yes,No,62.7,88.3,Placed
STU03071,6.36,1,2,0,75,4.2,Yes,No,43,62.8,NotPlaced
STU08296,8.42,1,0,0,75.6,3.3,Yes,Yes,93,58.9,NotPlaced
STU07618,8.85,2,1,1,63.8,1.4,Yes,No,69.9,63.1,Placed
STU01471,8.58,1,3,0,66.9,3,Yes,Yes,75,86.8,Placed
STU00224,6.05,1,1,1,58.3,4.2,No,No,71.6,59.2,NotPlaced
STU04484,8,1,0,1,55.2,3.8,No,No,64.9,65.9,NotPlaced
STU03101,6.86,1,1,0,60.2,3.5,No,No,74.8,79.2,NotPlaced
STU02814,7.21,0,0,1,74.4,4.5,No,Yes,75.8,86.5,NotPlaced
STU02499,8.21,0,2,1,74.9,2.8,Yes,No,77.3,64.3,NotPlaced
STU09887,7.37,2,0,2,77.3,1.7,No,Yes,76.4,47.8,Placed
STU03683,7.66,0,2,1,73.2,3.5,Yes,No,86,68.5,NotPlaced
STU06287,6.56,0,2,2,73.5,4.5,Yes,Yes,84.6,81.7,Placed
STU00473,6.14,3,1,2,82.6,5,No,No,67.8,63.3,Placed
STU06300,6.97,0,4,0,72.9,4.1,No,No,70.7,88.3,NotPlaced
STU04975,6.18,1,3,1,61.6,2.6,Yes,No,64,79.6,NotPlaced
STU07659,8.18,0,2,2,55.7,3,Yes,Yes,60.2,73.6,NotPlaced
STU09573,7.06,2,2,1,69.9,3.7,Yes,Yes,91.6,75.9,Placed
STU09691,7.94,3,1,2,92.5,4.8,Yes,No,55.3,73.7,Placed
STU01469,6.42,1,2,1,84.4,2.4,Yes,Yes,71.4,51.1,NotPlaced
STU00051,7.79,1,0,0,69.5,2.8,Yes,Yes,73.4,74.2,Placed
STU04060,7.29,0,2,2,61.5,2.8,Yes,Yes,72.8,69.6,NotPlaced
STU08727,10,2,2,0,70.7,4.6,Yes,Yes,81.5,74.6,Placed
STU04868,7.47,2,1,0,63.4,5,Yes,No,65.6,67.5,Placed
STU03573,7.79,1,1,1,53.9,3.1,No,No,89.1,85,NotPlaced
STU00581,7.8,1,3,2,70.8,4,No,Yes,45.5,76.1,Placed
STU00268,6.21,1,3,2,54.3,4.1,Yes,Yes,82.5,67.5,Placed
STU02394,6.91,0,2,2,53,3.2,Yes,No,93.8,59.9,NotPlaced
STU01430,7.25,3,3,2,63.8,3.5,No,No,53.5,62.6,Placed
STU00032,9.17,0,3,1,65.1,2.6,Yes,Yes,65.7,70.8,Placed
STU00180,9.95,2,1,2,69.8,4.1,Yes,Yes,42.2,80,Placed
STU09281,8.53,1,2,1,71.6,4.4,No,Yes,75.6,96.4,Placed
STU01295,7.57,2,2,2,62.1,4,Yes,Yes,61.4,85.3,Placed
STU03135,7.54,1,2,0,74.1,3.1,No,Yes,85.3,68.8,Placed
STU02176,9.38,1,2,0,76.7,3.6,Yes,No,93.4,71.2,Placed
STU04100,7.57,0,1,1,64.2,2.4,No,Yes,90.3,61.7,NotPlaced
STU01226,7.38,2,1,2,91.2,3.4,Yes,No,70.1,47.1,Placed
STU05313,6.78,1,2,1,63.8,4.3,Yes,Yes,69.5,71.3,NotPlaced
STU01644,7.91,1,2,1,74.4,3.1,Yes,Yes,67.4,70.6,Placed
STU01452,9.03,0,2,2,71.9,2.5,Yes,No,77.2,92.6,Placed
STU01607,7.61,0,2,1,78.4,3.2,No,Yes,100,54.1,NotPlaced
STU04697,7.96,2,4,3,66.7,2.8,No,No,84.8,68.2,Placed
STU01422,8.47,1,2,1,86.9,3.3,Yes,Yes,44.4,84,Placed
STU08019,9.41,1,3,2,73.9,4.6,Yes,Yes,54.7,58,Placed
STU02267,5.9,0,1,2,73.5,4.2,Yes,Yes,94.3,41.5,NotPlaced
STU02262,7.86,1,1,2,72.6,4.9,No,No,72.9,51.9,NotPlaced
STU09662,7.75,2,2,2,74.5,5,No,Yes,63.3,94.6,Placed
STU06808,8.13,0,3,1,83.4,3.4,Yes,Yes,77.8,68,Placed
STU05774,6.75,0,3,1,81.9,3.2,No,Yes,57.3,77.3,NotPlaced
STU07453,6.54,1,1,2,62.9,3.4,No,No,79.8,77.2,NotPlaced
STU08118,7.81,0,1,0,46.4,3.5,Yes,No,83.3,77.8,NotPlaced
STU08877,7.25,2,1,0,68.1,2.9,No,Yes,60.1,82.1,Placed
STU05423,8.33,3,0,1,76,3.8,No,No,76.8,97.6,Placed
STU06115,7.31,0,2,1,83.3,3.7,No,Yes,55.1,66.2,NotPlaced
STU05329,7.93,2,3,2,83.6,3.9,Yes,Yes,79.7,40,Placed
STU04328,8.31,1,1,0,61.6,4.5,Yes,Yes,69.4,83.3,Placed
STU09739,8.33,1,2,1,76.7,4.6,No,Yes,81,75.9,Placed
STU06602,7.55,2,3,0,66.5,4.4,Yes,No,78.6,82.2,Placed
STU08238,6.61,2,3,0,74.4,4.8,No,No,94.9,65.5,Placed
STU01287,5.85,3,2,1,74,2.3,No,Yes,75.9,96,Placed
STU06728,7.3,1,2,1,75.4,3.7,No,Yes,73.6,47.7,NotPlaced
STU04452,7.05,0,3,1,66.8,4.6,No,Yes,78.4,87.8,Placed
STU06923,7.89,2,0,2,83.7,3.5,Yes,Yes,60.8,75.5,Placed
STU08485,9.29,1,2,1,59.9,4.1,No,No,79.3,73.6,Placed
STU03723,6.03,0,4,1,69.4,3.8,Yes,No,81.9,52.5,Placed
STU06190,8.65,3,2,0,75,2.4,No,No,46.4,79.3,Placed
STU01155,8.98,3,3,2,68.9,3.5,Yes,No,55.1,53.2,Placed
STU08431,6.81,1,2,1,79.7,4.3,Yes,Yes,74.1,88.6,Placed
STU02680,7.26,1,1,1,75.3,2.6,Yes,Yes,61.6,63.1,Placed
STU06745,6.6,1,0,2,74.8,5,Yes,Yes,70.4,50.4,Placed
STU04502,6.28,0,2,0,67.7,3.2,Yes,No,54,72.8,NotPlaced
STU05248,6.1,0,2,1,71.9,3.7,No,Yes,58.2,75,NotPlaced
STU03280,8,1,3,0,76.2,4,Yes,No,45.1,47.5,Placed
STU07224,10,0,2,0,74.4,3.1,Yes,Yes,69.6,75.4,Placed
STU02010,8.34,2,2,1,73,2.7,Yes,Yes,51,72.8,Placed
STU05518,8.06,0,2,1,74.4,2,Yes,Yes,55,71.3,NotPlaced
STU03260,8.79,2,2,2,78.1,3.1,Yes,No,79.1,76.3,Placed
STU01490,8.64,1,0,1,78.3,5,No,Yes,76.5,64.8,NotPlaced
STU08761,8.37,1,3,1,72.8,3.3,Yes,Yes,55.8,82.3,Placed
STU03635,7.88,1,0,0,67.3,2.6,Yes,Yes,74.8,49.6,NotPlaced
STU02792,7,1,3,1,58.3,2.5,Yes,Yes,79,72.7,Placed
STU06845,9.7,3,3,2,77.7,3.1,No,Yes,100,51.7,Placed
STU08465,8.39,1,1,1,72.2,4,Yes,No,74.1,77.4,NotPlaced
STU09412,6.68,1,2,0,68.4,3.2,Yes,No,78.5,59.9,NotPlaced
STU04435,7,1,1,2,62.5,3.6,No,No,75,65.7,NotPlaced
STU01625,9.19,0,2,2,61.9,3.1,Yes,Yes,80.3,79.6,Placed
STU03803,6.4,1,3,1,66.7,2,Yes,No,66.1,67.4,Placed
STU05443,6.73,1,3,1,72.9,3.9,Yes,No,58.5,74.1,Placed
STU08171,7.01,2,1,1,86.7,4.1,No,No,66.6,85.9,Placed
STU09509,7.14,1,3,0,58.6,4.2,Yes,No,54.6,88.7,Placed
STU02797,8.02,2,3,2,75.7,3.4,Yes,Yes,91.5,69.9,Placed
STU05224,6.66,1,3,0,60.8,4.5,No,No,94,97.9,NotPlaced
STU08235,8.45,1,2,0,73.1,4.7,Yes,Yes,51.5,71.5,Placed
STU03123,7.94,2,3,1,70.4,3.4,Yes,No,50.6,50.8,Placed
STU01940,7.59,1,2,2,67.9,4.1,Yes,No,79.4,68.4,Placed
STU02763,8.31,1,2,3,63,3.2,Yes,Yes,75.5,71.3,Placed
STU08301,8.81,1,1,3,86.5,3.2,Yes,Yes,59.6,72.1,Placed
STU03155,6.57,2,2,1,74.3,4,No,Yes,56.6,57.8,Placed
STU03437,8.02,2,2,1,62.9,3.9,Yes,No,76.2,76.4,Placed
STU05583,8.98,0,1,1,62.2,4.1,Yes,Yes,59.7,100,Placed
STU06951,6.3,2,1,2,58.6,3.2,No,No,53.8,64.7,NotPlaced
STU09397,8.07,1,0,0,79.7,3.7,Yes,No,70.3,46.6,NotPlaced
STU08693,7.98,1,3,0,72.3,3.1,Yes,Yes,52.8,70.4,Placed
STU05893,6.24,2,0,1,71.3,2.7,Yes,Yes,70.6,71.1,Placed
STU05384,9.02,2,2,2,68.3,2.4,No,No,79.2,71.2,Placed
STU01799,8.47,1,2,2,72.7,4.4,No,Yes,71.4,61.2,Placed
STU07745,7.85,1,3,3,71.5,3.5,No,No,78,66.9,NotPlaced
STU06318,7.02,1,3,3,77.3,1.9,Yes,Yes,79.4,64.7,Placed
STU04727,7.69,1,1,2,89.7,3.2,Yes,Yes,66.6,80.7,Placed
STU06317,9.59,1,3,1,83.1,3.8,No,Yes,51.1,58.8,Placed
STU05504,6.26,2,1,0,69.4,3.5,No,Yes,79.8,81.8,Placed
STU06875,6.29,0,3,2,73.8,2.8,Yes,No,76.8,77.4,NotPlaced
STU08869,7.54,1,2,2,77.4,2.5,Yes,No,57.3,60.5,Placed
STU02824,6.24,0,1,2,55.6,3.6,Yes,No,73.1,74.8,NotPlaced
STU07130,8.68,0,1,2,65,3.8,Yes,Yes,87.7,76.7,NotPlaced
STU08543,6.88,1,2,3,57.4,1.5,No,Yes,79.2,75.8,Placed
STU02625,7.87,1,3,2,64.8,3.4,No,Yes,54.3,67.1,Placed
STU06471,7.53,2,1,0,90,2.9,No,Yes,66.8,85.8,Placed
STU02485,7.01,3,3,2,94.2,4.8,Yes,Yes,83.3,73.5,Placed
STU02103,6.72,2,1,0,56.6,3.1,Yes,Yes,69.7,94.7,Placed
STU09622,7.04,1,4,2,71.9,3,Yes,No,73.2,87.2,Placed
STU05016,7.04,0,3,2,69.9,5,Yes,No,70.2,74.6,Placed
STU05756,6.56,1,2,0,65.9,4.7,No,Yes,64.2,63.4,NotPlaced
STU00113,7.55,1,1,1,60,4,Yes,No,90.5,90.2,NotPlaced
STU04010,8.07,1,0,2,83.3,3.8,No,Yes,69.6,69.3,Placed
STU04056,7.69,2,1,1,80.9,2.4,Yes,No,80.8,63.5,Placed
STU08211,8.06,2,3,2,90.5,3.5,Yes,No,97.1,74.5,Placed
STU06669,7.85,1,1,2,71,2.7,Yes,No,57,78.8,NotPlaced
STU07200,6.17,1,2,1,76.2,3.2,No,Yes,62.2,69.1,NotPlaced
STU05270,8.15,1,0,1,84.5,3.4,No,Yes,57.1,71.9,NotPlaced
STU02207,8.84,2,0,2,77.3,3.1,No,Yes,83.2,58.7,Placed
STU08560,8.55,0,1,2,82.8,2.3,No,No,64.2,69.2,NotPlaced
STU02731,8.61,1,4,1,73.9,3.3,No,No,69.6,71.1,Placed
STU05138,8.16,1,1,0,58.9,4.3,No,No,81.6,79.8,NotPlaced
STU09911,7.7,1,2,3,75.6,3.2,Yes,No,87.6,84,Placed
STU02994,7.31,0,1,1,81.6,3.5,Yes,Yes,71.2,77.2,NotPlaced
STU09798,7.84,0,3,1,67.4,3.4,Yes,Yes,88.8,74.9,Placed
STU05073,8.05,1,3,1,67.1,4.1,Yes,Yes,95.5,62.5,Placed
STU00846,7.94,1,1,2,61.8,2.4,Yes,No,87,76.4,NotPlaced
STU08904,7.64,0,2,2,76.5,3.8,Yes,No,58.8,78,NotPlaced
STU05004,7.2,1,3,0,63.1,3.8,No,No,61,86.2,NotPlaced
STU04138,7.8,3,4,1,70.7,4.2,No,No,58,77.5,Placed
STU05291,8.92,0,2,1,79.6,3.4,No,Yes,60.7,61.1,Placed
STU03342,7.28,1,0,1,89,4.2,Yes,Yes,96.5,70.1,Placed
STU08179,8.18,2,2,2,62.6,3.9,Yes,No,97.4,63.2,Placed
STU03678,7.36,1,1,1,52.6,3.3,No,No,76.6,73.6,NotPlaced
STU00918,7.67,0,0,2,69.4,3.7,Yes,No,67.3,69,NotPlaced
STU05719,8,1,2,0,69.3,3,Yes,Yes,72.8,67.4,Placed
STU03035,7.55,1,3,1,62.6,4.4,Yes,Yes,93.8,68.7,Placed
STU06872,8.1,0,2,0,61.8,3.5,Yes,No,66.7,78.8,NotPlaced
STU00703,6.87,2,0,2,54.7,3.4,No,No,94.9,78.3,Placed
STU04007,5.07,1,4,2,90.9,4.7,Yes,Yes,74.9,86,Placed
STU06271,7.17,0,2,1,67.8,4.2,Yes,No,76.1,73,NotPlaced
STU02721,9.26,1,2,2,55.7,2.8,No,Yes,48.4,67.4,Placed
STU09751,7.06,1,2,1,79.6,3.4,Yes,No,60.5,79.5,NotPlaced
STU08091,6.55,2,2,2,69.7,3,No,No,57.4,65.1,Placed
STU06585,8.93,1,0,0,60,3.3,Yes,Yes,52.5,73.9,Placed
STU01415,6.92,3,0,1,75.9,4.5,Yes,Yes,73.6,71.4,Placed
STU07389,7.9,0,3,2,73.2,2.6,Yes,Yes,85.1,100,Placed
STU07430,6.1,1,0,0,59.5,3.6,No,Yes,53.1,69.6,NotPlaced
STU09809,5.64,0,1,0,65.5,3.6,No,Yes,80.9,46.1,NotPlaced
STU03627,6.75,0,2,1,67.4,4.2,Yes,No,83.4,54.4,NotPlaced
STU07687,7.05,2,2,2,70,2.2,No,Yes,67.4,64.9,Placed
STU00595,8.43,1,2,0,82.3,3.9,No,No,78.9,58,NotPlaced
STU03752,7.8,1,3,1,76.7,3.3,Yes,No,80.9,83.1,Placed
STU07110,7.82,1,3,1,88.7,2.8,Yes,Yes,73.2,89,Placed
STU02336,8.02,0,4,0,75.2,4.3,No,No,69.4,69.1,Placed
STU01715,7.02,0,2,2,90.6,4.9,No,No,88.2,87,Placed
STU08980,7.3,0,2,0,79.9,3.6,Yes,No,75.3,81,NotPlaced
STU01952,8.64,1,2,3,64.7,2.6,Yes,Yes,72.2,63.8,Placed
STU05369,7.06,1,2,2,90.4,1.5,Yes,Yes,72.9,68.1,Placed
STU00040,7.68,2,1,2,76.7,5,Yes,Yes,70.3,62.2,Placed
STU03927,8.36,1,0,3,67.9,3.8,Yes,Yes,100,63.4,Placed
STU05792,5.24,1,1,2,77.4,3.1,Yes,No,75.7,84.8,NotPlaced
STU08820,7.74,0,1,1,63.1,4.8,Yes,No,71.4,80.7,NotPlaced
STU03516,7.93,0,0,2,66.7,4.4,Yes,No,78.5,77.6,NotPlaced
STU04637,7.97,2,4,1,72.6,4.8,No,No,68.6,75.1,Placed
STU00952,7.82,0,3,1,88.2,2.7,Yes,Yes,86.4,62.6,Placed
STU08458,7.52,2,2,2,68,3.4,No,No,54.2,49.2,Placed
STU00125,8.03,2,2,0,74.2,3.2,No,Yes,75.3,69.7,Placed
STU00872,6.78,1,2,1,77.8,3.3,No,No,78.6,80.1,NotPlaced
STU05895,7.91,0,1,3,61.3,2.8,No,No,67.8,81.6,NotPlaced
STU08508,6.75,1,1,3,69.9,3,Yes,No,72.8,74.2,Placed
STU07477,5.48,1,2,0,75.3,1.7,No,No,85.2,55.8,NotPlaced
STU00923,7.62,0,2,0,85.3,2.7,No,No,70.4,95.8,NotPlaced
STU00735,8.43,1,2,1,76.6,4.1,No,Yes,68.2,75.9,Placed
STU05261,8.63,1,3,2,98.2,4.1,No,Yes,74.2,50.5,Placed
STU00190,6.14,1,1,1,66.1,4.2,Yes,No,70.9,85.8,NotPlaced
STU01634,8.43,1,2,1,82.9,3.6,Yes,No,47.7,69.4,Placed
STU08871,8.45,1,1,1,70.5,3.8,No,Yes,68,62.4,NotPlaced
STU01679,8.4,0,3,1,71.2,3.4,Yes,No,96.3,62.4,Placed
STU02303,7.15,3,1,3,82.6,3,No,No,68.8,40.1,Placed
STU01884,6.97,0,3,3,72.2,3.8,Yes,Yes,76.7,66.2,Placed
STU05564,8.17,1,2,1,73.9,3.4,Yes,No,83.8,60.4,NotPlaced
STU07894,6.59,0,1,1,62.8,5,Yes,No,74.1,73.8,NotPlaced
STU04572,7.23,3,1,1,69.1,3.9,Yes,Yes,75.3,60.8,Placed
STU07593,6.82,2,1,2,71.2,5,No,No,46.6,57.7,Placed
STU06650,7.68,3,2,1,78.7,1.7,Yes,Yes,56.2,77.4,Placed
STU01826,7.9,0,1,0,72.5,2.4,No,No,58.5,65.5,NotPlaced
STU01194,7.79,0,2,1,72.9,4.5,No,Yes,69.1,65.5,NotPlaced
STU00648,7.45,0,3,1,71.1,4.1,Yes,Yes,69.3,85.5,Placed
STU01464,6.73,1,4,1,66.5,3.6,Yes,No,79.9,99.2,Placed
STU05722,9.05,1,1,0,74.8,4.3,Yes,Yes,74.6,62.5,Placed
STU00215,7.22,1,2,2,60.1,3.3,Yes,No,63.5,68.4,Placed
STU00338,7.21,1,0,3,65.5,1.8,Yes,Yes,67.3,84.5,Placed
STU08526,6.55,1,3,3,83.8,3.9,No,Yes,75.1,66.1,Placed
STU07196,7.77,3,1,0,88.3,5,Yes,Yes,58.2,61.4,Placed
STU09138,8.45,0,2,2,69,2.6,No,No,56.3,81,NotPlaced
STU06302,6.2,1,4,2,56.3,3.4,Yes,No,70.1,63.7,Placed
STU01823,7.3,2,2,1,67.5,2.7,No,Yes,91,55.6,Placed
STU08339,7.63,2,2,1,94.5,3.2,Yes,No,52.2,68.8,Placed
STU07183,8.16,1,1,2,69.3,3.3,Yes,Yes,63.9,74.7,Placed
STU05873,7.82,2,1,0,69.7,3.7,Yes,No,89.4,72.5,Placed
STU09673,6.58,1,3,2,82.2,2.6,No,Yes,62.5,73.6,Placed
STU04870,7.03,2,1,2,91.6,2.4,Yes,No,84.4,76.4,Placed
STU06276,7.58,2,2,3,75.4,2.2,Yes,No,72.3,84.4,Placed
STU08695,7.47,1,1,1,71.3,3.8,Yes,No,62.9,71.4,NotPlaced
STU07911,7.8,1,3,0,64.9,3.1,No,No,66.1,91.2,Placed
STU00613,7.75,2,1,1,89.2,4.2,Yes,No,64.5,40,Placed
STU06404,7.95,1,2,0,71.5,2.8,Yes,Yes,81,63.8,Placed
STU03693,8.6,1,2,2,57.6,2.7,Yes,No,83.9,57.5,Placed
STU05357,6.03,1,3,1,90.4,2,No,Yes,71.2,79.3,Placed
STU02307,8.05,0,3,2,78.1,3,Yes,No,75.3,62.5,Placed
STU05108,7.54,1,1,3,71.1,3.7,Yes,No,56.5,86.3,Placed
STU01922,8.17,0,3,0,80.7,4.2,Yes,Yes,57.2,77.7,Placed
STU02867,6.75,0,2,1,58.3,4.3,Yes,No,66.8,48.2,NotPlaced
STU06628,8.81,0,2,1,72.7,4.4,Yes,Yes,70.2,87.4,Placed
STU05714,7.86,0,1,2,59,1,No,No,61.2,59.6,NotPlaced
STU09023,6.57,2,1,1,59.5,3.3,Yes,Yes,64.4,92.4,Placed
STU09238,6,1,1,2,67.6,3.2,No,No,50.5,67,NotPlaced
STU09165,8.35,1,2,2,48.7,3.4,Yes,No,91.4,74.1,Placed
STU04311,7.54,0,1,1,84.4,4.1,Yes,Yes,55.2,75.4,NotPlaced
STU08313,7.72,2,2,0,71.1,3.8,Yes,No,58.3,83.6,Placed
STU01659,6.59,1,2,2,76.7,3.1,Yes,No,64.1,88.2,Placed
STU03449,7.15,2,1,2,68.6,3.7,Yes,No,55.7,54.9,Placed
STU06980,5.74,2,1,1,66.3,4.5,No,No,69.6,61.6,NotPlaced
STU07940,7.24,0,2,1,65,3.9,No,Yes,90,66.9,NotPlaced
STU01081,7.19,1,3,1,91.2,3.4,Yes,Yes,66.7,83.3,Placed
STU04306,6.06,2,2,1,73.7,4,Yes,No,58.7,64.6,Placed
STU09482,7.11,1,3,2,73.6,3.5,Yes,No,69,59.5,Placed
STU07507,7.68,1,2,2,72,4.3,No,No,71.9,63.6,Placed
STU09400,8.08,2,0,1,77.5,3.3,Yes,Yes,77.9,73.1,Placed
STU05826,5.99,1,1,3,74.9,4.1,Yes,No,61.7,55.6,NotPlaced
STU09948,6.95,0,3,1,60.6,4.7,Yes,No,57.2,66.1,NotPlaced
STU03850,6.21,2,4,1,61.9,3.7,Yes,No,79,67.1,Placed
STU02618,7.57,1,1,2,73.6,3.1,Yes,No,89.6,52,Placed
STU00930,7.44,0,0,0,76.5,3.4,No,No,78.6,85.4,NotPlaced
STU03392,6.78,0,1,3,75,3.9,Yes,Yes,85.7,76.5,NotPlaced
STU00216,8.18,1,3,1,77.2,3.6,Yes,Yes,66.2,54.8,Placed
STU07800,5.85,2,1,1,57.7,3.6,No,Yes,74.8,81.4,Placed
STU08190,8.35,1,1,1,68.6,3.3,No,Yes,65.9,56.5,NotPlaced
STU09611,7.62,1,1,2,87,3.8,Yes,No,53.4,40.1,Placed
STU00584,9.54,1,0,1,79.2,4.3,Yes,No,88,70.6,NotPlaced
STU04597,7.25,2,1,1,72.4,3.2,Yes,Yes,83.9,72.3,Placed
STU01611,7.24,2,1,2,86.5,3.5,Yes,Yes,46.5,67.7,Placed
STU01744,8.55,2,1,1,67,3.1,No,Yes,68.2,72.3,Placed
STU09687,5.81,1,0,1,71,4.7,No,No,91.8,68.2,NotPlaced
STU08865,7.92,0,1,1,62.5,3.7,Yes,No,80.9,64.2,NotPlaced
STU00792,7.69,0,3,0,80.2,4.2,No,No,67.2,68.6,NotPlaced
STU08621,6.79,0,2,2,93.9,4.6,No,Yes,67.4,73.7,NotPlaced
STU06098,7.58,2,1,2,87.4,4.1,Yes,Yes,91.6,68.5,Placed
STU02757,7.68,2,3,3,73.9,4.1,Yes,No,61.7,88.8,Placed
STU06853,7.53,2,2,2,70.4,3.1,Yes,Yes,75.2,72.3,Placed
STU00868,7.8,0,1,3,68.1,2.9,No,No,80.1,82.6,NotPlaced
STU09695,7.29,2,0,2,69.2,5,No,Yes,67.6,67.2,NotPlaced
STU07313,7.7,2,1,1,73.2,2.6,No,No,51.1,65.9,Placed
STU05172,6.35,1,1,1,75.1,4.7,No,No,74.8,76.7,NotPlaced
STU02433,7.48,1,1,2,62.7,3.4,Yes,Yes,100,75.3,NotPlaced
STU09987,7.17,1,0,0,65.3,2.3,Yes,No,57.6,71.7,NotPlaced
STU04644,8.75,1,0,2,66.2,1.8,Yes,No,76.3,66,NotPlaced
STU02315,8.1,3,2,2,75.7,2.2,Yes,Yes,75.1,62.8,Placed
STU02789,7.09,2,3,2,65.7,2,No,No,89.1,75.3,Placed
STU03876,8.57,1,1,0,93.9,4.3,Yes,Yes,78.6,65.9,Placed
STU09405,8.06,0,2,2,67.5,3.2,No,Yes,82.1,61,Placed
STU04302,6.27,1,1,1,60.4,3.1,Yes,Yes,57.2,100,NotPlaced
STU07077,8.22,2,3,2,69.7,3.1,Yes,Yes,88.3,92.6,Placed
STU08200,7.57,2,1,2,59.7,3.3,Yes,No,72.9,73.7,Placed
STU05121,6.26,0,3,1,82.7,3.1,No,Yes,89,69.7,NotPlaced
STU08312,9.93,0,2,2,80.8,2.7,No,Yes,74.9,86.5,Placed
STU00939,7.72,1,4,2,83.5,3.1,Yes,No,71.8,69.7,Placed
STU04661,8.83,2,1,0,62.8,2.4,Yes,No,91.1,44.4,Placed
STU00469,7.02,2,1,1,59.3,3.4,No,No,71.4,60.8,NotPlaced
STU01077,6.1,0,1,3,55.9,4.6,Yes,No,89.2,65.8,NotPlaced
STU01204,7.99,1,3,1,73.3,4.2,No,Yes,81.4,67.1,Placed
STU06395,6.69,2,2,0,47.3,4.2,Yes,No,73.5,55.7,NotPlaced
STU05608,7.16,1,0,1,80.6,3.2,Yes,No,81.2,73.8,NotPlaced
STU01603,6.92,1,2,0,59.8,2,Yes,Yes,66.3,68.8,NotPlaced
STU03165,6.46,1,3,2,68.5,3.7,No,Yes,47.5,79.3,Placed
STU02610,8.65,1,2,3,68.6,3.5,No,No,51.3,80.6,Placed
STU02454,6.86,0,3,1,72.5,3.1,No,Yes,56.6,71.4,NotPlaced
STU08843,7.44,0,2,1,81,2.9,Yes,No,79.2,75.5,NotPlaced
STU03636,7.74,1,1,2,74.7,3,No,Yes,68,84.3,NotPlaced
STU01436,7.75,1,2,2,84.9,2.9,Yes,No,76.4,69.6,Placed
STU08217,8.84,2,0,1,86.5,2.7,No,Yes,76.4,59.4,Placed
STU05759,7.03,1,1,3,85.2,3.4,Yes,Yes,63.3,64.2,Placed
STU01424,6.74,1,2,1,71.7,3.4,Yes,No,55.8,62.6,NotPlaced
STU04675,8.24,2,2,1,75.1,4.6,No,Yes,61.6,86.9,Placed
STU00290,6.94,2,1,2,76.7,3.9,No,No,67.3,69.4,Placed
STU04586,8.57,1,1,2,70.4,4.5,Yes,No,84.9,47.1,Placed
STU01682,7.48,1,2,1,64.9,4.1,Yes,Yes,89.5,68.9,Placed
STU01571,8.21,1,4,1,78.2,2.9,No,Yes,42.8,63.5,Placed
STU03814,7.59,2,2,1,70.7,2.7,No,Yes,80.5,65.3,Placed
STU04429,7.59,1,2,2,75.1,1.7,Yes,Yes,59.3,77.5,Placed
STU06961,8.51,1,1,0,74.7,5,No,Yes,95.3,67.1,Placed
STU06547,6.08,1,2,1,60.7,2.6,Yes,No,74.4,66.3,NotPlaced
STU04137,7.45,2,3,1,66.8,3.6,No,No,73.7,70.5,Placed
STU00865,6.95,1,1,2,70,1.5,Yes,No,63.6,41.2,NotPlaced
STU03294,7.8,2,3,0,72.4,3.3,No,No,79,75.4,Placed
STU07764,8.05,1,3,2,54.2,2.6,Yes,Yes,57.9,63.6,Placed
STU07888,6.01,2,2,1,56.8,3.2,No,Yes,61.5,92.7,NotPlaced
STU05918,5.81,0,2,3,70.5,2.7,Yes,Yes,98,46.4,NotPlaced
STU07225,7.49,1,2,2,69.3,3.8,Yes,Yes,75.2,82.4,Placed
STU00858,7.92,2,2,2,74.4,2.7,Yes,No,62.1,45.3,Placed
STU06702,7.37,1,2,2,64.3,2.4,No,No,76.4,53.3,NotPlaced
STU04923,8.03,0,4,1,67.9,4.1,Yes,Yes,79.2,77.9,Placed
STU00550,6.96,1,2,0,69.7,4.4,No,No,62.1,76.6,NotPlaced
STU05409,7.32,1,0,1,61.4,4.8,No,No,59.6,59.7,NotPlaced
STU04225,6.26,0,2,1,63.5,4.1,Yes,No,83.4,65.3,NotPlaced
STU03297,9.01,1,0,2,90.1,3.1,No,Yes,57.7,100,Placed
STU05897,6.09,0,2,1,71.1,3.8,Yes,Yes,76.2,51.3,NotPlaced
STU07730,7.65,1,2,2,97.2,4.6,Yes,Yes,80.9,64.3,Placed
STU03072,9.03,1,3,2,79.7,3.8,Yes,Yes,72.2,76.7,Placed
STU07613,6.77,0,0,0,68.3,2.9,No,No,82.4,69.6,NotPlaced
STU02371,7.36,2,2,0,95.5,3.6,No,No,79.7,51.2,Placed
STU08329,7.55,2,3,0,78.2,4.7,No,No,85.7,60.8,Placed
STU07319,7.82,1,2,0,72.6,3.1,No,Yes,67.1,80.6,Placed
STU07342,7.87,0,1,1,61.5,2.8,Yes,Yes,73.7,59.2,NotPlaced
STU08731,7.09,2,1,0,70.9,2,No,Yes,56.7,69.4,Placed
STU06242,6.65,0,2,1,78.6,3.1,Yes,Yes,59.9,66.7,NotPlaced
STU00476,7.28,0,3,1,81.8,4.4,Yes,Yes,63.7,78.1,Placed
STU07222,5.45,2,1,0,86,4.6,No,No,63.8,74.7,NotPlaced
STU02507,10,3,2,1,69.8,2.1,No,Yes,75.2,91.2,Placed
STU01367,7.48,1,0,1,85.9,4.1,No,Yes,80.7,73.1,Placed
STU06443,6.25,1,1,2,70,4.3,Yes,Yes,64.3,73.2,NotPlaced
STU07932,8.71,3,0,1,54.2,5,No,No,100,55.3,Placed
STU01164,6.02,0,0,1,81.3,2.9,Yes,Yes,74.7,74.2,NotPlaced
STU07415,9.56,0,3,2,78.5,2.4,Yes,Yes,64.9,52,Placed
STU06664,5.06,2,1,1,77.8,3.9,Yes,No,85.2,67.7,Placed
STU01352,5.88,0,1,2,87.6,4.1,Yes,Yes,59.4,72.9,NotPlaced
STU05057,8.14,1,3,0,65.4,3.2,No,Yes,64.7,65.2,Placed
STU08755,6.91,1,2,0,70.7,3.5,Yes,Yes,76.4,64.3,Placed
STU03020,8,0,1,0,58.9,4.2,Yes,Yes,53.8,72.3,NotPlaced
STU05603,7.31,0,1,3,63.9,2.8,No,Yes,63.4,51.5,NotPlaced
STU07722,8.79,0,3,1,77.2,3.8,Yes,No,55.7,73,Placed
STU07554,6.46,2,2,2,67.8,3.4,Yes,No,66.7,62.9,Placed
STU00198,7.64,2,2,1,82.4,3.2,Yes,Yes,91.5,62.7,Placed
STU04426,6.48,1,2,1,66.2,5,No,Yes,66.2,72.7,NotPlaced
STU03978,8.8,3,1,0,77.2,3.9,Yes,Yes,74.6,100,Placed
STU05828,7.53,2,2,2,64.7,4.9,Yes,No,70.8,58.6,Placed
STU00493,7.57,1,3,1,64.1,3.8,No,No,89,78.7,Placed
STU05087,7.48,0,1,0,79.7,2.9,Yes,No,62.5,75.1,NotPlaced
STU02467,6.81,2,1,0,79.3,3.4,No,Yes,74.7,44.5,NotPlaced
STU04273,6.28,1,1,1,80.2,3.7,No,Yes,68.5,67.8,NotPlaced
STU00987,8.85,1,2,2,68.8,2.7,No,No,65.9,40,Placed
STU09834,7.18,0,1,0,89.5,4.6,No,Yes,59.1,95.6,NotPlaced
STU00379,9.47,0,2,2,60.3,3.8,Yes,No,72.9,54.1,NotPlaced
STU06659,7.4,0,1,2,63.7,3.2,Yes,Yes,72.5,82,Placed
STU03950,6.35,1,0,2,75.2,3.7,Yes,Yes,61.9,69.1,NotPlaced
STU06924,6.85,0,3,1,73.4,3.6,No,No,75.6,77.6,NotPlaced
STU00176,8.24,0,3,2,83.8,2.7,Yes,Yes,82.5,81.5,Placed
STU04059,8.37,0,2,1,65,4,Yes,No,66.2,87.8,Placed
STU08254,6.58,1,2,2,69.1,2.6,Yes,Yes,86.2,78.6,Placed
STU07135,7.15,1,0,3,81,3.9,Yes,Yes,73,42.5,Placed
STU01524,6.64,0,2,2,85.6,5,Yes,No,74.2,57.8,Placed
STU06529,7.52,0,3,0,73,4.4,Yes,No,92.5,79.6,Placed
STU08426,7.47,1,0,1,87.7,3.1,No,Yes,65.2,82.3,NotPlaced
STU06883,6.84,1,1,3,68.2,3.2,Yes,No,69.8,60.2,NotPlaced
STU05254,6.17,2,2,1,65.9,2.4,No,Yes,76.3,93.4,Placed
STU05227,7.11,0,1,0,74.3,4.4,Yes,Yes,65.5,76.7,NotPlaced
STU03332,6.11,2,3,2,94.1,3.2,No,Yes,89,54.3,Placed
STU03327,7.5,2,0,1,85.9,3.9,No,No,66.4,66.9,Placed
STU01705,7.87,2,0,1,75.1,3.2,No,Yes,73.3,53.7,Placed
STU04895,6.54,1,2,2,73.1,4.4,Yes,Yes,55,56.6,Placed
STU09663,7.19,2,3,2,79.1,4.4,Yes,Yes,55.7,73.5,Placed
STU01573,7.76,2,2,0,83,2.7,Yes,Yes,73,77.9,Placed
STU06199,7.23,0,1,3,77.7,4.7,Yes,No,64.8,65.1,NotPlaced
STU03883,5.84,0,3,2,72.5,3.8,Yes,No,63.9,78.2,Placed
STU00527,6.04,1,1,1,81.8,4.6,No,Yes,73.9,91.4,NotPlaced
STU08876,7.2,0,4,1,79.1,3.8,No,Yes,65.6,67.3,NotPlaced
STU04303,6.62,0,3,1,80.6,2.9,Yes,No,74.6,70.1,NotPlaced
STU01542,9.1,0,2,0,63,3.4,No,Yes,75.1,62.8,NotPlaced
STU07833,8.08,1,4,3,74,3.5,Yes,No,70.7,75.2,Placed
STU03278,7.62,1,3,0,79.1,2.6,Yes,No,83.2,73.9,Placed
STU01523,7.3,1,2,2,74.2,5,Yes,Yes,67.7,78.1,Placed
STU01268,6.69,0,1,1,66.5,3.6,No,Yes,100,82.3,NotPlaced
STU03212,6.44,0,2,3,59,2.6,No,Yes,82,58.4,NotPlaced
STU04285,6.8,1,2,2,63.4,3.2,Yes,No,87.7,59.8,Placed
STU01062,5,0,2,0,85,3.9,Yes,Yes,61.7,83.8,NotPlaced
STU08064,8.4,1,0,1,85,3.4,No,No,80.1,67.7,NotPlaced
STU06765,5.59,1,1,1,76.3,3.2,Yes,Yes,82.3,80,Placed
STU08397,8.33,1,3,1,75.5,4.6,Yes,No,94.2,74.1,Placed
STU01923,6.53,1,2,0,85.3,3.5,Yes,Yes,70.7,72.6,NotPlaced
STU06811,7.9,0,1,2,79.8,2.7,Yes,Yes,48.1,76.9,NotPlaced
STU07339,7.52,3,3,1,75.7,3.9,No,Yes,77.9,71.9,Placed
STU02160,8,1,0,2,91.1,3,Yes,Yes,68,99.3,Placed
STU01223,8.07,2,3,0,70.7,3,Yes,No,86.5,55.9,Placed
STU02952,8.2,1,2,0,98.9,2.9,Yes,No,61.8,97.2,Placed
STU07605,7.78,1,1,0,77.8,3.2,No,Yes,97.2,69.6,NotPlaced
STU04183,6.74,2,2,3,68.3,1.6,Yes,Yes,57,73.9,Placed
STU03052,6.86,1,3,1,71,3,No,Yes,63.7,77.1,Placed
STU01019,7.21,1,0,0,83.2,3,No,Yes,76.5,65.6,NotPlaced
STU05885,6.17,1,1,1,68.3,4.6,Yes,No,58.1,68.6,NotPlaced
STU07491,7.26,0,1,1,53.1,3.7,Yes,Yes,68.3,70.3,NotPlaced
STU00168,9.21,1,2,1,85.9,3,Yes,No,77.4,94.7,Placed
STU06452,8.37,2,2,0,92.2,3.5,Yes,No,86,65.3,Placed
STU01869,6.52,1,2,0,79.8,3.5,No,No,74.6,75.8,NotPlaced
STU00390,6.98,0,2,0,83.8,2.7,No,Yes,70.3,62.6,NotPlaced
STU00512,7.45,1,2,0,57.4,3.2,No,No,64.9,79,NotPlaced
STU06759,9.36,0,0,0,84.6,2.9,Yes,No,59,68.4,NotPlaced
STU00490,8.29,0,2,1,79.2,3.4,No,Yes,57.3,77.5,NotPlaced
STU02495,6.37,1,2,2,72.1,3.6,Yes,Yes,68,64.3,Placed
STU02736,7.02,0,2,0,69.1,3.6,No,Yes,66.3,77,NotPlaced
STU05548,7.92,1,2,0,100,4.2,No,Yes,65.6,75,Placed
STU09623,7.66,0,2,0,82,3.4,No,Yes,70.9,60.7,NotPlaced
STU03084,6.49,2,2,1,80.2,2.3,No,No,66.4,52.6,NotPlaced
STU02060,7.67,1,3,1,79.5,3.1,Yes,Yes,78.3,93.3,Placed
STU08702,6.97,0,1,0,58.5,3.6,Yes,No,90.2,46.6,NotPlaced
STU08299,7.33,1,1,2,52.9,4.1,Yes,Yes,77.7,67.6,Placed
STU08402,8.55,1,2,3,84.5,2.7,Yes,Yes,73.3,76.3,Placed
STU03503,7.54,0,0,1,72.9,2.5,Yes,Yes,89.1,70.6,NotPlaced
STU05971,8.38,2,3,1,70.9,4.2,No,Yes,82.7,77.5,Placed
STU08012,7.89,0,1,0,72.2,3.8,No,No,67.9,69.3,NotPlaced
STU04312,5.93,1,3,3,67.7,3.3,No,No,71.1,69.1,NotPlaced
STU06428,8.85,0,1,2,69.1,3.5,No,No,75.3,69.6,NotPlaced
STU03133,5.94,1,3,2,60.6,3.4,Yes,No,88.6,64.9,Placed
STU02046,8.51,1,1,1,73.4,4.4,No,Yes,66.8,89.9,Placed
STU09058,7.4,1,3,1,65.7,4.6,Yes,Yes,40.5,56.3,Placed
STU03057,7,2,2,1,62.8,3.6,Yes,Yes,90.8,63.8,Placed
STU03368,7.66,1,3,2,77.3,2.6,Yes,Yes,52.7,71.9,Placed
STU06552,8.54,0,1,1,82,2.6,No,No,56.2,67.3,NotPlaced
STU02722,7.04,2,3,2,70.5,2.8,No,Yes,78.8,72.8,Placed
STU00933,6.2,0,2,3,75.7,4.1,No,No,63.9,46.1,NotPlaced
STU06918,9.8,1,3,2,87.8,2.8,Yes,No,70.1,75.1,Placed
STU06769,8.99,1,2,3,68,2.8,Yes,Yes,61.6,55.1,Placed
STU07955,8.72,1,3,1,89.1,2.9,No,No,63.6,72.2,Placed
STU01496,9.31,0,0,1,70,4.2,No,No,73.2,54.7,NotPlaced
STU03174,8.2,2,2,0,80,3.3,Yes,Yes,79.9,65.9,Placed
STU01528,8.89,0,2,3,72.1,4.1,No,No,63.5,68.4,NotPlaced
STU08950,8,0,1,2,92.6,3.2,Yes,No,86.9,58.4,NotPlaced
STU00126,9.47,3,1,3,79.9,2.4,No,No,63.2,81.2,Placed
STU05846,7.01,2,1,2,88.4,3.3,Yes,No,75.2,64.2,Placed
STU07733,7.14,1,3,2,72.7,5,No,No,80.8,80.4,Placed
STU06510,8.78,0,0,1,86.8,4.4,Yes,No,76.9,93.2,NotPlaced
STU02746,7.23,1,1,2,63.6,4.4,Yes,Yes,86.3,63.2,Placed
STU06042,8.6,1,3,1,78.5,4.3,Yes,Yes,49.4,57.6,Placed
STU06559,8.12,1,2,0,67.7,1.6,Yes,No,79.4,59.2,NotPlaced
STU07033,7.95,1,2,2,70.5,2.7,No,No,47.9,69.5,NotPlaced
STU00375,9.44,3,2,2,69.3,4,Yes,Yes,96,52.2,Placed
STU09129,8.01,0,3,2,53.3,4,No,No,57.2,89.3,NotPlaced
STU01651,8.02,2,0,1,48.8,3.9,No,Yes,60.8,63.6,Placed
STU07273,8.31,0,3,2,61.5,3.8,No,Yes,73.9,81.6,Placed
STU03954,8.01,2,1,2,74.3,4.3,No,Yes,77.4,81,Placed
STU01720,7.11,1,3,0,71,2.6,Yes,Yes,66.2,84.8,Placed
STU06229,8.25,1,1,0,73.4,3.4,Yes,Yes,53,51.8,Placed
STU08454,6.94,0,3,1,58.1,5,No,Yes,88.4,54.2,NotPlaced
STU03795,7.51,0,4,0,80.1,3.9,Yes,No,85.9,44.8,NotPlaced
STU00084,7.03,0,3,2,85.3,3.6,Yes,Yes,77.3,62.1,Placed
STU04031,8.28,1,0,0,59.6,3.7,No,Yes,69.5,57.2,NotPlaced
STU08781,6.84,2,2,1,77.9,3.8,Yes,Yes,49.6,66.5,Placed
STU00265,7.27,1,3,2,65.5,3.8,No,Yes,79.5,76,Placed
STU07759,6.23,1,4,0,61.9,4,No,No,80.1,78,Placed
STU06852,6.82,1,2,3,75.1,2.1,Yes,Yes,76.6,65.3,Placed
STU07630,7.86,1,3,2,49.6,2.8,Yes,No,81.3,85.3,NotPlaced
STU07926,8.04,1,3,1,70.3,5,Yes,No,88.2,88,Placed
STU09707,8.9,2,3,2,81.9,4.1,Yes,Yes,66.1,48.6,Placed
STU03873,6.51,0,2,0,61,4,Yes,No,62.8,75.7,NotPlaced
STU07185,7.54,0,1,2,76,3.6,No,Yes,95.3,70.8,Placed
STU09547,8.1,2,2,2,68.9,4.6,Yes,Yes,64,52.4,Placed
STU06084,7.62,1,1,3,56.3,2.9,Yes,No,81.2,68.8,NotPlaced
STU01621,7.6,2,1,1,87.1,4.2,Yes,Yes,73.2,78.8,Placed
STU09974,8.04,1,0,1,56.4,3.8,Yes,No,65.3,79.3,NotPlaced
STU01973,8.09,1,0,3,96.8,3.8,Yes,No,61.6,73.4,Placed
STU06136,6.47,1,2,3,68.1,3.7,Yes,Yes,65,67.2,Placed
STU09365,8.5,1,2,1,79.9,4.4,Yes,No,87.6,91.4,Placed
STU05389,6.3,2,2,0,75.8,2.6,No,No,64,75.7,NotPlaced
STU03811,6.61,1,2,3,85.3,3.3,Yes,No,81.4,58.2,Placed
STU01534,7.37,2,1,1,80.1,3.8,Yes,Yes,70.7,66.6,Placed
STU07289,8.28,2,0,2,81.6,2.1,Yes,No,90.2,55.7,NotPlaced
STU05275,7.13,1,2,2,63.6,4.2,Yes,Yes,67.5,76.6,Placed
STU03652,8,1,3,1,85,2.6,Yes,Yes,73.3,82.6,Placed
STU01623,8.33,2,3,2,67.2,3.3,No,No,71.7,77.3,Placed
STU06236,8.37,1,1,2,81.9,3.8,Yes,Yes,74,74.5,Placed
STU06247,7.98,1,1,0,67.2,3.1,Yes,Yes,74.3,72.6,NotPlaced
STU03548,8.82,1,1,3,85.1,3.8,No,No,70.9,57.8,Placed
STU09255,7.7,1,1,2,76.8,4.7,Yes,No,81,75.6,Placed
STU04245,7.52,2,2,2,75.7,2.8,Yes,No,54.6,63.5,Placed
STU06515,7.63,2,2,2,53.2,2.5,Yes,No,82.5,49.4,Placed
STU08962,7.37,2,2,1,75.2,3.1,Yes,Yes,62.6,48.5,Placed
STU03487,8.88,1,1,1,58.1,3.8,No,No,51.7,76.2,NotPlaced
STU09457,8.2,2,2,1,66.8,2.6,Yes,Yes,87.7,69.7,Placed
STU05302,7.22,0,4,3,72.6,3.8,Yes,Yes,79.2,66,Placed
STU09933,8.09,1,3,3,72.9,3.5,Yes,No,66.1,82.6,Placed
STU01698,6.89,1,0,1,59.5,2.7,No,No,65.3,77.3,NotPlaced
STU00393,6.31,2,2,1,67.3,3.6,No,No,58.7,65.2,NotPlaced
STU07181,7.78,0,0,2,61.5,3,No,No,69.9,71.8,NotPlaced
STU08460,8.93,2,0,2,55.8,3.7,Yes,No,65.8,67.2,Placed
STU03892,8.02,1,2,2,75.6,3.6,No,Yes,86.2,62,Placed
STU01999,7.35,0,2,1,75,4.6,Yes,Yes,89.2,58.3,NotPlaced
STU06900,6.17,1,1,1,81.9,3.9,Yes,No,50.3,71.2,NotPlaced
STU01069,7.08,2,4,1,84.5,4.7,Yes,No,81.3,73,Placed
STU00772,6.99,1,2,1,71.8,2.8,No,Yes,69.2,95.7,Placed
STU07234,8.15,0,2,2,75.1,2.9,Yes,No,95.7,75.6,NotPlaced
STU03060,7.14,1,1,1,61,4.8,Yes,No,71.5,86.7,Placed
STU08471,7.43,0,2,1,76.7,4.6,No,No,44.9,94.2,NotPlaced
STU06339,7.63,1,2,0,52.6,4.4,No,Yes,57.1,73.1,NotPlaced
STU07635,9.17,1,1,2,74.8,3.7,Yes,Yes,82.2,60,Placed
STU07011,7.76,0,3,1,56.9,3.2,No,No,74.4,56.9,NotPlaced
STU01899,8,3,1,1,67.8,4.5,Yes,Yes,52.5,72.5,Placed
STU07948,8.23,0,2,1,77.2,2.8,No,Yes,71.3,71.5,NotPlaced
STU01588,7.17,2,2,1,85.2,4,No,No,61.4,48.5,Placed
STU04197,8.49,1,3,1,78.1,3.8,Yes,No,56.6,59.9,Placed
STU08043,6.2,1,4,1,68.7,4.1,No,Yes,88.2,55,Placed
STU07690,7.32,2,1,2,61.9,3.9,Yes,Yes,100,67.2,Placed
STU04712,8.03,0,1,1,71.6,3.2,No,Yes,71.7,84.8,NotPlaced
STU08983,7.41,0,3,1,63.4,2.9,Yes,Yes,73.1,58.2,NotPlaced
STU01320,7.33,0,2,3,91.5,3.5,No,Yes,91,78.6,Placed
STU02488,7.46,1,3,2,69.6,3,Yes,No,80.3,61.7,Placed
STU04065,6.61,0,2,1,61.7,2.7,Yes,No,73.6,72.3,NotPlaced
STU01546,7.92,2,1,3,89.4,3.1,Yes,No,64.8,54.2,Placed
STU01765,7.28,0,1,2,82,3.5,Yes,Yes,63.5,78.4,NotPlaced
STU00960,7.9,0,4,0,95.2,2.2,No,Yes,88,78.2,Placed
STU08979,8.06,2,2,0,70.2,4.5,No,No,67,52.7,Placed
STU03767,6.62,1,3,1,67.2,3.4,Yes,Yes,67.7,57.1,Placed
STU07621,6.78,1,2,1,51.7,3.8,No,Yes,81.8,86.7,NotPlaced
STU06649,8.5,0,1,0,74.3,4.7,Yes,No,58.8,65.4,NotPlaced
STU01344,8.57,2,3,1,69,4.2,Yes,No,73.5,87,Placed
STU08174,6.79,2,0,0,79.8,3.7,Yes,No,63.5,81.5,Placed
STU02977,8.64,0,2,2,69.1,3.9,Yes,Yes,77.7,40.8,Placed
STU08304,7.62,1,1,0,50.8,3.6,Yes,Yes,47.4,75.6,NotPlaced
STU04558,7.82,0,0,2,76.9,2.8,No,Yes,85.4,69.4,NotPlaced
STU02764,6.93,3,0,1,62.2,4.4,Yes,Yes,85.5,71.2,Placed
STU04544,6.96,0,0,3,62.5,3.1,No,Yes,91.9,84.2,NotPlaced
STU00222,5.82,2,2,1,88.5,4.3,Yes,Yes,77.6,55.6,Placed
STU07772,7.32,0,1,2,68.5,3,No,No,56.5,70.6,NotPlaced
STU02308,7.34,1,1,2,81.8,4.2,Yes,Yes,77.6,67.9,Placed
STU09383,6.37,2,2,2,67.7,3.2,Yes,Yes,68,83.1,Placed
STU00997,9.12,1,2,1,73.1,2.7,No,Yes,60.3,66.2,Placed
STU03226,6.61,1,2,0,83.2,2.8,No,No,89,79.7,NotPlaced
STU07504,7.59,0,3,3,64.6,3.5,Yes,Yes,61.7,67.3,Placed
STU01932,7.95,3,1,2,80.7,3.3,Yes,Yes,63.5,69.8,Placed
STU01158,9.53,0,3,0,73.3,3.9,No,Yes,49.7,55.4,NotPlaced
STU06460,7.61,1,1,2,78.1,3.3,Yes,Yes,76.7,64.5,Placed
STU05922,7.65,0,1,0,67.7,3,No,No,72.8,55.7,NotPlaced
STU04463,8.26,2,3,1,68.9,3.1,No,Yes,65.4,66.3,Placed
STU00926,6.13,2,0,0,56,3.8,Yes,Yes,66.6,69.4,Placed
STU00154,7.71,1,2,0,81.1,3.3,Yes,No,69,50.1,NotPlaced
STU04015,7.43,0,1,2,81.9,3.3,No,Yes,62,43.5,NotPlaced
STU03688,7.74,3,1,1,69.2,2.8,Yes,No,74.8,73.3,Placed
STU01013,9.37,2,4,1,81.4,1.6,No,Yes,50.8,82.8,Placed
STU05009,6.84,1,1,3,75.7,4.4,No,No,74.8,55.7,Placed
STU06205,6.45,1,2,2,72.4,4,Yes,Yes,88.5,76.8,Placed
STU08769,7.55,1,0,1,68.7,2.7,Yes,No,88,41.8,NotPlaced
STU07683,7.31,0,1,2,68.5,3.5,No,Yes,79,62.1,NotPlaced
STU00533,7.44,0,2,2,69.4,2.6,Yes,Yes,57.4,68.5,NotPlaced
STU02725,9.27,0,2,3,72.7,3,No,Yes,64,74,Placed
STU04683,8.82,2,1,1,68.5,3.8,Yes,Yes,64.6,92,Placed
STU09848,7.73,2,2,3,82.1,3.7,Yes,Yes,80.2,69.8,Placed
STU08648,7.3,2,2,2,70.6,2.7,Yes,Yes,87.8,72.4,Placed
STU09464,7.73,0,2,3,61.4,3,Yes,Yes,72.9,75.2,Placed
STU02972,7.44,2,1,1,65.3,3.7,No,No,89.2,84.3,Placed
STU03500,7.18,3,1,0,80.3,3.5,Yes,No,79.6,66.9,Placed
STU09145,7.11,1,1,1,65.9,2.5,No,No,52.2,81.5,NotPlaced
STU00892,7.96,1,1,1,92.8,4.6,Yes,Yes,68.7,68.2,Placed
STU02782,6.92,1,4,2,69.7,2.2,Yes,No,89.3,69.1,Placed
STU06011,7.45,1,4,2,88.2,5,Yes,No,72.4,58.8,Placed
STU00389,8.36,0,3,1,60.1,4.4,Yes,Yes,73.5,72.6,Placed
STU02614,7.49,2,1,1,76.1,3.3,No,Yes,68.5,74.4,Placed
STU07391,8.65,2,2,1,66.4,3.7,No,No,61.2,43,Placed
STU09545,8.77,0,2,2,79.4,2.8,Yes,Yes,78.9,89.4,Placed
STU06141,7.06,0,4,0,80.3,1.9,No,Yes,95.1,71.2,Placed
STU08729,7.87,1,2,2,72.5,3.9,No,No,57.9,72.3,Placed
STU09806,6.32,1,1,1,55.7,3.6,No,No,67.7,74.7,NotPlaced
STU02013,6.81,1,1,0,73.1,3.7,No,Yes,62.6,71.8,NotPlaced
STU03094,7.88,0,2,1,59.8,5,Yes,Yes,65.8,77,Placed
STU01432,8.23,2,1,1,66.7,3.5,Yes,No,69.3,73.3,Placed
STU05106,7.68,0,3,1,55.3,2.4,No,No,76,69.9,NotPlaced
STU08037,6.1,2,4,1,72.3,3,Yes,Yes,48.7,81.2,Placed
STU04976,6.26,0,1,2,65.8,1.7,Yes,Yes,84,69.5,NotPlaced
STU06361,8.31,0,1,3,77.3,4.3,Yes,Yes,83,67.7,Placed
STU03704,6.75,2,1,1,71.6,4.3,No,Yes,61.8,86,Placed
STU04170,6.86,1,2,2,66.7,2.6,Yes,Yes,57.2,87.1,NotPlaced
STU03696,7.22,1,1,1,73.2,3.8,No,No,59.3,71.4,NotPlaced
STU07697,8.43,0,1,3,69.3,3.6,No,Yes,66.4,63.9,Placed
STU07093,6.19,1,3,0,54,2.4,No,No,87.9,77.5,NotPlaced
STU04609,8.12,1,1,3,85.4,3.8,No,No,74.2,75,NotPlaced
STU00064,6.42,1,1,2,60.5,5,Yes,Yes,87.3,73.6,Placed
STU06074,7.91,1,2,1,68.5,3.1,Yes,No,56.9,75.6,NotPlaced
STU00829,7.12,2,2,3,67.1,3,Yes,No,52.9,74.9,Placed
STU01910,7.63,1,3,1,74.5,4.1,Yes,No,79.4,60.6,Placed
STU01839,7.47,2,0,2,79.5,3.4,Yes,Yes,79,48.6,Placed
STU09079,6.54,0,2,3,67.2,3.4,No,No,65.1,59.3,NotPlaced
STU09407,6.42,2,1,0,77.5,5,Yes,No,70.8,81.8,Placed
STU02441,9.07,1,3,2,77.7,3.9,No,No,78.7,68.7,Placed
STU02974,9.29,1,1,2,55.1,2.1,No,No,55.4,70.2,Placed
STU00398,8.72,1,1,1,100,3.7,Yes,No,61.6,62.7,Placed
STU00363,7.4,1,1,0,59,3.9,No,Yes,71.7,76.3,Placed
STU05387,8.72,0,2,2,73.9,2.8,No,Yes,65.6,61.9,Placed
STU06700,6.76,0,2,2,67,4.1,No,Yes,94.1,74.1,Placed
STU00773,8.07,1,4,2,63.5,3.8,No,Yes,70.4,66,Placed
STU08085,6.19,0,2,1,91,3.7,No,Yes,87,70.2,NotPlaced
STU05534,7.69,1,2,0,76.7,3.3,Yes,Yes,69.3,78,Placed
STU00614,6.49,0,1,3,61.1,2.7,No,Yes,87.9,72,NotPlaced
STU02008,6.76,0,2,1,61.4,2.3,Yes,No,87.7,72.5,NotPlaced
STU07746,6.77,1,3,3,60.8,3.6,No,Yes,77.2,83.8,Placed
STU00314,8.23,1,3,0,72.4,3,Yes,Yes,72.7,88.5,Placed
STU04455,8.64,0,1,2,67.2,3.6,No,Yes,58.9,67.3,NotPlaced
STU05590,8.89,1,1,1,73.3,3.3,No,Yes,74.4,40,Placed
STU06427,6.77,1,1,1,88.3,3.9,No,Yes,61.1,82.4,NotPlaced
STU04266,7.94,0,0,1,83,4.1,Yes,Yes,51.6,78.2,NotPlaced
STU02516,7.8,1,2,2,76.2,3.6,No,Yes,50.3,66,Placed
STU00219,7.06,1,2,2,63,1.5,Yes,No,91.9,81.1,NotPlaced
STU05352,7.84,0,1,2,55.5,4.1,Yes,No,56.9,51.8,NotPlaced
STU00770,9.13,2,1,3,66.7,3.7,Yes,No,79.7,63.4,Placed
STU03842,6.86,0,2,3,82.7,2.5,Yes,No,72.2,79.2,NotPlaced
STU08744,8.3,1,1,0,61.6,3.3,Yes,Yes,53.9,70.8,Placed
STU00895,8.74,1,1,2,67.4,3.3,No,No,92.7,68.7,Placed
STU02407,6.33,2,3,2,78.6,4,No,Yes,88.3,70.5,Placed
STU02367,7.02,1,3,2,62.8,4.1,No,No,60.3,58.8,Placed
STU07950,7.51,3,1,2,69.7,4.7,Yes,No,65.3,61,Placed
STU02030,7.06,1,2,2,67.9,4.8,Yes,No,68.8,65.2,NotPlaced
STU02116,7.04,1,1,0,62.3,3.6,Yes,No,66,68.9,NotPlaced
STU03601,6.76,1,1,1,86.8,3.1,Yes,No,63,67.4,NotPlaced
STU09627,7.67,0,1,1,66.7,3.6,No,Yes,99.5,83,NotPlaced
STU09468,5.83,1,0,1,63.1,4.5,Yes,No,84.3,78.1,NotPlaced
STU05433,7.6,0,1,2,63.9,2.9,Yes,No,64.5,76,NotPlaced
STU09461,7.84,1,2,2,91.9,3.8,Yes,No,75,67.7,Placed
STU05568,8.12,1,0,0,73.8,3.9,Yes,Yes,83.7,70.2,NotPlaced
STU09201,9,1,0,1,91.1,4.9,Yes,Yes,65.3,68.8,Placed
STU03287,7.2,0,1,2,60.5,3,No,No,66.7,61.6,NotPlaced
STU06085,7.41,0,4,2,87.9,3.6,Yes,No,86.2,55.6,Placed
STU01861,7.38,2,1,0,83.6,2.6,Yes,No,73.1,91.2,Placed
STU08380,7.71,2,0,1,55.7,3.4,Yes,Yes,69.8,53.5,Placed
STU02904,7.8,1,2,0,56.9,3.8,No,No,69.6,62.7,NotPlaced
STU08246,6.29,0,3,1,68.6,3.6,No,No,70.2,93.6,NotPlaced
STU08973,6.91,3,3,1,68.9,3,Yes,Yes,85.5,84.7,Placed
STU03668,8.03,3,3,0,79.4,2.8,No,No,84.1,67.1,Placed
STU08439,7.48,1,4,3,73.4,2.2,Yes,No,55,77.9,Placed
STU04861,7.07,2,2,0,54.2,3.4,Yes,Yes,88,69.7,Placed
STU06077,6.35,0,1,1,82.8,3.5,Yes,Yes,75.6,82.7,NotPlaced
STU04922,7.77,1,3,1,86,3.4,Yes,Yes,75.7,64.4,Placed
STU00766,6.87,1,0,1,85.9,3.8,Yes,No,85.5,79.8,NotPlaced
STU04146,5.13,1,0,3,71.8,4.4,Yes,Yes,72.3,73.9,NotPlaced
STU04859,7.62,1,2,0,54.9,1.7,Yes,Yes,45.6,40,NotPlaced
STU03024,8.54,1,2,1,78.5,4.9,Yes,No,51,80.5,Placed
STU09211,6.19,3,2,0,65,3.4,Yes,No,75,59.8,Placed
STU02822,8.26,1,2,0,73.9,4.3,Yes,No,79.8,67.7,Placed
STU04944,6.84,1,3,1,92.3,4.2,Yes,No,66.7,68.5,Placed
STU08951,7.71,0,2,1,83.5,3.8,No,Yes,82.7,74.7,Placed
STU02421,8.44,1,2,3,86.8,4.1,No,No,68.6,63,Placed
STU07154,8.09,1,2,0,70,2.5,No,No,76.4,74.3,NotPlaced
STU01816,6.7,1,1,2,79.6,4.5,No,No,81.2,70.6,NotPlaced
STU00073,7.47,1,2,1,73.7,3.7,Yes,Yes,76,86.8,Placed
STU08652,8.01,1,0,1,80.3,4,Yes,No,40,72.5,NotPlaced
STU00619,7.93,2,1,2,62.7,3.4,No,Yes,82.3,56.2,Placed
STU04033,6.46,2,1,1,77.2,2.9,Yes,Yes,83,75.7,Placed
STU06481,8.12,0,2,1,56.7,5,No,Yes,68.3,71,NotPlaced
STU06720,8.27,1,2,2,66.4,3.9,Yes,Yes,71,71,Placed
STU06113,7.93,1,3,1,67.5,4.6,No,No,62.7,97.9,Placed
STU02269,7.05,2,2,3,73.9,3.3,Yes,No,66.3,56.1,Placed
STU02887,7.03,1,1,1,68.9,2.2,No,No,44.1,69.5,NotPlaced
STU07496,7.05,2,1,1,90,3.2,No,No,75.3,81.2,Placed
STU05001,7.12,1,1,2,91.3,4.3,Yes,Yes,91.1,69.1,Placed
STU03793,7.73,0,2,1,82.9,4.4,No,Yes,90.1,55.5,NotPlaced
STU05773,8.13,1,3,2,69.2,1.6,No,No,64.5,63.1,NotPlaced
STU01727,7.02,1,1,1,71.8,3.2,Yes,Yes,69.5,68.2,Placed
STU00548,7.32,1,1,3,75.9,4,Yes,Yes,78.7,63.8,Placed
STU09101,7.19,1,2,3,88.8,2.9,Yes,No,73,63.7,Placed
STU02552,5.81,1,2,2,87.4,3.7,No,Yes,67.9,64.4,Placed
STU04165,7.11,1,1,0,65.5,4.1,Yes,No,65.5,69.9,NotPlaced
STU09665,6.97,1,2,1,84.6,4.7,Yes,No,74.6,80.6,Placed
STU07255,8.15,1,3,1,75.5,4.3,No,No,73.9,62.8,Placed
STU09678,8.93,0,2,0,61.6,3.7,No,Yes,88.1,54.9,NotPlaced
STU07062,8.04,1,2,1,73.4,4.5,Yes,Yes,95.3,76,Placed
STU01703,8.07,2,3,1,55.6,3.6,Yes,Yes,65.1,60.5,Placed
STU04899,8.1,1,2,3,65.9,2.7,Yes,No,85.1,82,Placed
STU03984,6.49,0,2,2,93.9,3.3,Yes,No,74.9,71.7,NotPlaced
STU07941,5.73,2,2,0,70.5,3.4,Yes,No,87.5,67.4,NotPlaced
STU00134,7.93,0,3,1,79.1,3,No,Yes,62.9,91.9,Placed
STU06815,6.22,1,2,0,70.3,1.7,Yes,Yes,62.9,74.9,NotPlaced
STU05528,7.51,1,1,1,61.6,2.9,No,Yes,56.1,63.2,NotPlaced
STU00477,8.02,0,3,1,55.8,2,No,No,59.3,100,NotPlaced
STU02342,7.88,0,0,1,77.6,4.4,Yes,Yes,89.7,66.1,NotPlaced
STU06519,5.07,2,2,1,84.1,3.1,Yes,Yes,61,81.3,Placed
STU03537,8.11,3,2,1,45.7,3.5,No,Yes,69.9,53.9,Placed
STU01005,8.13,0,2,2,53.7,4,Yes,No,79.6,65.6,NotPlaced
STU02366,8.88,2,3,1,69.5,3.1,Yes,Yes,63.6,57.6,Placed
STU05158,10,1,3,0,68,4.1,No,No,60.1,70,Placed
STU07388,7.78,3,2,1,62.2,2.9,No,Yes,65.4,76.7,Placed
STU03613,7.34,0,3,1,62.1,4.2,Yes,Yes,63.6,78.9,NotPlaced
STU00194,6.38,3,1,1,67.9,4.1,No,No,74.5,71.7,Placed
STU05181,7.7,1,2,2,76,3.5,No,No,59.2,71.6,NotPlaced
STU00732,6.62,0,1,2,87.3,3.2,Yes,No,64.4,65.4,NotPlaced
STU01844,7.58,2,2,1,73.8,3.3,No,Yes,78.2,55.2,Placed
STU04359,8.03,2,3,1,59.9,3.1,Yes,No,71.8,86.8,Placed
STU04893,6.99,1,0,0,71.5,3.5,No,No,59.3,69.8,NotPlaced
STU08107,7.47,2,2,1,71.2,3.6,No,Yes,72.3,51.2,Placed
STU05075,7.68,1,3,1,59.1,3.9,No,No,67.1,55.7,NotPlaced
STU04576,7.3,0,4,2,67.6,4.2,Yes,Yes,65.4,56.8,Placed
STU02854,7.7,3,1,1,65.6,3.6,Yes,No,73,68.9,Placed
STU02560,8.33,1,3,2,60.9,3.4,Yes,No,82.4,67.3,Placed
STU00567,5.67,1,3,1,65,2.4,Yes,Yes,57,75,NotPlaced
STU01177,5.98,1,1,0,75.1,3.9,Yes,Yes,55.4,63.5,NotPlaced
STU01888,7.88,1,0,0,66.7,3.4,Yes,Yes,83.9,86.2,Placed
STU02170,7.92,2,3,3,72.1,3.9,No,No,69.5,64.3,Placed
STU03118,6.82,1,3,0,90,2.8,No,Yes,88,82.9,Placed
STU00004,8.87,0,3,1,69.6,3.8,Yes,No,67,90.9,Placed
STU06402,6.77,0,3,0,80.1,3.9,Yes,No,73.3,62.8,NotPlaced
STU03141,8.26,2,2,1,71.4,4.2,Yes,No,74.8,51.8,Placed
STU00834,6.81,1,3,2,56.6,4.4,Yes,Yes,69.3,64.6,Placed
STU09256,7.07,0,2,2,69,1.2,No,No,81.8,59.3,NotPlaced
STU09808,8.38,1,2,1,71.2,3.7,Yes,Yes,52.8,84.3,Placed
STU03333,8.93,0,0,3,82.6,4.2,Yes,No,53.1,92.4,Placed
STU02858,7.29,0,0,2,71.9,4.5,No,No,62.7,82.8,NotPlaced
STU09938,8.27,3,2,0,75.6,3.9,Yes,No,66.6,74.7,Placed
STU02617,6.84,1,0,2,77.9,2.8,No,No,57.5,51.8,NotPlaced
STU00468,8.18,3,2,3,75.2,4.2,Yes,No,86.5,81.9,Placed
STU03486,7.04,0,1,1,77.1,5,Yes,No,87.6,69.5,NotPlaced
STU01258,7.88,0,1,2,66.1,4.8,Yes,No,78.4,64.5,NotPlaced
STU08452,7.91,1,1,2,78.2,3.1,Yes,Yes,57.7,62,Placed
STU03611,7.53,0,3,1,86.5,3.1,No,No,66.7,57.6,NotPlaced
STU08573,7.87,2,1,2,67,3.4,No,No,59.7,53.7,Placed
STU08182,7.77,0,2,2,59.8,4.3,Yes,Yes,75.2,74.5,Placed
STU04047,8.13,3,1,1,90.1,2.7,No,No,54.8,65.9,Placed
STU03264,8.56,1,1,0,63.1,4.1,No,No,74.1,47.7,NotPlaced
STU03511,8.6,1,2,2,73.1,3.9,Yes,Yes,92.3,60.2,Placed
STU05938,6.08,1,4,2,60.4,2.3,Yes,No,76.2,74.8,NotPlaced
STU01212,6.88,3,2,1,56.9,3.2,Yes,Yes,79.6,50.7,Placed
STU05294,6.67,0,2,0,74.7,4.6,No,No,94.5,58.4,NotPlaced
STU02585,8.49,0,1,0,73.9,4.3,No,No,77.7,54.2,NotPlaced
STU07358,7.29,1,2,1,72.8,4.6,Yes,Yes,88.4,70,Placed
STU04857,8.28,0,1,0,62.8,3.1,No,No,75.9,73.4,NotPlaced
STU03022,7.08,2,1,1,92.9,3.3,Yes,No,68.1,67.7,Placed
STU07981,6.66,0,0,1,58.7,2.5,No,No,64.4,59.7,NotPlaced
STU01179,6.61,1,1,0,74,2.5,Yes,No,59.3,62.6,NotPlaced
STU04690,7.07,0,0,1,69.8,4.8,No,No,98.3,68.7,NotPlaced
STU09830,6.91,3,0,0,86.3,4.9,Yes,No,82.7,67.6,Placed
STU07543,8.22,0,3,2,65.9,2.7,No,No,76.3,64,NotPlaced
STU01667,6.6,1,2,1,82.8,3.5,Yes,No,71.7,77.8,Placed
STU04605,6.52,1,4,2,74.4,3,Yes,Yes,53.4,80.3,Placed
STU03924,6.05,2,1,1,80.9,3.2,No,Yes,77.2,72.6,NotPlaced
STU05355,7.01,1,1,1,66.7,5,No,Yes,84.4,60.7,NotPlaced
STU01154,6.31,0,2,2,81.5,3.4,Yes,Yes,49.2,70.5,Placed
STU00300,8.07,1,2,3,77.3,2.8,No,No,54.1,62.1,Placed
STU08990,7.1,0,0,2,86.3,2.8,Yes,No,70.2,77.7,NotPlaced
STU00545,5.28,0,2,2,62.2,3.2,Yes,No,70.7,74.2,NotPlaced
STU00896,8.08,1,3,1,75.4,4.6,No,No,52.9,94.1,Placed
STU04395,8.26,2,1,1,54.9,2.5,Yes,No,78.1,44.7,Placed
STU02182,7.18,1,1,2,67.2,3.1,No,Yes,70.8,71.2,Placed
STU09173,8.07,1,1,3,52.1,4.3,Yes,Yes,55,62.9,Placed
STU07801,6.75,1,1,2,74.5,3.4,No,No,80.4,69.2,NotPlaced
STU05776,6.33,0,2,0,67.3,5,Yes,No,65.4,71.6,NotPlaced
STU07489,7.73,1,2,2,62.1,4.1,Yes,Yes,68,79.6,Placed
STU08810,8.19,0,1,1,62.5,3.7,Yes,Yes,57.1,73.8,NotPlaced
STU02673,7.73,1,2,0,81.2,4.1,No,Yes,66.2,74.5,NotPlaced
STU02374,7.95,0,2,2,57.6,2.8,Yes,Yes,68,84.2,NotPlaced
STU08223,7.99,2,2,0,81.6,2.5,No,Yes,50.2,74.4,Placed
STU03151,8.26,0,3,1,84.3,4.2,Yes,No,55.6,58.7,Placed
STU01686,8.57,1,1,0,66,3.6,Yes,Yes,71,56.2,Placed
STU04527,6.25,0,2,1,68.9,2.6,Yes,Yes,83.7,49.2,NotPlaced
STU05145,8.32,0,3,3,71.6,3.6,No,Yes,78.6,100,Placed
STU00859,7,2,2,1,68.5,2.4,No,Yes,40.8,86,Placed
STU01183,8.33,0,2,2,83.9,4.5,Yes,No,60.5,67.9,Placed
STU07773,7.24,0,2,1,68.5,4.1,Yes,Yes,80.6,59.3,NotPlaced
STU07628,7.94,0,4,0,87.1,4.4,No,Yes,64.9,64.1,Placed
STU02841,7.77,1,0,0,67.7,3.3,Yes,No,56.9,86.2,NotPlaced
STU03569,7.7,0,0,1,80.1,4,Yes,No,85.2,90.5,NotPlaced
STU06252,7.18,3,2,0,77.5,3.2,Yes,Yes,83.8,63.1,Placed
STU03574,7.67,1,2,2,72.9,4.5,No,No,78,56.8,Placed
STU02287,8.21,1,2,2,47.5,3.1,No,No,76.7,79.6,NotPlaced
STU07210,8.54,1,3,2,61.2,2.6,No,No,74.5,75.3,Placed
STU03215,8.16,1,2,1,65.1,4.1,Yes,Yes,69.2,89.1,Placed
STU07946,6.65,1,3,1,62.5,3.3,Yes,Yes,59.4,68.7,Placed
STU06972,7.45,0,2,0,62,2.5,No,No,66.1,100,NotPlaced
STU06688,6.67,2,3,1,77.2,3.3,No,Yes,66.7,86.9,Placed
STU09293,6.09,0,3,0,56.2,2.8,Yes,Yes,86,60.3,NotPlaced
STU04508,7.74,1,2,1,65,3.1,Yes,No,74.5,58.2,NotPlaced
STU06896,7.02,0,4,1,75.1,3.9,No,Yes,77,66.9,Placed
STU09723,7.59,0,2,1,65.1,2.1,Yes,Yes,75,58.4,NotPlaced
STU01624,6.9,0,1,1,77.3,3.6,Yes,No,74.3,67.1,NotPlaced
STU07933,7.34,2,2,1,65.5,2.1,Yes,No,78.3,58.6,Placed
STU05247,6.96,0,3,2,67.2,3,Yes,No,68.6,52.8,NotPlaced
STU08341,7.58,0,3,2,55.5,3.7,Yes,No,68.2,52.3,NotPlaced
STU07653,7.44,1,2,1,61.2,2.4,Yes,Yes,71.3,71.4,Placed
STU05374,7.44,2,2,0,71.2,3.4,Yes,Yes,68.7,69.1,Placed
STU06868,6.77,1,3,1,88.5,3.5,No,No,80.7,64.4,Placed
STU08806,5.69,3,3,1,76.8,3.2,Yes,No,64.4,80.5,Placed
STU08867,7.75,0,3,1,63.3,3,No,No,47.4,65,NotPlaced
STU04795,7.36,1,1,2,72.1,4.8,Yes,Yes,63.5,95.3,Placed
STU09160,8.57,1,1,2,73.6,4,No,No,76.9,72.2,NotPlaced
STU05114,6.24,1,2,2,81,1.9,No,Yes,71.5,65.9,NotPlaced
STU03005,8,0,2,2,81.9,4.2,No,Yes,69.5,63.1,Placed
STU05188,7.69,3,3,2,74.3,3.8,No,No,54,72.1,Placed
STU02162,7.72,2,2,3,69.1,3.5,Yes,No,61.2,73.2,Placed
STU05152,6.73,0,2,1,68.8,3.5,Yes,No,93.9,56.6,NotPlaced
STU02301,8.45,1,1,2,85.8,3.1,Yes,No,74,71.8,Placed
STU04118,5.8,1,1,0,65.6,4.7,No,Yes,64.8,89.2,NotPlaced
STU04658,6.65,2,1,2,70.1,2.3,Yes,Yes,76.4,72.9,Placed
STU05772,7.35,2,2,0,80,4,No,No,61.4,80.1,Placed
STU04819,8.06,1,2,0,75.5,3.9,Yes,No,60.1,85.2,Placed
STU09195,6.59,1,2,2,83.9,3.1,Yes,No,52.2,72.8,NotPlaced
STU08606,8.52,1,1,1,57.5,4.2,Yes,Yes,79.2,74.8,Placed
STU03251,8.04,2,4,1,77.4,2.9,Yes,No,82.4,67.7,Placed
STU05532,6.83,1,3,2,58.7,2.9,No,No,68.1,62.7,NotPlaced
STU02189,7.11,1,3,2,69.6,3.9,Yes,Yes,49.5,65,Placed
STU09750,8.54,1,3,2,71.7,4.5,Yes,Yes,78.9,62.1,Placed
STU01889,7.07,1,1,1,60.2,3.5,No,Yes,83.6,85.4,Placed
STU02092,7.77,0,3,2,84.9,4.3,Yes,Yes,73.6,95.4,Placed
STU01115,7.64,1,3,1,88.6,4.1,Yes,Yes,79.6,69.4,Placed
STU00764,7.41,2,2,2,78.2,2.4,Yes,Yes,86,56.7,Placed
STU06134,7.53,2,1,2,57.1,2.8,Yes,Yes,77.5,73.4,Placed
STU00415,7.8,1,3,0,56.6,2.5,Yes,No,84.9,65.8,Placed
STU08028,7.55,1,1,1,62.5,3.4,No,Yes,70.8,70.8,Placed
STU07891,7.65,0,1,3,64.3,3.7,No,Yes,75.5,64.9,NotPlaced
STU08206,7.1,1,2,0,73.5,1.7,No,Yes,67.4,77.1,NotPlaced
STU03612,7.6,1,1,3,64.3,3.9,Yes,Yes,67,80,Placed
STU06812,6.21,2,2,3,70,3.6,Yes,Yes,55.8,54.4,Placed
STU03311,6.44,0,3,3,62.4,3.8,Yes,Yes,64.6,71.1,Placed
STU00144,7.67,1,1,1,73.2,2.5,No,No,58.3,83.9,NotPlaced
STU08902,7.69,2,1,2,77.5,4.7,Yes,No,85.2,63.4,Placed
STU00487,6.92,0,2,3,85.2,2.1,No,Yes,67.4,70.1,Placed
STU08598,8.44,1,4,1,53.2,4.1,Yes,No,75,72.1,Placed
STU07017,7.47,0,2,2,82.6,4,No,No,94.9,68.5,NotPlaced
STU06138,6.99,2,1,1,89.3,3.6,No,No,83.6,85.2,Placed
STU01890,7.49,1,2,1,71.4,3.2,No,Yes,87.7,66.2,Placed
STU07267,8.29,2,0,2,87,3.8,Yes,No,65.3,74.8,Placed
STU05404,7.58,2,3,1,54,3.8,No,Yes,69.3,73.8,Placed
STU01485,7.7,1,1,2,69,3,No,No,54.3,72.9,NotPlaced
STU08624,8.57,1,3,2,79.4,3.9,Yes,No,79.2,55.1,Placed
STU05769,7.68,1,1,2,58.9,3.6,No,Yes,61.1,84,Placed
STU06381,9.35,1,2,2,67.5,3,Yes,Yes,89.9,76.8,Placed
STU02234,8.3,0,2,2,71.8,3.7,Yes,Yes,62.2,73,NotPlaced
STU01903,8.56,0,0,3,53.8,3.6,Yes,Yes,76.7,55.2,NotPlaced
STU06058,8.42,0,2,2,57.7,3.8,Yes,Yes,61.7,80.4,Placed
STU03337,6.27,3,2,2,73.4,2.7,Yes,Yes,57.7,75.8,Placed
STU02586,6.94,2,2,0,84.7,2.9,No,Yes,67.5,75.3,Placed
STU03751,6.97,1,2,0,73.3,3.4,Yes,No,57.4,45,Placed
STU00110,7.43,2,2,1,56,3.7,No,No,56.4,49.6,NotPlaced
STU09288,7.85,0,2,2,80.8,3.4,Yes,No,77.2,55.3,NotPlaced
STU04119,7.09,1,1,1,64,2.3,Yes,No,81.3,78.4,NotPlaced
STU03283,5.56,2,2,0,83.3,3.8,Yes,No,54.2,74.1,Placed
STU01668,7.05,3,2,2,79.4,4.6,No,No,69.4,76.5,Placed
STU04935,7.09,0,1,1,77,5,No,Yes,76.7,68.2,Placed
STU02151,7.34,0,2,2,65.4,4.4,No,No,76.7,76.3,NotPlaced
STU07392,7.57,1,3,1,75.8,4.3,Yes,No,62.7,40.8,NotPlaced
STU06005,7.31,1,3,1,74.2,3.8,Yes,Yes,57.9,73.9,Placed
STU04267,7.76,0,0,3,64.5,3.2,Yes,Yes,78.9,70,NotPlaced
STU02043,7.03,1,2,2,82.6,4.1,Yes,Yes,92.8,53.3,Placed
STU07612,5,0,0,0,73.6,2.6,No,Yes,94.5,93.6,NotPlaced
STU07082,8.62,1,1,1,73.9,1.1,Yes,Yes,61.9,61.4,NotPlaced
STU00664,7.01,1,2,2,67.6,3.8,No,Yes,71.7,69,Placed
STU06711,8.47,0,1,1,62.4,3.9,Yes,Yes,66,62.5,NotPlaced
STU02223,8.17,1,2,1,76.2,2.9,Yes,No,84.6,47,NotPlaced
STU08017,6.84,0,1,1,78.2,2.6,Yes,No,69.5,75.4,NotPlaced
STU04591,6.95,2,2,1,87.9,4.9,No,Yes,78.5,67.8,Placed
STU08835,8.14,2,1,1,64.4,4,Yes,Yes,70.5,79.2,Placed
STU07323,7.09,1,2,0,91.8,4,No,Yes,49,65,Placed
STU05560,8.2,2,2,1,73.2,1.9,Yes,Yes,66.9,76.3,Placed
STU01096,7.43,3,1,2,72.4,2.1,No,Yes,78.7,73.9,Placed
STU01373,6.27,0,2,2,46.9,3.2,Yes,No,73.8,68.1,NotPlaced
STU03236,7.67,0,0,0,72.8,4.9,No,Yes,57.3,64.8,NotPlaced
STU05486,8.17,0,2,1,79.5,3.8,No,Yes,75.2,80.4,NotPlaced
STU03313,9.38,1,2,1,66.3,3.4,Yes,No,74.5,66.1,Placed
STU00781,7.66,2,3,2,66.8,3.1,Yes,Yes,65,51.9,Placed
STU05494,9.37,1,3,0,73.3,3.2,Yes,Yes,77.5,81.1,Placed
STU01620,8.53,2,2,0,61.1,3.9,No,No,86.9,72.7,Placed
STU08862,7.62,2,1,2,78.9,3.5,Yes,Yes,79,80.7,Placed
STU06834,7.6,1,1,2,79.6,4.2,Yes,No,75.3,59.5,Placed
STU09857,6.73,1,1,1,84.4,3,Yes,Yes,93.6,59.6,NotPlaced
STU02714,6.24,1,3,2,54.1,3.6,No,No,52,83.1,NotPlaced
STU01599,7.52,2,4,1,79,2.2,No,Yes,58.6,64.5,Placed
STU06624,7.46,3,2,1,67.6,4.5,Yes,Yes,59.9,59.5,Placed
STU01843,7.01,2,1,1,78,1.8,Yes,Yes,75.7,81.6,Placed
STU09517,9.16,2,2,0,87.3,3.4,No,Yes,79.9,68.2,Placed
STU05571,7.5,0,3,1,82.8,2.9,No,No,81.8,50.3,NotPlaced
STU07908,7.25,1,3,0,83.6,4.2,No,No,67.6,68.7,NotPlaced
STU01489,6.13,2,2,1,69.6,3,Yes,Yes,67.7,75.8,Placed
STU05985,8.93,3,2,1,74.2,2.6,No,Yes,65.9,73.1,Placed
STU02027,9.12,0,2,2,66.7,2,No,No,88.6,79.2,Placed
STU09419,7.6,1,2,2,68.9,3.1,Yes,Yes,46.5,58.2,Placed
STU01996,8.46,1,3,1,94.6,2.4,No,No,81.7,73.5,Placed
STU06409,7.11,2,1,1,78.2,4.6,Yes,Yes,57.4,52.8,Placed
STU06494,8.1,1,3,1,81.2,2.9,Yes,Yes,93.8,96.9,Placed
STU00663,7.47,0,1,2,79.9,3.9,Yes,Yes,79.6,73.3,Placed
STU06549,7.85,2,1,2,77,3.3,No,No,71.3,79.8,Placed
STU01796,6.82,0,2,1,60.9,3.9,Yes,No,57.9,68.2,NotPlaced
STU05848,6.61,1,1,0,67.4,3.2,No,Yes,67,70.7,NotPlaced
STU09546,7.39,1,2,3,77.4,4.2,No,No,61,95.6,Placed
STU06819,7.5,3,3,1,74.2,4,No,Yes,60.9,65.4,Placed
STU07282,8.73,1,2,1,74,3.7,Yes,No,74,76.3,Placed
STU06251,6.99,1,0,1,65.3,3,No,No,93.9,69.7,NotPlaced
STU01312,8.24,0,3,2,76.1,3,No,No,81.6,51.4,Placed
STU02993,7.56,1,1,2,65.4,3.1,Yes,Yes,63,63.5,Placed
STU03185,6.8,0,2,3,61.1,3.3,No,Yes,75.5,62.6,NotPlaced
STU09335,7.96,1,1,1,78.5,4.4,Yes,Yes,65.4,59.8,Placed
STU05913,8.63,1,0,1,67.7,3.1,Yes,Yes,76.5,69.5,Placed
STU01025,9.05,2,2,2,63.3,2.2,No,Yes,87.5,75.4,Placed
STU06016,6.72,0,2,1,100,4.5,Yes,No,71.6,70.1,Placed
STU07081,7.81,3,3,1,56.2,3.5,Yes,Yes,81.8,62.4,Placed
STU08821,7.84,1,4,0,78.6,4.1,Yes,Yes,61.5,67.6,Placed
STU01222,7.78,1,1,2,78.6,4.5,Yes,No,53.1,45.8,NotPlaced
STU09643,7.74,1,1,1,87.5,2.8,No,Yes,75.8,59.1,NotPlaced
STU09431,8.28,1,2,2,53.2,4.2,Yes,Yes,77.7,51.9,Placed
STU02794,6.67,2,1,1,58.8,4.7,Yes,Yes,78,59.7,Placed
STU06977,7.79,1,1,1,72.7,3.9,No,Yes,81.7,61.9,NotPlaced
STU03716,7.36,1,1,0,74.2,2.9,Yes,No,71.5,72.6,NotPlaced
STU00289,7.75,3,1,2,60.2,4.5,Yes,No,95,43,Placed
STU08879,8.01,1,1,1,77.5,3.5,Yes,Yes,64.5,69,Placed
STU08626,7.69,0,2,1,44.8,5,No,No,86.4,67.9,NotPlaced
STU06576,8.54,1,2,2,82,2.9,No,Yes,82.6,91.4,Placed
STU07447,8.2,1,2,0,70.2,3.3,No,No,88.4,59,NotPlaced
STU07664,8.1,1,1,3,84.9,4.7,No,Yes,73.7,83.6,Placed
STU05905,6.7,0,2,1,76.3,2.6,Yes,No,79.4,72.7,NotPlaced
STU04468,7.88,3,3,2,86,2.4,Yes,Yes,61.3,67.2,Placed
STU00466,7.3,1,1,1,85.4,3.1,No,No,56.4,62.2,NotPlaced
STU08492,6.63,0,2,0,59.9,3.8,Yes,Yes,77.4,75.3,NotPlaced
STU08450,7.8,2,3,1,61.4,3.3,No,Yes,76.1,65.2,Placed
STU02430,7.2,1,3,1,63.1,2.7,No,Yes,76.7,87.8,Placed
STU02285,7.08,2,1,1,63.5,5,Yes,No,61.2,62,Placed
STU04671,8.09,0,2,2,72.5,3.4,No,No,73.7,96.4,NotPlaced
STU05435,8.12,0,1,0,75,4,No,Yes,79.1,74.2,NotPlaced
STU00566,7.13,0,1,3,87.3,3.3,No,No,64.5,44.3,NotPlaced
STU07288,8.44,3,2,1,75.2,2.6,No,Yes,74,80,Placed
STU00771,8.14,2,0,2,77.5,3.2,No,No,84.3,63.1,Placed
STU04540,8.19,1,1,2,65.2,4.1,No,No,63.4,65,Placed
STU02401,6.85,0,3,2,79.4,2.5,Yes,No,72.4,75.8,NotPlaced
STU01631,7.94,1,2,1,70.1,3.3,Yes,No,67.9,68.5,Placed
STU06836,6.44,1,2,1,72.7,1.9,Yes,No,58.8,61.1,NotPlaced
STU02313,7.71,0,2,1,76.7,3.9,Yes,Yes,57.9,65.2,Placed
STU07825,8.37,0,2,0,72.6,3.1,Yes,Yes,92.9,59.3,NotPlaced
STU05140,6.91,1,1,1,78.5,3.1,Yes,Yes,66.6,92.7,Placed
STU01309,8.48,1,1,0,57.8,3.3,No,No,75.1,88,NotPlaced
STU08251,7.13,1,1,2,78.2,2.7,Yes,Yes,81.4,71.6,Placed
STU09210,8.3,2,1,1,82.5,4.5,Yes,Yes,68,83.5,Placed
STU02656,8.27,2,2,3,92,3.2,Yes,No,68.2,55.9,Placed
STU02310,8.3,0,2,1,82.6,3.8,Yes,Yes,69.9,75.7,Placed
STU01643,7.43,0,2,0,64.4,3.1,Yes,No,67.7,81.3,NotPlaced
STU06934,7.49,0,1,1,61,3.7,Yes,No,69.8,85.1,NotPlaced
STU02658,8.3,1,2,0,47.5,3.5,Yes,No,78.9,75,Placed
STU05727,5.51,0,0,0,76.3,4.2,No,Yes,58.5,53.1,NotPlaced
STU05592,7.27,1,1,3,46.6,2.7,Yes,No,70,69.9,NotPlaced
STU07723,7.65,1,2,0,81.2,3.5,No,No,83.7,68.7,NotPlaced
STU09273,6.6,0,1,2,76.9,1.5,No,Yes,75.1,78.7,NotPlaced
STU05467,7.76,1,2,2,63.6,4,Yes,Yes,76.6,51.5,Placed
STU06020,8.37,0,3,1,72.3,3.8,No,No,60.4,45.4,NotPlaced
STU06690,6.87,2,0,1,57.3,4.2,No,No,50.2,77.9,NotPlaced
STU00017,6.59,1,2,2,68.3,3.4,No,No,100,64.6,NotPlaced
STU03119,8.44,0,1,2,77.7,3.5,No,No,97.9,56,NotPlaced
STU08212,8.08,0,3,0,54.2,3.3,No,No,93.5,76.8,NotPlaced
STU04290,8.05,0,2,0,66,2.5,No,No,71.4,89.7,NotPlaced
STU05734,7.33,1,2,2,60.6,4,Yes,Yes,95,63.8,Placed
STU08882,7.17,1,1,1,48.1,2.4,No,Yes,86.5,63.5,NotPlaced
STU08646,5.73,1,1,1,63.2,4.2,Yes,Yes,73.8,70.9,Placed
STU06285,6.97,2,2,2,85.1,2.6,Yes,Yes,77.1,51.4,Placed
STU01792,7.6,2,2,0,73.2,4.4,Yes,No,63.6,85.1,Placed
STU05122,7.11,0,2,1,62.4,2.8,Yes,No,60.6,71.4,NotPlaced
STU00423,7.28,0,2,3,78.3,3.2,No,Yes,59.7,66.5,NotPlaced
STU08258,7.71,2,2,2,87.9,4.4,Yes,No,64.4,78.3,Placed
STU06099,7.71,1,1,1,82.6,4.8,Yes,Yes,50.3,63.3,Placed
STU02649,7.51,0,1,2,93.6,4.4,No,No,71.2,87.1,NotPlaced
STU07590,7.65,2,2,2,79,2.9,No,Yes,56.5,59.3,Placed
STU09349,8.05,2,3,1,83.1,4.5,Yes,No,79.7,57.9,Placed
STU02438,8.24,2,4,1,75.6,3,No,No,60.3,97.5,Placed
STU08911,6.71,1,2,0,66,4.1,Yes,Yes,97.7,73.3,Placed
STU03882,7.66,0,1,1,80.4,2.6,No,No,82.8,63.1,NotPlaced
STU04215,7.54,1,2,1,70.8,3.8,Yes,Yes,80.4,49.4,Placed
STU00996,7.25,1,4,3,70.7,4,Yes,No,56.2,84.7,Placed
STU05999,7.92,1,2,1,71.6,3.2,No,Yes,78,76.3,Placed
STU09296,6.6,1,2,2,70.8,5,Yes,Yes,64.6,81.1,Placed
STU00820,8.46,1,1,1,75.3,3.9,Yes,Yes,63.1,73.8,Placed
STU00211,8.01,1,2,0,66.2,4.5,Yes,Yes,81.7,64.6,Placed
STU07372,7.55,0,0,1,58.1,3.4,No,No,70,57.4,NotPlaced
STU07702,6.5,1,3,0,77.9,3.5,No,Yes,70.2,72.9,Placed
STU01706,7.28,1,2,1,90.5,4.3,Yes,No,63,74.3,Placed
STU09893,7.17,2,1,0,50.2,3.6,No,No,62.6,64.7,NotPlaced
STU08845,7.89,0,2,2,69.3,2.1,Yes,No,68.4,56.4,NotPlaced
STU00281,7.6,2,1,2,86.6,3.8,Yes,No,73.4,63.9,Placed
STU08057,7.57,0,3,3,49,3.4,No,Yes,63.4,79.1,Placed
STU04478,8.18,1,2,3,70.3,4.1,Yes,Yes,61,67.3,Placed
STU05383,6.68,0,1,1,50.2,2.6,No,No,91.3,66.9,NotPlaced
STU06054,8.27,2,2,2,85,3.4,Yes,Yes,73.9,85.9,Placed
STU08874,7.23,1,1,2,61.6,3.9,No,No,79.1,80.4,NotPlaced
STU07004,7.29,1,3,0,61.5,3.6,No,No,77.1,54.7,NotPlaced
STU04716,7.47,1,1,2,58.6,3.3,Yes,Yes,65.7,79,Placed
STU09563,8.01,1,1,0,64.5,4.2,Yes,No,59.7,66.5,NotPlaced
STU07132,7.33,1,2,2,73.1,3.3,Yes,No,100,70.6,Placed
STU00250,7.86,1,3,2,67.3,3.7,Yes,Yes,85.8,87.1,Placed
STU07620,7.85,0,3,1,70.4,3.1,Yes,No,71.2,71.7,NotPlaced
STU07493,6.96,1,0,1,60.8,2.6,Yes,No,77.9,66.2,NotPlaced
STU00502,9.22,1,2,0,72.1,3.6,No,No,68.6,64.4,Placed
STU09659,8.67,1,2,1,79,2.1,Yes,Yes,51.3,67.6,Placed
STU03497,8.23,1,1,0,77.6,3.5,Yes,Yes,68.5,91.1,Placed
STU03915,6.15,1,1,3,59.5,2.2,Yes,No,64.7,65.5,NotPlaced
STU01550,8.6,0,1,0,63.7,3.7,Yes,No,53.3,88.2,NotPlaced
STU04430,7.07,0,1,1,72.1,3.1,Yes,No,76.8,61.9,NotPlaced
STU04192,7.74,0,2,0,68.7,4.1,Yes,Yes,66.8,70.9,Placed
STU00669,5.11,2,2,1,68.6,3.6,No,Yes,83.5,72.9,Placed
STU06874,7.09,1,2,0,75.2,3.6,Yes,Yes,65.9,84.8,Placed
STU02464,6.39,3,3,2,60.9,4.5,No,Yes,59.6,77.8,Placed
STU00570,7.18,1,2,0,66.6,4.8,Yes,No,81.9,62.7,Placed
STU02998,6.38,2,2,1,68.2,2.2,No,Yes,74.1,62.7,Placed
STU01740,9.04,1,4,2,76.4,2.7,No,No,67.1,67.3,Placed
STU07871,8.87,0,2,1,41.8,2.4,No,Yes,64,79.8,NotPlaced
STU03489,6.67,1,3,1,58.5,4.2,No,Yes,52.8,77.3,Placed
STU07703,6.91,0,3,1,52.2,3.3,Yes,No,71.7,70.6,NotPlaced
STU02205,6.64,1,0,2,69.3,2.9,Yes,No,57.2,50.8,NotPlaced
STU00029,6.96,0,0,0,84.3,3.1,No,Yes,83.4,71.1,NotPlaced
STU09856,8.03,1,3,1,65.1,3.6,Yes,Yes,73.7,75.2,Placed
STU07030,7.79,1,1,0,74.3,3.9,Yes,No,69.1,88.8,NotPlaced
STU01141,7.23,0,1,2,55.8,4.3,Yes,Yes,70.4,66.2,NotPlaced
STU02813,9.06,1,1,0,70.8,3,Yes,Yes,78.5,47.1,Placed
STU01008,8.07,1,2,2,80.4,3.2,Yes,Yes,74.6,62.2,Placed
STU04660,6.78,0,3,1,76.8,2.8,Yes,No,66.2,74.9,Placed
STU01134,7.91,0,1,2,70.4,3.4,No,No,66.9,92.7,NotPlaced
STU04669,6.73,0,2,0,72.2,4,No,No,70.5,48.8,NotPlaced
STU07638,7.17,1,1,3,68.2,3.3,No,No,68.4,69.3,Placed
STU09144,7.15,0,3,1,79.1,3.7,Yes,Yes,69.6,67.3,Placed
STU03731,8.27,0,2,1,73.2,3.5,No,No,94.5,78.4,NotPlaced
STU03737,7.09,2,2,0,67.3,3.5,No,Yes,85.5,79.4,Placed
STU01859,7.76,1,1,2,69,4.8,No,Yes,85.2,52.3,Placed
STU06423,8.67,0,3,2,71.4,4.2,Yes,Yes,87.7,82.1,Placed
STU00260,8.2,1,2,0,66.7,3.9,No,No,78.4,75,NotPlaced
STU00074,8.91,1,0,0,81.5,3,No,No,75.2,80.7,NotPlaced
STU09019,7.32,0,1,2,70.2,4.6,Yes,Yes,72.3,55.2,NotPlaced
STU05588,5.03,0,1,3,67.7,3.8,Yes,Yes,72.7,69.4,NotPlaced
STU03833,8.43,1,1,2,65.1,2.9,Yes,No,72.7,76.2,NotPlaced
STU07983,7.43,1,0,3,63.3,3.6,Yes,Yes,61,76.2,NotPlaced
STU01531,7.63,1,0,1,61.9,4.4,Yes,No,65.4,76,NotPlaced
STU07930,6.16,1,3,1,72.7,2.8,No,No,64.3,59.6,NotPlaced
STU05516,6.13,0,1,1,65.8,4.1,Yes,No,76.2,76.1,NotPlaced
STU08447,8.1,0,0,1,70.3,3.7,No,Yes,56.1,62,NotPlaced
STU09050,8.31,1,1,2,78.2,2.8,No,Yes,46.3,72.4,Placed
STU02896,10,0,1,3,76.4,3.4,Yes,No,62,55.1,NotPlaced
STU06593,8.82,1,3,3,63.1,2.7,Yes,Yes,76.7,48.9,Placed
STU02554,7.85,2,3,1,78,3.1,No,Yes,100,71.4,Placed
STU05914,7.87,1,1,1,85.5,3.3,No,Yes,62.1,63.1,Placed
STU03410,9.34,0,0,1,86.7,2.9,Yes,Yes,85.4,90.9,Placed
STU02466,8.3,0,2,3,78.2,3.9,No,No,62.8,53.7,NotPlaced
STU00315,8.67,0,3,2,83.5,3.1,Yes,No,68.8,86.5,Placed
STU02341,8.13,1,1,1,94,4,Yes,No,73,82.7,NotPlaced
STU03868,8.99,1,0,2,62.1,2.9,Yes,Yes,69.2,72.8,Placed
STU08953,6.66,0,2,3,80.7,3.9,Yes,Yes,73.1,74.7,Placed
STU00146,8.2,0,2,2,86.4,3.7,Yes,Yes,87,48.5,Placed
STU01596,6.59,2,2,1,63.7,3.6,Yes,No,78.1,67,Placed
STU07589,7.86,0,2,0,63.3,3.1,No,Yes,72,72.3,NotPlaced
STU07309,6.55,0,1,1,69.6,4.4,Yes,Yes,72.5,60.4,NotPlaced
STU09167,6.37,2,2,2,52.9,3.2,Yes,No,52,72.6,Placed
STU04465,6.98,1,3,2,62.9,2.4,No,No,59.5,79,Placed
STU02093,8.06,1,1,1,61.7,4.3,Yes,No,70.1,58.9,NotPlaced
STU02180,7.51,3,0,2,81.5,3.5,No,Yes,84.6,85.3,Placed
STU07223,7.32,0,3,2,70.3,3.9,Yes,Yes,60.7,81.9,Placed
STU01578,8.55,0,2,0,83.5,4.2,No,Yes,64.3,98.8,NotPlaced
STU03753,8.63,1,1,3,70.7,3.2,No,No,86.3,56.8,NotPlaced
STU08209,6.53,2,2,0,85,4.5,Yes,Yes,68.4,77.7,Placed
STU02348,6.72,2,2,2,68.1,3.5,Yes,Yes,59.7,72.9,Placed
STU08143,6.2,1,2,0,72.7,4.9,Yes,No,100,48.6,NotPlaced
STU07003,8.14,2,3,2,70.2,3.8,Yes,Yes,62.5,73.8,Placed
STU09240,6.41,0,2,1,79.6,3.8,Yes,Yes,58.5,73.1,NotPlaced
STU09571,7.16,2,2,2,68.6,4.3,Yes,Yes,72.5,77,Placed
STU00068,8.4,1,0,2,63.7,2,Yes,No,49.5,65.8,NotPlaced
STU08571,6.85,1,0,0,74.6,3.8,No,Yes,69,80.1,NotPlaced
STU06178,6.41,2,2,0,71.2,1.8,Yes,Yes,65,48.2,Placed
STU08365,8.29,0,2,0,81.8,2.8,Yes,Yes,83.3,87.2,Placed
STU04867,7.67,2,3,1,75.3,3.8,No,Yes,78,58.2,Placed
STU05452,7.6,2,2,2,85,4.4,Yes,No,68.7,71.4,Placed
STU06943,8.67,0,2,1,74.3,4.1,No,Yes,81.5,66.8,Placed
STU02484,6.81,2,2,2,69.9,2.8,Yes,Yes,40,81,Placed
STU08581,7.66,0,1,3,69.2,3.7,No,Yes,46.1,65.8,NotPlaced
STU02305,9.3,0,3,1,84.4,3.9,Yes,Yes,59.6,89,Placed
STU05308,6.73,0,3,2,87.7,3.5,Yes,Yes,77.6,45.1,Placed
STU05420,6.44,0,3,2,75.9,4,Yes,Yes,59,86.1,Placed
STU04036,8.36,1,1,1,63.8,2.8,Yes,Yes,53.8,69.5,Placed
STU00182,6.73,1,2,0,80.3,3.9,Yes,No,71.9,62,NotPlaced
STU04771,7.51,1,2,1,63.8,3.8,No,No,90.6,57.1,NotPlaced
STU06518,7.63,2,1,0,98.5,3.7,Yes,No,67.6,80.3,Placed
STU02496,8.23,1,1,1,67.3,3.2,Yes,Yes,74,71.4,Placed
STU07724,7.51,0,3,0,80.3,2.7,Yes,Yes,70,80.9,NotPlaced
STU01192,6.3,1,1,2,71,3.4,No,No,61.4,50.6,NotPlaced
STU00418,7.6,0,0,1,82.3,2.9,No,Yes,51.9,78.6,NotPlaced
STU05321,7.7,1,2,1,73,3.7,Yes,Yes,73.6,71.2,Placed
STU09813,7.85,1,0,3,68.4,4.2,Yes,Yes,79.1,61.1,Placed
STU01809,6.08,2,2,2,85,4.1,No,Yes,100,73.9,Placed
STU00577,7.71,1,2,1,61.1,3.6,No,Yes,84.6,67.9,Placed
STU02358,7.63,2,2,3,73.6,3.4,Yes,Yes,84.5,82.2,Placed
STU00225,7.08,0,2,3,55.8,3.5,Yes,No,71.7,73.6,NotPlaced
STU07873,10,1,3,1,84.7,3.7,Yes,Yes,58.2,52.3,Placed
STU07423,6.48,1,3,1,81.8,4,No,No,61.8,66.4,Placed
STU06295,6.43,1,2,1,68.3,2.7,Yes,Yes,65.8,69.2,Placed
STU00712,7.41,2,0,0,70.9,3.9,No,Yes,76,75.8,Placed
STU06442,7.38,1,0,3,82.1,3.4,Yes,Yes,72.6,76.8,Placed
STU03603,9.34,1,0,2,84.4,2.5,No,Yes,87.3,73.4,Placed
STU04366,9.39,2,2,1,64.4,2.9,No,No,64.1,66.9,Placed
STU00751,6.67,2,2,1,40,2.4,Yes,Yes,83,55.2,Placed
STU07607,6.69,2,2,2,82.8,4,Yes,No,71.8,100,Placed
STU02949,7.33,1,1,1,75.8,3.4,No,Yes,70.6,71.8,NotPlaced
STU06392,7.5,2,3,2,70.9,2.5,Yes,Yes,79.2,74,Placed
STU04820,7.25,1,3,2,59.5,3.1,No,No,60.8,75.2,Placed
STU05863,7.2,0,3,2,60.2,4.3,Yes,Yes,76.7,74.5,Placed
STU00736,7.93,1,3,1,67.5,3.9,Yes,Yes,61.3,51,Placed
STU09859,8,1,2,3,71.1,3.2,Yes,Yes,40,68.8,Placed
STU08271,6.17,0,1,2,42.1,3.2,Yes,Yes,76.7,84,NotPlaced
STU02747,7.72,1,2,1,72,2.8,No,No,81,64.1,NotPlaced
STU08261,7.03,0,2,3,73.3,3.1,No,No,66.9,94.4,NotPlaced
STU05137,7.93,3,1,1,61.2,4.2,Yes,Yes,68.2,86.6,Placed
STU03234,9.22,0,1,1,70.8,4.8,Yes,Yes,73.6,75.2,Placed
STU02909,7.09,1,1,3,66.3,2.4,Yes,No,78,77.7,NotPlaced
STU00201,7.82,1,3,0,63.8,2.1,Yes,Yes,66.9,61.1,Placed
STU09578,8.18,0,2,1,63,3.3,No,Yes,59,66.1,NotPlaced
STU02892,5.58,2,2,2,83.4,4.2,No,No,74.7,90.5,Placed
STU02580,9.08,0,2,2,66.9,3.1,No,No,82.2,62.9,NotPlaced
STU05959,7.1,0,2,1,61.9,4.6,No,Yes,59.3,57.9,NotPlaced
STU05190,9.06,1,2,2,71.2,2.7,Yes,Yes,65.6,74.9,Placed
STU02733,8.01,1,2,0,79.9,1,No,Yes,72.5,56,NotPlaced
STU07329,6.26,0,2,2,88.9,3,Yes,No,66.9,92.8,NotPlaced
STU04588,8.33,2,3,3,76.7,4.8,Yes,No,66.1,61.1,Placed
STU05744,6.18,3,1,0,56.6,4.1,Yes,No,65.6,59.2,NotPlaced
STU07674,7.24,0,3,1,87.2,4.1,Yes,Yes,63.4,55.7,Placed
STU04286,7.68,3,1,0,78.2,2.7,No,Yes,80,52.5,Placed
STU03709,7.88,0,3,1,62.5,2.7,Yes,Yes,77,87.8,Placed
STU02388,6.67,1,0,1,59.7,3.9,Yes,Yes,65.5,57.3,NotPlaced
STU06865,7.49,1,1,3,86.4,2.8,Yes,Yes,62.4,42.8,Placed
STU03897,8.75,2,2,0,73,4,No,Yes,75.6,70.5,Placed
STU06341,6.67,0,1,3,74.5,3.6,Yes,Yes,61.1,69.6,NotPlaced
STU05402,7.14,2,2,2,71.3,4,Yes,Yes,78,76.2,Placed
STU09589,5.65,2,2,2,85.9,4.5,Yes,Yes,76.7,72.3,Placed
STU05842,6.42,1,3,1,78.5,4.1,Yes,No,70.3,58.4,Placed
STU05965,8.73,1,1,1,79.6,4.5,Yes,No,74.1,60.2,Placed
STU07714,7.8,1,1,1,72.3,3.5,No,No,76.4,65.7,Placed
STU01953,6.68,2,0,1,73.6,3.3,No,No,68.9,55.4,NotPlaced
STU02876,6.68,1,2,2,70.7,3.7,Yes,Yes,80.5,52.2,Placed
STU03265,8.1,2,1,2,84.8,3.3,No,No,96.5,61.1,Placed
STU01827,6.52,1,1,3,74,3.2,Yes,Yes,59.6,63.2,Placed
STU09504,6.58,1,1,2,70.3,2.9,No,Yes,84.5,58.2,NotPlaced
STU03397,7.96,0,3,1,79,4.4,Yes,Yes,86,67,Placed
STU05510,7.37,1,1,2,67.4,4.8,No,No,78.5,78.6,NotPlaced
STU06269,8.37,1,2,1,58.4,4.4,Yes,No,96.6,80.1,NotPlaced
STU07088,5.8,1,1,1,78.2,3.6,Yes,No,63,78.7,NotPlaced
STU00063,6.5,0,2,1,51.2,3.1,No,No,80.5,67.9,NotPlaced
STU02449,6.79,1,0,2,84.1,2.6,Yes,No,59.5,78.5,NotPlaced
STU08970,8.84,0,1,2,65.9,3.4,Yes,Yes,75.5,72.9,Placed
STU04272,7.03,1,3,1,95.3,3.3,No,No,62.8,53.9,Placed
STU08403,8.06,0,1,3,74.3,3.2,No,No,69.2,65.6,NotPlaced
STU09047,8.65,2,1,0,56.4,4.6,Yes,Yes,65.5,75.7,Placed
STU01345,8.35,0,0,3,68.3,2.3,Yes,No,84.7,68.2,NotPlaced
STU09119,7.43,1,2,1,67.7,2.9,Yes,Yes,73.9,40.3,Placed
STU01049,8.83,1,3,2,61.2,3.5,Yes,No,50.7,68.9,Placed
STU03153,5,0,1,1,70.6,2.9,Yes,Yes,47.1,72.2,NotPlaced
STU01132,7.88,2,2,1,84.8,3.7,No,No,69.7,76.4,Placed
STU06652,7.19,3,2,1,51.8,3.1,No,No,71.9,84.1,Placed
STU00642,9,1,2,1,75.4,3.9,No,Yes,74.7,56.9,Placed
STU05119,6.08,0,0,1,74.3,2.7,No,Yes,73,68,NotPlaced
STU08906,6.81,0,1,1,78.3,4.1,No,Yes,77.1,57.2,NotPlaced
STU07278,7.44,1,1,1,57.7,4,No,Yes,68.1,55.3,Placed
STU02662,6.69,1,2,2,99.3,5,Yes,Yes,87.8,89.3,Placed
STU05682,7.19,0,1,0,58.4,2.7,Yes,No,69.4,62.2,NotPlaced
STU02272,7.06,2,0,2,78.7,2.3,No,Yes,73.3,62.3,Placed
STU00046,6.85,1,3,1,74.3,3.7,No,No,79.8,68.6,NotPlaced
STU02855,8.6,1,1,2,74.4,2.5,No,Yes,73.8,48.4,Placed
STU02148,6.75,1,3,1,65,4.3,No,Yes,61.6,88.9,Placed
STU08698,6.24,1,4,1,82.1,2.3,Yes,Yes,44.7,76.9,Placed
STU07695,8.06,1,0,1,58.6,2.8,No,Yes,63.4,66.9,Placed
STU00519,7.59,0,3,1,72.2,3,No,Yes,71.9,71.4,Placed
STU00755,6.65,2,2,3,58.4,2.3,Yes,No,84.1,53.4,Placed
STU02240,8.12,1,1,0,86.3,1.6,Yes,No,62.5,86.1,NotPlaced
STU00688,7.16,1,3,2,68.7,2,Yes,No,100,66.7,Placed
STU05612,9.09,1,2,0,69.6,3.1,No,Yes,68.1,62.2,Placed
STU07553,6.13,0,2,0,74.7,4.6,No,No,80.7,55.1,NotPlaced
STU06537,6.64,1,1,1,73.2,2,Yes,Yes,67.7,57.6,Placed
STU06737,8.23,2,2,1,78.1,2.8,Yes,Yes,72.4,64.7,Placed
STU08153,7.05,2,1,0,68.8,3.3,No,Yes,64.5,72.1,Placed
STU00729,7.01,1,2,2,65.7,3.7,No,Yes,76,76.2,NotPlaced
STU08743,7.62,2,3,0,62.1,2,Yes,Yes,72,79,Placed
STU07573,6.92,0,4,1,77.1,3,No,No,68.2,67,NotPlaced
STU07617,7.65,0,3,1,74.7,1.8,Yes,No,58.4,78.9,NotPlaced
STU02017,7.26,2,1,2,76.7,4.9,No,No,95.3,70.7,Placed
STU04805,7.26,1,1,2,65.3,2.6,Yes,Yes,89.8,68.6,Placed
STU05194,6.97,0,3,0,81.7,3.2,Yes,No,75.4,73.2,NotPlaced
STU03788,6.7,3,2,1,84,4.6,Yes,No,54.9,50.2,Placed
STU01806,6.07,2,1,1,67.5,3.8,No,No,73.8,82.4,NotPlaced
STU03012,8.69,1,4,0,69.3,3,No,Yes,71.5,78.2,Placed
STU00102,7.12,1,2,2,79.3,2.7,Yes,Yes,64.5,82.1,Placed
STU04981,6.42,1,2,1,40,4.3,Yes,Yes,43.9,81.9,NotPlaced
STU06139,7.54,3,2,1,78,4.3,Yes,Yes,73.6,79.1,Placed
STU02277,8.11,0,1,2,75.6,4,Yes,Yes,81.4,75,Placed
STU03314,6.59,2,1,1,64.6,2.8,Yes,No,55.4,78.8,NotPlaced
STU05906,7.15,1,2,0,68.6,2.4,Yes,Yes,56.5,64.7,Placed
STU03952,6.75,3,2,1,58.1,3.4,No,Yes,77.7,58.9,Placed
STU08641,8.96,2,2,2,94,3.4,No,No,69.9,65.2,Placed
STU03444,8.93,0,3,3,67.3,4.3,No,No,58.3,68.2,Placed
STU07563,8.38,1,2,1,71.7,2.4,No,No,62.3,50.9,NotPlaced
STU05497,7.38,1,3,1,73.9,3.8,No,No,74.3,70.2,Placed
STU05273,6.42,1,1,0,84.1,4.7,Yes,No,81.1,69.6,Placed
STU02834,7.25,1,2,0,67.8,3.1,Yes,No,67.3,97.2,NotPlaced
STU02524,7.22,0,4,1,64.6,2.7,Yes,No,65.7,88.5,Placed
STU09366,6.15,3,2,2,87,4.6,No,No,66.9,67.3,Placed
STU07122,6.74,1,2,2,88.5,2.2,No,No,68.7,52.7,NotPlaced
STU08097,8.54,1,3,1,74,3,No,No,76.9,71.7,Placed
STU08889,7.44,0,2,2,95.8,4.1,Yes,Yes,74.6,74.1,Placed
STU03090,7.63,0,2,2,85.8,2.7,No,Yes,70.5,55.4,NotPlaced
STU08932,7.66,2,2,2,54.6,3.2,Yes,Yes,85.9,78.3,Placed
STU00843,6.49,1,0,1,79.5,2.4,No,Yes,64.8,62.5,NotPlaced
STU03762,7.49,1,2,2,63.7,2.8,No,No,63.1,84.5,NotPlaced
STU04032,6.23,0,2,0,60.3,3,Yes,No,70,62.4,NotPlaced
STU00912,7.7,1,2,1,70.6,3.6,Yes,No,69.9,62.6,Placed
STU03639,7.39,0,1,1,55.2,3.1,Yes,No,69.5,78.4,NotPlaced
STU06102,7.71,2,0,3,77.5,4.5,Yes,Yes,71.2,60.9,Placed
STU03535,9.39,0,3,1,75.6,3,Yes,Yes,57.1,71.4,Placed
STU09790,6.96,2,3,1,58.6,3.6,No,No,80.3,70.1,Placed
STU03362,5.98,2,3,1,89.3,2.2,Yes,Yes,66.4,81,Placed
STU01100,7.81,1,1,1,74.8,4.6,No,No,62.1,69.4,NotPlaced
STU08205,7.14,0,2,2,73.1,1.9,Yes,Yes,59.4,56.2,NotPlaced
STU05889,5.46,0,2,1,74.4,4,Yes,Yes,73.1,100,NotPlaced
STU00765,8.53,0,3,3,79.7,3.2,No,No,44.9,69.1,NotPlaced
STU00369,7.59,1,3,1,71.4,2.9,No,Yes,66.6,64.8,Placed
STU04491,7.86,1,4,0,57.7,4.1,No,No,74.4,61.5,NotPlaced
STU08444,6.32,0,3,1,72.2,4,No,Yes,81,76.1,NotPlaced
STU03856,7.36,1,0,1,81.7,4.3,Yes,Yes,46.8,47.4,Placed
STU07408,8.13,1,1,2,61.2,4.5,Yes,No,70,72.6,Placed
STU06922,6.93,2,4,2,74.8,3.2,Yes,No,61.7,70.9,Placed
STU02910,8.63,1,0,1,74.8,2.6,Yes,No,54.9,54.4,NotPlaced
STU05771,9.2,1,2,2,75.4,3.7,Yes,Yes,78.2,80.5,Placed
STU02362,6.28,1,1,3,73.1,4.5,Yes,No,100,61.5,Placed
STU04092,8.78,1,1,0,66.9,3.7,No,No,69.4,57.6,NotPlaced
STU00283,8.93,1,1,1,75,3.2,Yes,No,71.5,91.4,Placed
STU04739,6.27,0,2,3,75.5,4.1,Yes,Yes,84.6,77.2,Placed
STU00856,6.99,2,0,2,52.5,3.9,No,Yes,59.4,57.1,NotPlaced
STU09525,6.67,0,2,2,75.1,3.6,Yes,No,82.9,60.6,NotPlaced
STU03895,7.15,1,2,1,76.1,2.3,No,Yes,77.8,68.4,NotPlaced
STU00284,6.39,2,2,2,73.1,2.4,No,No,81.7,54.4,Placed
STU07476,9.06,1,2,0,68.4,4.1,No,Yes,76.1,64.2,NotPlaced
STU08009,7.22,1,4,1,73.7,4.4,No,Yes,76,75.1,Placed
STU02387,7.29,1,4,0,84.3,2.8,No,No,62.1,78.7,Placed
STU07782,8.41,2,2,1,63.6,3.4,Yes,No,76.8,82,Placed
STU08936,7.46,0,3,3,73.9,2.8,No,No,69,45.9,NotPlaced
STU01278,7.85,2,3,1,77.1,3.2,No,Yes,68.4,69.7,Placed
STU05446,7.3,1,3,1,79.5,4.6,No,Yes,86.3,52.1,Placed
STU06297,6.66,1,1,1,85.3,3.1,Yes,Yes,89.1,65.7,Placed
STU06709,8.82,2,1,1,74.4,2.8,Yes,No,70,72,Placed
STU05654,8.52,1,4,2,80.4,2.2,Yes,Yes,63.6,64.9,Placed
STU05483,7.57,1,1,2,76.5,3.7,No,Yes,75.4,91.8,Placed
STU01445,7.86,0,2,2,61.3,4.2,No,Yes,74.5,69.3,Placed
STU07783,7.6,2,2,1,77.1,3.8,No,No,40,56.4,Placed
STU08342,7.49,0,1,2,48,2.4,No,Yes,57.9,89.4,NotPlaced
STU04933,8.88,1,1,0,82.6,3.2,No,Yes,61.8,72,Placed
STU06970,8.24,0,1,2,70.7,3.2,Yes,Yes,54.6,52.7,NotPlaced
STU01427,9.35,1,3,2,69.3,2.7,No,Yes,70.2,48.7,Placed
STU09931,6.87,1,1,1,90.2,3,Yes,Yes,92,68.8,Placed
STU06892,10,1,1,2,93,2.9,No,No,68.9,62.7,Placed
STU06952,8.55,2,2,1,73.9,3.8,Yes,Yes,81.7,70,Placed
STU03237,8.41,0,2,2,78.7,4.1,Yes,Yes,84.7,54.7,Placed
STU09896,6.8,1,2,1,66.8,4,Yes,Yes,66.2,76.8,Placed
STU09636,6.23,1,2,1,77.6,4.9,Yes,No,95.5,64.3,Placed
STU08082,8.52,1,1,1,89.6,3.6,Yes,No,59,60,Placed
STU09141,7.5,0,1,2,57.5,3.1,No,No,57.3,75,NotPlaced
STU06508,7.94,1,1,1,76.3,2.5,No,Yes,68.2,60,NotPlaced
STU01219,6.75,1,1,0,87.3,4.1,Yes,No,73,74.8,NotPlaced
STU07119,6.74,1,2,2,71.2,4.8,Yes,Yes,72.3,68.9,Placed
STU01681,7.86,0,2,1,77.9,2.6,No,Yes,94.5,48.8,NotPlaced
STU02047,7.5,1,1,0,61.4,3.7,Yes,Yes,55.2,53.9,Placed
STU02773,7.34,2,2,2,80.4,2.9,No,No,75.5,70.7,Placed
STU06940,6.33,1,2,3,75.8,3.2,No,Yes,94.5,67.1,Placed
STU00018,7.78,2,3,2,70,3,Yes,No,77.8,70.8,Placed
STU00410,7.96,1,2,0,79.5,3.9,Yes,Yes,56.7,58.9,Placed
STU04812,5.78,0,3,2,85.7,4.6,Yes,No,61.8,85.8,NotPlaced
STU09100,7.05,2,0,0,67.9,3.3,Yes,Yes,49.3,60.3,Placed
STU08245,6.87,1,2,1,63.4,4.8,Yes,No,68.5,79,Placed
STU00157,9.18,2,1,2,82.2,3.2,No,No,78.1,69.8,Placed
STU02440,6.05,1,2,2,72.8,3.3,Yes,Yes,65.5,81.5,Placed
STU04574,6.97,1,3,0,61.2,3.3,Yes,Yes,84.5,71.9,Placed
STU08564,7.69,0,2,1,83.5,3.2,No,Yes,82.5,54.9,NotPlaced
STU09900,8.35,0,1,3,73.9,3.8,Yes,Yes,85.8,67.1,Placed
STU08302,7.07,1,1,0,56.9,4.1,No,No,78.8,66.9,NotPlaced
STU02036,9.98,1,3,2,68.9,3.9,No,Yes,72.4,61.4,Placed
STU02786,7.18,1,2,2,55.3,3.5,Yes,No,100,63.5,Placed
STU09189,7.42,0,2,0,52,3.7,Yes,Yes,63.4,71.3,NotPlaced
STU06340,7.46,1,2,2,75.3,3.9,Yes,Yes,79.1,68.7,Placed
STU02891,7.63,2,2,1,77.4,4.8,Yes,Yes,65.8,71.4,Placed
STU07927,6.68,0,3,2,76.9,3.6,Yes,No,83.9,90.5,Placed
STU06422,6.76,2,2,3,76.9,3.8,Yes,Yes,100,73.8,Placed
STU07079,8,2,1,2,70.7,3.8,Yes,Yes,61.4,73.3,Placed
STU09577,6.05,2,1,1,80.6,4,Yes,Yes,62.7,67.9,Placed
STU07461,6.95,0,3,3,75.2,4.1,No,No,66.2,65.5,NotPlaced
STU09422,7.75,1,2,3,70.7,2.3,Yes,No,73.6,60,Placed
STU08944,7.81,2,1,0,64.3,4.4,No,Yes,76.7,42.8,Placed
STU04634,8.25,1,2,1,71.8,3.5,Yes,No,66.1,62.2,NotPlaced
STU05643,5,1,0,1,70.5,4.3,No,Yes,65.5,61.2,NotPlaced
STU08482,7.47,0,1,2,66.6,4.5,Yes,No,65,59.9,NotPlaced
STU06350,6.85,0,2,3,56.4,3.5,Yes,No,61,52.8,NotPlaced
STU04084,5.78,1,2,1,88.7,3.8,Yes,No,75.8,67,Placed
STU08437,7.64,0,2,1,74.3,2.5,Yes,No,59.7,73.7,Placed
STU09088,9.29,0,1,0,69.6,1.4,Yes,No,62,77.8,NotPlaced
STU04678,8.5,1,2,1,75.8,3.4,No,Yes,63.2,77.4,Placed
STU09323,7.59,1,2,0,80.9,3.3,Yes,Yes,76.8,65.5,Placed
STU01716,7.42,0,2,1,53.6,3.5,Yes,Yes,77.2,75.4,NotPlaced
STU08389,6.97,3,1,2,86.1,4.2,No,Yes,68.2,66.1,Placed
STU03235,6.35,0,3,1,79.9,4,No,No,66.4,77.8,NotPlaced
STU03666,6.37,2,0,3,72.3,3.3,Yes,No,85.7,68,Placed
STU02961,6.76,2,3,2,61.7,5,Yes,No,82.8,72.3,Placed
STU03375,5.99,0,1,1,81.8,4.9,No,Yes,65.5,68.7,NotPlaced
STU03741,6.86,1,2,2,76.9,3.8,Yes,No,65.3,73.2,Placed
STU02839,9.5,2,2,2,58.5,3.8,No,Yes,77.6,55.9,Placed
STU03700,7.3,0,1,1,59.9,4.4,Yes,No,69.8,40,NotPlaced
STU05995,8.28,1,3,2,83.3,3.7,Yes,Yes,75.5,72.6,Placed
STU02664,6.65,2,2,0,71.4,4.9,Yes,Yes,61.6,73.2,Placed
STU09465,7.98,1,1,1,65.5,3.3,No,Yes,85,72.1,Placed
STU01729,7.83,2,1,3,64.5,2.8,No,No,59.1,61.3,NotPlaced
STU02803,7.81,0,1,2,64.5,2.6,No,Yes,51.7,72.6,NotPlaced
STU01641,7.52,0,2,0,57.7,3.4,No,No,71.2,70,NotPlaced
STU01148,6.2,0,3,1,85.2,3.1,Yes,No,48.4,66.6,NotPlaced
STU05736,7.25,1,1,2,63.9,4.9,Yes,No,64.1,66.1,NotPlaced
STU00008,8.19,2,2,2,55.6,4,Yes,Yes,74.1,91.9,Placed
STU02283,8.57,1,0,0,82.4,4.1,No,Yes,58.1,50,NotPlaced
STU02924,7.44,1,3,1,82.5,2.5,Yes,No,84.1,82.3,Placed
STU03176,6.82,1,0,0,63.9,5,Yes,Yes,81.3,79.6,NotPlaced
STU04883,6.73,1,2,1,84.3,4.2,No,No,48,62.7,NotPlaced
STU02992,8.04,1,1,1,83.6,4.2,Yes,No,66.7,72.9,Placed
STU04831,8.28,1,4,1,56.7,3.1,Yes,No,100,56.8,Placed
STU08178,8.88,2,1,0,93.2,2.5,Yes,No,81.1,62.4,Placed
STU01565,8.16,0,1,1,63.7,2.9,No,Yes,68.5,92.6,NotPlaced
STU00899,8.59,0,4,2,50.5,4.1,No,No,58.3,66.4,NotPlaced
STU05855,6.26,1,2,0,55.3,1.7,No,No,40,69.5,NotPlaced
STU07938,9.68,1,2,1,63,4.5,Yes,No,74.5,65.3,Placed
STU00255,6.13,1,0,1,68.4,1.8,Yes,No,91.4,63.5,NotPlaced
STU01213,6.85,1,2,1,71.6,3.2,Yes,Yes,74,82.6,Placed
STU05626,7.41,1,2,2,85.8,4,No,Yes,73.8,75.5,Placed
STU07263,7.85,0,1,0,84.1,4.6,No,No,76.4,57.9,NotPlaced
STU08300,8.43,1,1,1,69.6,2.5,Yes,No,80,90,NotPlaced
STU06219,7.26,1,3,3,69.9,3.5,No,No,81.3,66.5,Placed
STU05078,8.43,0,1,3,68.3,3.9,Yes,Yes,40,74.2,Placed
STU03829,8.56,1,1,1,65.1,2.5,No,Yes,76.4,69.7,NotPlaced
STU05586,6.85,1,1,1,85.1,4.6,Yes,Yes,100,57.9,Placed
STU02918,8.1,0,3,2,77.1,3,Yes,Yes,65.9,80.1,Placed
STU03884,6.7,1,2,1,76.7,5,Yes,No,84.7,67.3,NotPlaced
STU06796,8.76,1,1,2,58.5,1.7,No,No,66.5,70.9,NotPlaced
STU03358,5.58,1,1,1,78.6,1.9,Yes,Yes,57.8,68.2,NotPlaced
STU04946,8.44,1,2,0,74,3.6,No,No,56.2,77.8,Placed
STU07240,6.6,1,1,1,63.4,3.2,Yes,Yes,72.8,62.2,NotPlaced
STU06289,8.8,1,3,1,71.2,3.3,Yes,No,85.1,79.7,Placed
STU09909,8.46,1,1,2,62.9,3.9,Yes,No,62.5,56.7,NotPlaced
STU05060,7.12,0,0,0,59.4,4.5,Yes,No,90.3,66.2,NotPlaced
STU00665,6.86,1,2,2,78,3.2,Yes,Yes,69.8,82.6,Placed
STU08822,8.71,0,1,1,62.2,3.3,Yes,Yes,73.2,72.2,NotPlaced
STU01244,6.59,0,3,1,81.8,4.2,Yes,No,53.9,85,NotPlaced
STU04055,6.58,1,1,2,59.4,3.8,Yes,No,69.7,48.4,NotPlaced
STU09381,7.5,2,3,2,57.3,2.9,No,Yes,85.7,71.2,Placed
STU03746,7.34,2,0,1,69.8,2.9,Yes,Yes,72.9,54.6,Placed
STU09514,7.28,1,3,2,80.9,3.2,No,No,70.6,74,NotPlaced
STU02218,7.44,2,1,2,60.8,3.1,Yes,No,67.9,78.8,Placed
STU01012,7.68,1,0,0,87.5,3.2,Yes,Yes,72.6,64.1,Placed
STU04166,8.21,2,2,2,76.7,3.2,Yes,No,50.3,78.8,Placed
STU01394,7.62,3,2,2,74.4,3.8,Yes,No,53,70.1,Placed
STU08136,7.39,0,2,0,64.3,3.9,Yes,Yes,85.6,79.6,Placed
STU04688,6.64,1,3,1,81.2,1.8,No,Yes,60.4,76.5,Placed
STU01143,7.36,2,1,2,69.3,4.1,Yes,Yes,76,42.7,Placed
STU02405,9.01,1,4,1,67.2,3.3,Yes,Yes,57.1,80,Placed
STU04438,7.25,2,2,0,83,3.4,No,Yes,61.1,73.6,Placed
STU05915,7.29,0,3,2,73.8,3.7,Yes,No,79.2,89.1,NotPlaced
STU00657,7.51,1,1,1,74.5,3.8,No,No,75.6,63.4,NotPlaced
STU08432,7.43,1,0,1,88.3,3.9,Yes,Yes,50.6,59.5,Placed
STU03492,7.31,0,2,1,90.8,2.3,Yes,Yes,88,68.7,Placed
STU04684,6.87,1,2,1,75.4,3.9,Yes,Yes,66.3,94.6,Placed
STU00277,7.68,0,1,0,77.8,3.1,Yes,Yes,79.5,100,NotPlaced
STU09712,8.11,2,1,0,84.3,2.6,Yes,No,80.3,54.3,Placed
STU05286,7.87,1,1,0,75.6,4.4,No,No,76.4,70,NotPlaced
STU03647,7.73,0,3,0,68.5,3.9,Yes,No,98.8,56.5,NotPlaced
STU05208,7.04,1,2,0,73.3,3.6,Yes,No,68.9,67.2,NotPlaced
STU09766,7.23,0,1,1,82.3,4.6,No,Yes,83.2,68.2,NotPlaced
STU04487,7.88,2,1,1,77.4,2.5,No,No,74.7,49.1,NotPlaced
STU07936,8.26,1,1,1,85.4,4.3,Yes,Yes,55.4,64.6,Placed
STU05960,9.35,0,2,1,77.6,4.2,Yes,Yes,75.1,83.2,Placed
STU01830,7.52,1,4,2,62.2,3.2,Yes,No,65,83.7,Placed
STU07344,6.68,0,3,1,78.2,3.8,No,Yes,65.4,69.6,Placed
STU07180,6.85,0,0,1,88,2.2,Yes,Yes,72.8,63.8,NotPlaced
STU08796,5.87,1,2,1,72.3,3.5,Yes,Yes,87.6,68.8,Placed
STU04458,6.3,1,2,1,80.5,3.9,Yes,No,73.2,67,Placed
STU02590,7.44,0,3,1,80.1,4.3,Yes,Yes,76.9,44.3,Placed
STU02574,7.45,1,4,0,66.7,4.7,No,No,56.2,47.8,NotPlaced
STU06866,8.43,2,2,0,91.7,4.5,Yes,Yes,75.7,73.8,Placed
STU03919,8.35,0,2,3,72.3,2.5,No,Yes,80,60.9,NotPlaced
STU09398,7.07,0,2,2,70.8,3.9,Yes,Yes,80.4,85.1,Placed
STU00810,6.69,1,0,1,62.7,5,No,Yes,71.9,72.9,NotPlaced
STU06065,7.66,1,1,3,98,4.5,Yes,Yes,65.3,85.9,Placed
STU06611,8.11,0,2,3,81.2,4.7,No,Yes,67.5,69.6,Placed
STU08675,7.19,1,0,1,74.7,3.2,No,Yes,56.3,76.4,NotPlaced
STU06679,6.91,0,0,0,41.4,3.2,No,No,53.9,56.8,NotPlaced
STU01284,8.36,2,3,1,70.5,3,No,Yes,78.3,78,Placed
STU04652,8.06,1,3,2,76.4,3.2,No,Yes,84.9,76.2,Placed
STU04409,7.99,0,2,0,76.2,2.7,Yes,Yes,88.2,65.7,NotPlaced
STU09855,6.99,0,3,1,81.4,3.2,No,No,65.3,81.7,NotPlaced
STU03089,5.74,1,3,2,65.4,2.3,Yes,No,72.9,68.5,NotPlaced
STU00893,8.46,0,4,2,86.8,4.6,No,No,53.8,91.5,Placed
STU06779,8.24,2,3,2,72.3,2.7,No,Yes,76.7,70.5,Placed
STU08164,7.48,1,2,1,73.1,2.1,Yes,No,92.7,66.9,NotPlaced
STU04231,6.09,2,1,1,65.4,3.4,Yes,No,71.2,53.2,NotPlaced
STU00767,7.47,1,2,2,62.5,2.9,Yes,Yes,73.8,65.9,Placed
STU03727,7.95,1,2,2,67.1,1.4,No,No,94,69.8,Placed
STU02445,7.05,2,1,1,66.9,3.5,Yes,No,64.3,81.2,Placed
STU09616,7.87,1,2,0,67.6,3.4,Yes,No,62.7,78.8,Placed
STU03301,7.8,1,1,2,76.5,3.4,Yes,Yes,59.6,68,Placed
STU01752,8.11,0,1,1,72.1,3,No,Yes,80.2,68.4,NotPlaced
STU09867,7.79,1,2,2,73.6,3.8,Yes,No,77.3,71.8,Placed
STU02376,8.8,1,0,2,81.7,4.1,No,Yes,100,73.5,Placed
STU09308,7.84,2,1,2,52.1,3.6,No,No,88.9,53.6,Placed
STU00449,7.04,1,2,0,66.7,4.2,Yes,Yes,100,56.8,Placed
STU08201,5,2,1,1,90.9,3.3,No,No,63.2,65.5,NotPlaced
STU05364,6.67,1,3,2,54.4,3.6,Yes,No,68.9,69.5,Placed
STU00658,7.48,0,1,3,86.1,4.6,Yes,Yes,74,65.6,Placed
STU07592,8.05,1,4,1,78.5,3.4,No,Yes,67.7,72.5,Placed
STU09827,5.98,1,0,0,74.8,3,Yes,Yes,78.9,90.1,NotPlaced
STU08887,7.8,1,1,0,89.8,4.1,Yes,Yes,67.6,70.9,NotPlaced
STU07100,6.23,0,2,2,53.6,3.6,No,No,64.3,66.1,NotPlaced
STU02029,7.69,0,2,0,80,3.3,Yes,No,98.8,91.7,NotPlaced
STU03048,7.2,2,3,1,75.7,3.8,Yes,Yes,72.6,65,Placed
STU08142,6.84,2,2,1,93.4,2.1,No,No,71,44.8,NotPlaced
STU00094,7.21,1,3,2,62.4,4.1,No,No,83.9,80.7,Placed
STU06154,6.72,0,3,1,47.4,2.5,Yes,Yes,85.9,62.1,Placed
STU01282,7.36,2,3,1,75.8,4.2,Yes,Yes,83.7,58.3,Placed
STU05320,7.99,2,3,0,81.1,4.4,Yes,No,73.8,87.6,Placed
STU08517,6.67,1,3,0,77,4.1,No,Yes,66.3,72.6,Placed
STU04288,7.67,1,3,2,82.4,2.5,Yes,Yes,92.4,64.2,Placed
STU02483,9.29,1,2,2,70,4.1,Yes,No,83.9,62.2,Placed
STU01863,8.21,1,2,3,69,3,No,No,82.3,60.7,NotPlaced
STU04470,7.85,1,2,1,74.7,3.1,Yes,Yes,77.2,46.5,Placed
STU00292,7.06,3,1,2,72.3,2.7,No,No,68.9,66.1,Placed
STU05917,8.22,2,2,1,64.1,3.9,Yes,Yes,79.1,56.4,Placed
STU03128,8.69,0,1,2,82.7,4.3,Yes,Yes,91.5,51.9,Placed
STU04924,8.77,2,1,2,75.6,5,Yes,No,50,66.7,Placed
STU01267,7.4,1,0,1,77.1,3.5,Yes,No,66.2,73.7,NotPlaced
STU08525,5.93,1,2,1,69.9,3.9,Yes,No,69.8,86.6,NotPlaced
STU05788,9.25,0,3,1,62.8,3.8,Yes,Yes,69,71,Placed
STU07321,8.07,0,2,3,77,4.6,Yes,Yes,92,78.8,Placed
STU01949,8.51,0,1,1,64.9,1.7,Yes,Yes,56.6,78.1,NotPlaced
STU09279,7.08,2,2,2,71.1,3.8,Yes,Yes,82,86.1,Placed
STU05156,7.49,1,3,2,78.6,3.8,Yes,No,95.2,51.1,Placed
STU01942,7.15,1,4,1,72.9,2.9,Yes,No,94.3,59.6,Placed
STU03596,8.53,1,2,2,67.1,3.5,Yes,No,100,71.4,Placed
STU02418,7.81,0,3,2,67.8,2.7,No,No,58.6,60.8,NotPlaced
STU09239,6.75,1,3,0,85.6,4.4,Yes,Yes,42.5,94.5,Placed
STU05529,7.34,2,2,1,64.2,4.5,Yes,Yes,68.2,72.1,Placed
STU07407,7.16,2,2,3,67.9,2.7,Yes,No,69.3,59.9,Placed
STU09824,7.09,0,3,1,68,3.6,Yes,Yes,85.2,57.2,NotPlaced
STU09550,5.65,1,2,2,93.1,3.9,No,Yes,82,58.3,Placed
STU07468,7.17,0,1,2,51.1,3,Yes,Yes,84.9,50.8,NotPlaced
STU00956,8.51,1,0,1,64.3,3.9,Yes,Yes,58.8,52.3,Placed
STU01161,5.25,0,3,2,65.8,3.5,No,No,89.5,57.9,NotPlaced
STU00935,7.9,1,1,2,69.8,2,Yes,Yes,84.3,58.8,Placed
STU01354,8.18,0,1,0,79.4,2.4,Yes,Yes,69.2,70.4,NotPlaced
STU08050,7.58,1,1,1,64.4,1.5,No,Yes,52.7,79.8,NotPlaced
STU03634,8.17,1,3,3,77,4.6,Yes,Yes,90.9,73.6,Placed
STU05225,10,2,0,3,76.7,2.6,Yes,No,79.7,43.7,Placed
STU09439,8.24,0,1,2,68.6,1,No,No,80.4,71.3,NotPlaced
STU02498,7.25,0,3,2,84.2,3.6,Yes,No,90.3,76.9,Placed
STU03782,7.21,1,3,1,65.6,3.5,No,No,85.4,74.7,Placed
STU04785,9.98,1,3,2,84.4,2,Yes,No,79.1,49.5,Placed
STU02919,7.59,0,1,2,71.3,1.8,No,Yes,67.3,74.6,NotPlaced
STU03532,9.17,2,1,1,64.2,2.5,Yes,Yes,82.4,67.7,Placed
STU00786,8.47,0,4,2,63.2,2,Yes,Yes,82,71.3,Placed
STU03365,6.86,2,2,0,81,3.9,Yes,Yes,98.2,69.1,Placed
STU03621,6.26,0,1,1,64.8,4.5,Yes,No,87.4,73.1,NotPlaced
STU03195,6.12,1,3,1,83,3.3,No,Yes,53,73.9,Placed
STU03117,7.33,1,0,1,77.5,3.2,Yes,Yes,71.8,71.3,Placed
STU03750,6.17,1,3,3,59.5,1.9,Yes,No,68.2,63.1,Placed
STU09502,8.69,1,3,1,89.2,4.4,Yes,Yes,63.8,83.1,Placed
STU00489,9.02,0,2,1,76.4,4.5,No,Yes,84,57.6,Placed
STU07798,7.21,0,3,2,85.4,3.5,No,No,80.1,60.5,NotPlaced
STU07198,7.41,1,3,0,66.8,2.5,No,No,68.1,71.6,NotPlaced
STU06990,7.45,2,3,0,82.4,2,Yes,No,64.6,59,Placed
STU06589,6.71,2,0,1,49.3,4.3,Yes,Yes,92.4,76.5,Placed
STU04211,7.27,0,2,2,53.9,3.4,Yes,Yes,96.9,68.1,NotPlaced
STU05810,7.29,0,2,1,80.6,2.6,Yes,No,76.4,60.3,NotPlaced
STU01272,8.05,2,1,3,73,3,No,No,70.5,82.5,Placed
STU04724,7.23,2,3,2,72.5,3.5,Yes,No,83.8,63.5,Placed
STU07700,8.27,1,3,2,63.8,3.4,Yes,No,54.1,62.2,NotPlaced
STU07171,7.06,0,3,1,77.4,3.3,No,Yes,85.4,71.9,Placed
STU00558,7.11,0,3,2,70.1,3.3,No,No,72.3,78.8,NotPlaced
STU05072,7.3,1,1,3,74.3,1.8,No,Yes,64.3,49.2,Placed
STU08935,8.06,1,1,0,75.2,4.7,Yes,Yes,78.1,71.4,NotPlaced
STU01255,8.6,0,1,2,66,3.6,Yes,Yes,82.2,70.1,Placed
STU07682,6.78,1,2,0,73,3.2,No,No,54,59.8,NotPlaced
STU00331,7.49,1,3,2,78.2,3.6,Yes,Yes,80.9,51.5,Placed
STU05847,10,2,1,1,66.9,3,No,No,67.2,88.1,Placed
STU02166,6.59,1,3,1,77.7,2.6,Yes,Yes,65.9,81,Placed
STU05491,7.13,1,1,1,83.5,3,Yes,Yes,72.5,72.8,Placed
STU05819,6.38,0,1,1,87.5,3,Yes,No,70.7,57,NotPlaced
STU08534,8.74,1,1,1,62.5,2.6,Yes,Yes,72.5,74.6,Placed
STU00031,6.96,2,1,1,72.7,3.9,No,No,61,69.7,Placed
STU02518,5.5,1,2,1,87.3,2.5,Yes,No,65.7,66.7,NotPlaced
STU05577,6.9,0,4,2,76.5,3.4,No,Yes,72,80.2,Placed
STU07189,7.25,0,1,1,68.2,1.6,No,Yes,73.3,71.1,NotPlaced
STU04077,7.17,0,2,2,77.5,4.1,Yes,No,76.2,74.6,NotPlaced
STU02743,7.54,1,0,0,66.4,2.8,No,No,46.8,67.7,NotPlaced
STU06444,8.31,1,2,2,72.9,4.7,Yes,No,66.2,77.3,Placed
STU01420,7.96,0,3,1,77,3.4,Yes,Yes,51.6,82.4,Placed
STU03827,6.44,0,3,1,55.2,4.2,No,No,64.7,82.6,NotPlaced
STU07937,5.5,1,0,1,84.6,3.8,Yes,No,75.6,53.3,NotPlaced
STU00181,8.06,0,2,1,74.8,3.4,Yes,Yes,65.7,72.1,Placed
STU02123,7.48,1,1,1,66.9,1.6,Yes,Yes,62.6,82.1,NotPlaced
STU02960,6.5,2,2,1,64.7,2.6,No,Yes,71.1,61.8,NotPlaced
STU04915,6.36,0,1,1,71.2,2.4,No,No,66,73.5,NotPlaced
STU09085,8.74,2,1,1,68,3.8,Yes,Yes,85,80.2,Placed
STU04019,7.03,0,4,1,59.1,3.4,Yes,No,89,65.1,Placed
STU07574,8.84,2,1,0,74.5,3.8,Yes,Yes,64,77.4,Placed
STU04945,9.07,2,2,3,65.5,2.7,No,No,71.4,61.6,Placed
STU02957,8.34,1,1,1,77.2,2.7,Yes,No,66.5,75.6,Placed
STU04464,8.55,0,2,1,81,2.5,No,Yes,76,68.9,Placed
STU08536,8.14,1,4,0,67.9,3.9,Yes,Yes,61,76.1,Placed
STU00950,7.72,1,2,1,71.3,3.2,No,No,74.6,85.8,NotPlaced
STU03271,7.31,0,2,2,72.4,3.4,No,No,55.1,65.1,NotPlaced
STU01984,8.28,1,1,2,77.2,3.7,No,Yes,80.5,83.6,Placed
STU01286,6.3,2,1,3,81.7,2.1,Yes,Yes,68.5,63.6,Placed
STU01897,7.27,1,3,1,78.1,4.5,Yes,Yes,59,55.6,Placed
STU08385,7.61,1,3,3,71.5,3.9,Yes,No,91.8,75.1,Placed
STU03248,6.84,1,3,1,62.3,2.6,Yes,Yes,60,55,Placed
STU09314,7.42,1,1,2,52.5,4.1,No,No,73.1,78.5,NotPlaced
STU09822,7.86,2,1,1,76.5,3,Yes,No,75.9,68.4,Placed
STU09164,8.46,1,1,3,75.5,4.2,Yes,Yes,69.7,76.5,Placed
STU05615,7.04,0,1,0,66.2,3.5,Yes,No,45.5,77.9,NotPlaced
STU08001,7.47,1,1,0,46.9,2.1,Yes,Yes,64.8,78.3,NotPlaced
STU06630,7.9,1,0,2,75.5,2,Yes,Yes,90.4,55.7,Placed
STU07406,9,1,3,2,83.5,2.7,No,No,55.8,48.7,Placed
STU07511,9.07,1,2,1,76.5,3,No,No,69.9,80.4,Placed
STU06726,8.58,1,3,3,69.2,3.1,No,Yes,96,70,Placed
STU01557,8.32,1,2,2,78.9,3.4,No,Yes,75.3,91.8,Placed
STU08587,9.18,0,2,2,72,2.3,Yes,No,83.9,71.7,Placed
STU03853,8.67,0,0,2,54.5,2.3,Yes,No,40,67.5,NotPlaced
STU06266,7.63,1,0,1,77.4,3.4,Yes,No,68.2,80.6,NotPlaced
STU07788,6.93,1,1,1,73.3,2.9,Yes,No,70.4,83,NotPlaced
STU01475,6.79,1,2,1,71.7,3.1,Yes,No,54.7,76.5,Placed
STU03419,6.34,1,0,1,68.4,2.8,Yes,Yes,65.9,62.5,NotPlaced
STU04509,8.09,1,3,2,86,2.8,Yes,Yes,69.7,60.8,Placed
STU04762,8.1,0,0,1,66,3.2,Yes,No,81.5,89.9,NotPlaced
STU09749,6.89,3,2,1,75.1,2.4,Yes,Yes,81.7,81.9,Placed
STU04440,7.95,2,2,1,79.7,2,No,Yes,88.4,71.3,Placed
STU02589,6.78,2,2,2,86.9,3.5,Yes,Yes,69.9,79.8,Placed
STU05263,7.75,2,2,0,66,3.3,Yes,No,70.5,64,Placed
STU09192,5.87,0,3,2,82,4.3,No,Yes,65.3,56.7,NotPlaced
STU00695,8.03,1,1,1,81.3,4,No,No,51.8,71.7,NotPlaced
STU07686,8.31,1,2,2,76.2,3.5,No,No,49.9,70.1,Placed
STU07161,7.75,2,2,3,75,2.8,No,Yes,83.2,89.7,Placed
STU09620,6.92,1,2,2,72.2,3,No,No,60.1,70.8,NotPlaced
STU05461,7.47,1,1,2,71.3,3.4,Yes,No,67.7,68.4,NotPlaced
STU03934,8.18,1,2,1,78.7,4.4,Yes,Yes,83.4,61.9,Placed
STU05628,8.36,1,1,2,86.4,2.9,Yes,Yes,78,67.4,Placed
STU06901,8.35,0,1,3,93.3,3,Yes,Yes,87.6,76.2,Placed
STU03623,5.72,1,3,0,68.2,3.7,Yes,No,60.1,63.7,NotPlaced
STU01822,7.57,1,4,1,67.3,3.5,Yes,No,58.1,71.3,Placed
STU05720,5.79,0,1,3,70,4.2,Yes,Yes,68.8,73.2,NotPlaced
STU03075,6.84,2,0,3,66.3,3.5,Yes,No,73.6,70.2,Placed
STU06502,6.41,2,2,0,74.8,3.2,Yes,No,52.9,69.1,Placed
STU02478,8.81,3,1,1,72.2,4.5,No,No,78.9,65.3,Placed
STU06926,6.31,0,3,2,65,4.5,Yes,Yes,67,78,NotPlaced
STU06749,7.04,0,1,1,77.3,2.9,No,Yes,93.2,76.4,NotPlaced
STU03881,7.77,1,3,1,60.3,3.3,Yes,Yes,71.8,77.1,Placed
STU06858,7.24,1,2,0,73.8,3.9,Yes,Yes,79.8,68.9,Placed
STU00948,6.88,1,3,1,64.2,4.9,Yes,Yes,80.4,58.2,Placed
STU06897,6.85,1,3,1,68.8,3.5,No,No,78.4,52.4,NotPlaced
STU04079,7.15,2,2,0,73.8,4.7,Yes,Yes,69.7,77,Placed
STU04483,6.74,1,2,1,83.3,3.5,No,Yes,97.9,68.2,Placed
STU06076,6.81,3,3,3,68.5,3.9,No,No,55.2,63,Placed
STU01333,7.31,0,2,1,79.7,3.5,Yes,Yes,87.3,59,NotPlaced
STU02105,6.43,1,2,1,70.4,3,Yes,No,83.2,60.1,NotPlaced
STU01185,6.61,3,2,1,63.3,4.4,Yes,No,72.6,58.1,Placed
STU03219,6.84,1,1,1,80,3.2,No,No,90.1,69.3,NotPlaced
STU00010,7.99,2,1,1,57.9,4.6,Yes,No,91.2,69.7,Placed
STU04327,6.96,1,1,1,84.4,4.1,Yes,No,78.6,51.8,NotPlaced
STU07264,8.72,2,4,3,64.4,2,Yes,No,70,80.1,Placed
STU06534,8.63,1,3,2,84,2.8,No,Yes,63,66.3,Placed
STU02254,7.49,2,2,1,90.1,4.5,Yes,No,61.6,71.5,Placed
STU04201,7.72,0,2,0,65.9,3.5,Yes,Yes,66.1,67.3,NotPlaced
STU01710,6.62,1,1,0,84.5,3.1,Yes,No,73.8,73.5,NotPlaced
STU02066,6.98,1,1,3,64,3.6,Yes,Yes,85.9,71.5,Placed
STU02648,6.23,2,1,1,87,4.4,No,No,54.7,69.1,Placed
STU09417,9.06,0,2,2,62,3.8,Yes,No,77.4,79,NotPlaced
STU05581,9.21,0,2,2,66.5,1.8,No,No,70.5,86.9,NotPlaced
STU01909,6.43,3,1,1,96.7,3.8,Yes,Yes,50,82.7,Placed
STU01280,7.22,1,3,1,64.6,3.4,Yes,Yes,58.4,75.7,Placed
STU07235,6.93,0,3,0,71.5,3.4,Yes,Yes,100,58.9,Placed
STU04058,7.9,2,2,0,65.4,3.6,No,No,76.4,76.7,Placed
STU02748,6.46,2,1,2,86.1,2.2,No,Yes,90.6,82.6,Placed
STU00884,8.44,1,1,0,95.3,3.6,Yes,No,80.9,71.2,Placed
STU08120,7.51,2,4,0,84.1,2.3,No,No,94.1,57.4,Placed
STU06445,8.21,1,1,2,79.2,4,No,Yes,84.5,68.3,Placed
STU04881,8.39,2,2,3,52.4,2.7,Yes,No,60.8,65,Placed
STU04072,6.87,1,2,2,77.8,3.3,No,Yes,83.5,74.9,Placed
STU08637,8.65,0,1,1,82.1,3.7,Yes,No,75.1,54.5,Placed
STU03858,8.03,1,2,2,68.2,2.8,Yes,No,87.9,64.3,NotPlaced
STU05272,9.83,2,1,2,70.5,4.9,Yes,Yes,84.2,69.2,Placed
STU04851,5.14,2,0,1,70.8,3.3,Yes,Yes,74,67.4,Placed
STU03533,7.41,2,1,1,65.1,4.1,No,No,61.5,76,NotPlaced
STU01388,8.91,2,3,3,59.2,3.5,No,Yes,61.1,94.8,Placed
STU01514,5.82,1,2,1,67.4,3.1,No,No,96.5,72.1,NotPlaced
STU05354,8.55,0,3,1,70.4,3.8,No,No,63.7,84.8,Placed
STU09968,7.49,1,2,3,73.1,3,Yes,Yes,83.6,75.7,Placed
STU00853,6.93,1,2,2,53.8,3.1,No,Yes,68.2,70,Placed
STU08521,7.29,1,2,2,77.6,3.9,No,No,74.1,76.4,Placed
STU06031,6.03,0,4,2,84,3.6,Yes,No,40.6,74.6,Placed
STU09926,7.03,0,1,2,57.9,4.4,No,Yes,60.5,73,NotPlaced
STU09614,5.81,1,1,2,58.8,3.7,No,Yes,96.2,68.7,NotPlaced
STU08643,8.53,1,3,0,92.7,3,Yes,No,72.8,69.5,Placed
STU01140,8.13,0,1,1,79.6,3.8,Yes,No,82.5,65.1,NotPlaced
STU03925,7.26,1,2,1,78.7,3.1,Yes,No,57.9,72.3,NotPlaced
STU05874,6.68,3,1,0,69,1.7,No,Yes,68.5,67.4,Placed
STU07346,6.58,1,2,3,85.6,4.9,No,Yes,84.4,56.3,Placed
STU00349,6.85,2,3,2,67,2.6,Yes,Yes,77,83.1,Placed
STU03459,7.52,2,1,0,85.5,3.2,No,Yes,88.4,65.3,Placed
STU07965,7,2,1,0,84,3.9,Yes,No,99.3,60.9,Placed
STU06526,7.75,0,3,1,74.9,4.6,Yes,No,67.9,91.7,Placed
STU05711,7.58,1,2,2,65.6,4,Yes,No,72.4,92.3,Placed
STU02534,6.67,1,2,3,63.6,3.7,Yes,No,60.1,54.7,Placed
STU07035,8.94,1,2,3,65.1,2.8,Yes,No,87,73.1,Placed
STU02950,6.03,1,1,1,69.6,4,No,Yes,87,78,NotPlaced
STU04714,7.82,2,2,1,79.7,2.7,Yes,Yes,80.4,69.3,Placed
STU07435,7.09,1,1,2,77.1,4.5,Yes,Yes,89.5,88.5,NotPlaced
STU05805,8.56,1,2,1,72.7,3.6,Yes,Yes,72.7,79.3,Placed
STU07570,6.97,2,1,3,81.2,4,Yes,No,82.8,80.7,Placed
STU08700,6.44,2,2,1,59.7,3.8,No,Yes,68.9,56.4,Placed
STU00131,6.1,1,3,2,75.2,5,Yes,Yes,56.3,59.3,Placed
STU02068,7.38,0,1,1,73.8,3.3,Yes,No,56.7,62.3,NotPlaced
STU03530,6.55,0,2,2,76.4,3.3,Yes,No,60.6,72.2,NotPlaced
STU01562,6.83,0,0,0,58.3,4.2,No,No,68.8,73.7,NotPlaced
STU04418,5.75,2,1,1,75.6,2.9,No,No,56,64.8,NotPlaced
STU08487,7.88,0,2,1,80.4,2.7,Yes,No,63,67.6,NotPlaced
STU09395,7.65,0,2,1,59.7,3.9,Yes,Yes,67.3,63.5,NotPlaced
STU05515,8.58,0,3,2,70.2,2.1,Yes,Yes,51.8,51.9,Placed
STU00680,8.64,0,1,2,70.1,3.5,Yes,No,54.5,93.3,NotPlaced
STU00995,6.6,1,3,2,65.1,3.4,Yes,No,79.7,73.7,Placed
STU05584,7.85,0,4,3,83,4.1,No,Yes,64.8,79.8,Placed
STU00351,7.78,1,1,1,78.8,2.2,Yes,No,81.9,61.3,NotPlaced
STU04841,6.77,0,2,0,64.5,3.8,Yes,Yes,89.1,81,NotPlaced
STU02067,5.31,1,3,1,82.5,3.8,No,No,76.8,69.1,NotPlaced
STU05519,6.38,0,3,0,62.3,4.9,No,Yes,68.8,69.2,NotPlaced
STU00267,8.97,1,2,1,60.9,5,No,Yes,81,72.8,Placed
STU08982,8.73,1,2,0,69.5,4.1,No,Yes,59.1,72.8,Placed
STU00475,8.98,1,2,2,75.5,4.8,Yes,No,80.3,68,Placed
STU00115,7.33,0,1,1,74.1,3.4,No,Yes,53,50,NotPlaced
STU08035,7.21,1,3,3,62.2,3.9,Yes,No,56.8,58.2,Placed
STU04952,8.63,0,1,2,74,4.5,No,Yes,69.4,77.8,NotPlaced
STU09251,6.77,2,0,0,63.2,2.6,No,Yes,70.1,53.8,NotPlaced
STU08351,6.14,0,1,1,80.3,3.6,No,Yes,59.1,77,NotPlaced
STU04657,7.22,1,2,2,66.4,3.4,Yes,Yes,64.9,60.9,Placed
STU07947,8.51,1,4,1,62,2.6,No,No,63.6,64,Placed
STU02344,7.03,0,2,0,70.4,3.4,No,No,73.5,57.7,NotPlaced
STU01315,7.51,0,2,1,59.8,3.2,Yes,Yes,63.9,69.6,NotPlaced
STU09653,7.67,1,2,1,91.2,3.2,No,No,80.3,49.6,NotPlaced
STU06821,9.29,1,2,2,69.1,4.3,No,No,65.3,69.6,Placed
STU00498,7.33,0,3,1,67.8,3.7,No,Yes,71.3,53.4,Placed
STU03870,8.4,1,3,2,65.5,2.9,Yes,Yes,75.7,92.4,Placed
STU03571,7.23,1,0,1,79.2,2.8,Yes,Yes,78.9,76.4,Placed
STU05882,8.75,0,3,1,92.8,1.9,No,No,77.4,85.5,Placed
STU00119,8.53,0,2,1,87,3.2,No,Yes,89.8,66.9,Placed
STU06196,7.37,0,1,0,78.4,2,No,No,54.9,75,NotPlaced
STU06187,7.88,1,1,2,80.6,2.7,Yes,Yes,84.2,98.6,NotPlaced
STU02760,8.06,0,0,1,60.2,4.5,Yes,No,80.4,44.1,NotPlaced
STU00963,7.68,0,2,0,66.5,3,Yes,Yes,40,56.9,NotPlaced
STU00989,7.3,1,1,1,72,2.4,No,Yes,98.2,50.5,NotPlaced
STU07716,8.1,1,4,2,76.3,3,No,No,49.6,78.4,Placed
STU03059,6.42,1,1,0,56.8,3.8,No,Yes,77.1,85.5,NotPlaced
STU09148,7.07,1,1,2,58.7,4.1,Yes,Yes,59,65.4,Placed
STU05366,6.15,0,0,1,76.8,2.8,Yes,Yes,59.3,83.9,NotPlaced
STU06338,7.1,1,2,1,81.9,4.1,No,No,77.9,79,Placed
STU02247,6.69,1,2,2,80.6,5,No,Yes,69.2,72.9,Placed
STU02458,7.72,0,3,2,69.7,2.5,No,Yes,69.4,58.5,Placed
STU07184,6.66,0,1,1,69.9,3.9,Yes,No,71.1,74.2,NotPlaced
STU07853,7.82,0,0,1,65,3.6,Yes,Yes,71.9,65.4,NotPlaced
STU01402,7.98,0,2,2,72.5,3.8,No,No,62.8,81.4,NotPlaced
STU02668,6.39,2,2,2,66.8,3.7,Yes,No,64.4,46.8,Placed
STU01688,7.68,1,4,2,80.5,3.6,No,No,88,87.8,Placed
STU07095,8.11,2,2,0,64.5,3.4,Yes,Yes,69.5,75.7,Placed
STU01695,7.61,1,3,0,75.9,3.6,No,Yes,68.4,71.9,Placed
STU06950,8.13,0,2,2,67.7,3.6,No,No,56.5,59.7,NotPlaced
STU00366,7.14,0,2,2,60,3.6,Yes,No,83.1,83.4,NotPlaced
STU05345,7.2,2,2,2,60.9,2.9,No,Yes,100,64.7,Placed
STU00825,7.1,0,3,0,62.4,2.6,Yes,No,58.1,54.4,NotPlaced
STU00381,6.74,3,2,2,63.4,4.3,No,Yes,73.6,73.4,Placed
STU00501,8.33,1,1,2,62.8,3.4,Yes,No,69.1,76.6,NotPlaced
STU02395,7.42,0,2,2,72.8,5,No,No,76.3,55.7,NotPlaced
STU09295,9.26,0,3,1,83.3,2.5,No,No,58.8,73.2,Placed
STU09429,5.72,1,1,2,79.4,3.8,Yes,No,57.5,52.1,NotPlaced
STU09257,6.75,1,0,0,70.9,3.5,Yes,No,66.6,66.7,NotPlaced
STU03471,7.42,2,2,1,76.1,2.9,Yes,No,87.1,62.5,Placed
STU03981,8.73,0,1,1,62.2,4.4,No,No,65.6,52.1,NotPlaced
STU06881,7.67,2,1,0,80.1,4.8,Yes,No,82.1,56.3,Placed
STU04904,7.16,3,0,2,62.8,3.6,No,No,79.1,64.3,Placed
STU06222,7.47,0,1,1,66.5,4,No,No,78.9,68.5,NotPlaced
STU07771,8.3,0,0,3,59.3,4.4,No,Yes,86.6,69.6,NotPlaced
STU06734,6.89,1,2,2,67.2,3.7,Yes,No,96.2,61.5,Placed
STU07155,7.15,2,1,1,79.6,2.7,Yes,Yes,75.8,83.6,Placed
STU06958,9.13,0,1,1,83.1,2.6,Yes,Yes,73.5,78.4,NotPlaced
STU05068,8.95,1,2,3,55.4,2.1,Yes,Yes,55.9,67.5,Placed
STU02186,8.88,0,2,1,59.3,3.8,Yes,No,75,57.8,NotPlaced
STU06848,7.93,1,3,0,75.5,3.4,No,Yes,71.7,55.5,Placed
STU01409,7.21,1,1,1,66.7,2.8,No,No,52.4,52,NotPlaced
STU00562,9.37,0,0,0,87.7,4.1,No,Yes,70.4,76.5,NotPlaced
STU07256,9.14,1,3,0,80.5,1.7,No,No,62.1,73.6,NotPlaced
STU01968,7.36,0,2,2,76.1,2.3,No,Yes,68.5,81.5,NotPlaced
STU01852,9.1,1,3,0,66.1,1.4,No,No,85,82.5,NotPlaced
STU08701,8.93,1,1,1,68.6,2.8,No,Yes,91.1,77.4,NotPlaced
STU03343,6.58,0,2,1,72.5,3.8,No,No,59.6,40,NotPlaced
STU06029,5.73,2,2,0,67.9,4.5,No,Yes,66.7,58.4,Placed
STU05766,7.21,2,3,1,56.8,3.2,Yes,No,72.6,63.1,Placed
STU01575,7.92,2,2,1,59.9,3.7,No,No,58.2,49.2,Placed
STU02528,8.05,1,2,0,70.7,3.6,Yes,Yes,65.6,42.7,Placed
STU06862,9.16,1,3,1,82.7,5,Yes,Yes,77.8,64.7,Placed
STU08767,8.41,1,2,0,76.7,2.5,No,Yes,77.9,79.6,Placed
STU01963,7.97,2,2,0,79.1,3.7,Yes,Yes,80.2,66.8,Placed
STU01832,7.71,1,2,0,60.5,3.8,Yes,Yes,81.2,68.3,Placed
STU09235,8.56,2,2,1,76.5,3.1,Yes,No,72.3,71.2,Placed
STU05793,7.77,0,2,1,56.4,3.2,No,No,65,72.8,NotPlaced
STU07961,6.93,2,3,2,66.9,3.7,Yes,No,85.8,75.3,Placed
STU09147,7.28,1,3,0,71.7,3.8,No,No,90.9,52.2,NotPlaced
STU02140,6.18,2,1,1,72.3,3.4,Yes,Yes,71.2,76.1,Placed
STU03643,6.61,1,1,2,64.5,2.3,Yes,Yes,80.2,50.9,NotPlaced
STU00683,7.03,2,1,1,69.5,4,Yes,Yes,77.4,67.9,Placed
STU00603,8.28,0,2,1,87.9,3.7,Yes,Yes,85.4,48.8,Placed
STU09784,7.79,1,3,3,72.5,3.2,Yes,Yes,71.7,66.7,Placed
STU02121,9.67,0,1,2,70.4,3.9,No,No,79.5,63.9,NotPlaced
STU00739,9,1,2,0,92.7,3.4,No,Yes,69,57.4,Placed
STU09265,6.66,0,1,1,66.5,3.2,No,No,67.6,66.5,NotPlaced
STU06673,7.83,2,1,0,67.6,4.1,Yes,Yes,100,66.3,Placed
STU03026,7.15,0,2,1,57.9,3.1,Yes,No,89.4,47.9,NotPlaced
STU09010,8.53,1,4,2,64.9,2.9,Yes,Yes,77.1,59.9,Placed
STU00041,8.16,1,1,1,81.4,4.6,Yes,No,61,79.4,Placed
STU07778,6.58,1,4,1,70.9,3.3,Yes,No,67.5,57.2,Placed
STU03777,5.85,0,4,2,75.2,4.8,Yes,No,66,82.7,NotPlaced
STU08586,8,1,2,2,56.5,4.3,Yes,No,68.3,68.4,Placed
STU01252,8.25,1,2,1,68.7,4.1,No,Yes,74.3,70.1,NotPlaced
STU08794,7.25,1,1,1,73.9,3.3,Yes,Yes,82.3,79.3,Placed
STU03414,6.75,0,0,2,65.4,4.5,No,No,79.1,55.1,NotPlaced
STU07368,7.08,2,1,1,57.2,2.3,Yes,Yes,67.1,97.8,Placed
STU07333,9.63,1,2,1,86.4,3.7,Yes,Yes,86.8,68.2,Placed
STU01118,7.45,0,4,2,54.2,3.9,No,No,81.3,73.2,Placed
STU04892,6.4,3,2,2,84.1,3.9,No,No,48.5,41.9,Placed
STU04232,8.72,2,1,1,58.9,3.5,Yes,Yes,76.6,87.9,Placed
STU01868,8.51,0,1,2,81.1,3.2,Yes,Yes,52.3,90.2,Placed
STU01593,7.89,1,2,1,58.3,2.7,No,Yes,80.1,53.3,NotPlaced
STU04815,7.78,1,1,2,80,3.1,No,No,50.8,90.1,NotPlaced
STU00341,6.76,0,2,1,62.4,3.4,Yes,No,77.7,83.7,NotPlaced
STU00462,7.53,0,3,2,64,3.4,Yes,Yes,82.7,74.2,Placed
STU05042,5.98,0,0,1,77,2.4,Yes,No,72.6,57.4,NotPlaced
STU08394,7.19,1,4,3,65.9,2.5,Yes,No,78.6,76.4,Placed
STU02715,7.83,0,1,1,83.6,3.6,Yes,Yes,50.4,54.5,NotPlaced
STU08808,7.47,1,1,1,73.4,2.6,No,No,100,52.5,NotPlaced
STU07374,5.78,2,0,2,67.2,3.5,Yes,Yes,53.4,47.4,NotPlaced
STU07501,9.05,1,3,1,75.9,3.9,No,Yes,62.9,66,Placed
STU06948,8.31,0,1,2,85.8,3,Yes,Yes,57.9,76.2,Placed
STU02639,6.57,1,2,3,71.5,3.1,Yes,No,73.7,85.9,Placed
STU07015,7.22,1,2,2,70.3,4.3,Yes,Yes,57.4,66.6,Placed
STU06645,6.62,0,2,0,72.1,3.3,Yes,No,72.2,53.2,NotPlaced
STU06536,8.24,0,1,1,78,4.8,Yes,Yes,67.5,79.7,NotPlaced
STU02566,7.13,1,2,1,80,3.5,Yes,No,65.9,90.5,Placed
STU08974,8.7,1,1,1,73.5,3.9,Yes,Yes,82.7,64.5,Placed
STU00152,7.81,1,3,2,87.2,3.9,No,No,59.6,81.4,Placed
STU06130,6.19,2,4,2,81.2,1.8,No,No,69.5,84.5,Placed
STU01003,7.55,0,2,0,57.4,2.9,No,No,62,65.9,NotPlaced
STU05168,7.36,0,2,0,77.4,2.9,Yes,Yes,87.6,66.2,NotPlaced
STU06234,5.26,1,2,1,58.1,3.6,No,Yes,69.1,77.8,NotPlaced
STU09551,7.82,1,3,1,56.3,3.8,No,Yes,92.5,75.7,Placed
STU08803,7.95,0,2,0,70.2,2.9,Yes,No,77.3,86.6,NotPlaced
STU01828,8.77,1,3,3,65.8,4.6,Yes,Yes,72.5,80.1,Placed
STU03122,6.95,3,1,0,64.8,3.1,Yes,Yes,54.2,76.1,Placed
STU00606,9.19,1,3,2,78.8,3.8,Yes,Yes,83.9,71.5,Placed
STU01379,6.95,0,1,1,55.9,5,Yes,No,51.2,69.9,NotPlaced
STU00689,8.14,0,0,0,72,3.1,No,Yes,67,67,NotPlaced
STU09797,7.45,3,2,2,67.1,3.2,Yes,No,57.8,71.7,Placed
STU06319,8.36,2,4,0,84.4,3.9,Yes,No,79.9,72.1,Placed
STU05139,6.88,0,1,2,77.8,4.2,Yes,No,72.4,72,NotPlaced
STU09947,5.39,1,3,3,63.3,2.1,Yes,Yes,85.1,78.5,Placed
STU00045,6.17,1,3,1,63.5,4.8,Yes,Yes,73.2,77,Placed
STU04921,9,1,3,2,75.4,4.4,Yes,Yes,83.4,59.5,Placed
STU02058,8.29,2,0,2,62.6,2.7,Yes,No,89.5,77.8,NotPlaced
STU07451,7.09,0,1,0,66.9,5,Yes,No,57,63.3,NotPlaced
STU07795,7.57,1,1,1,54.3,3.6,Yes,Yes,91.7,57.6,Placed
STU06771,7.47,1,2,1,63.2,3.8,Yes,No,78.1,56.2,NotPlaced
STU03928,7.92,0,1,1,69,3.5,Yes,Yes,97.8,56.2,NotPlaced
STU01153,6.92,0,1,2,73.4,4.2,No,Yes,75.9,61,NotPlaced
STU07679,6.87,1,1,3,72,3.7,Yes,Yes,99.6,62.7,Placed
STU07486,6.94,1,1,2,87.6,3.6,Yes,Yes,75.9,56.6,Placed
STU06191,8.47,1,1,0,77.7,4,Yes,Yes,63.1,40.7,Placed
STU03442,6.95,0,2,2,76.1,4.1,Yes,No,79.4,63.6,Placed
STU07055,7.63,1,2,1,78.5,4,No,No,74.8,70.5,Placed
STU07459,6.94,1,3,0,62.5,5,No,No,58.7,60,NotPlaced
STU06272,8.17,1,1,2,74,4.1,No,No,52.9,60.8,NotPlaced
STU08194,7.58,1,1,1,65,4.6,No,No,70.9,48.8,Placed
STU07780,6.65,0,2,0,84.4,3.6,Yes,No,55.9,66.5,NotPlaced
STU00109,7.73,0,2,3,67.6,3.8,Yes,No,60.1,77.1,NotPlaced
STU07895,5.76,1,2,1,74,3.2,Yes,No,69.2,77.3,Placed
STU08433,6.93,1,1,2,90.4,3.9,Yes,Yes,59,88.6,NotPlaced
STU07527,8.41,1,2,3,100,4,Yes,No,80.3,62,Placed
STU06359,5.72,0,3,2,86.4,4.7,No,No,68,86.6,NotPlaced
STU08811,7.63,0,2,2,77,2.2,Yes,No,100,70.5,NotPlaced
STU02033,7.93,3,3,0,53.4,3.9,Yes,No,78.1,72.9,Placed
STU07365,8.43,1,4,0,78.5,4.2,No,Yes,82,50.3,Placed
STU08287,7.64,1,2,3,56.6,3,Yes,No,70.4,58.8,NotPlaced
STU02878,6.9,1,1,1,70.7,3,Yes,No,60.1,52.1,NotPlaced
STU07644,7.51,0,3,3,63.2,2.6,Yes,No,59.5,62.8,NotPlaced
STU08999,6.88,2,2,0,63.3,2.8,Yes,No,65.8,66.4,NotPlaced
STU08151,7.92,1,2,1,56.6,4.3,Yes,No,46.4,69.9,NotPlaced
STU01149,8.94,0,1,0,72.7,4.4,Yes,Yes,61,59.8,Placed
STU01500,8.03,2,3,1,60.5,3,Yes,Yes,68.7,86.5,Placed
STU04451,7.05,1,3,0,70,4.2,Yes,Yes,82.5,79.3,Placed
STU03561,7.71,0,2,2,70.9,2.4,Yes,Yes,66.6,67.2,NotPlaced
STU06647,8,1,2,0,75.1,4.8,No,No,61.7,74.4,Placed
STU07274,7.3,1,2,1,86.3,3.6,No,No,67.4,78,Placed
STU08080,8.7,0,1,0,78.1,2.3,No,Yes,66.2,58.7,NotPlaced
STU03149,7.4,1,2,1,75.7,4.7,No,No,66.1,65.1,Placed
STU04803,6.24,2,3,3,76.6,3.6,No,Yes,71.2,67.5,Placed
STU00065,8.23,1,2,1,60.5,2,Yes,Yes,68.1,87,Placed
STU09709,6.29,0,1,3,77.6,3,No,No,40,63.5,NotPlaced
STU01358,7.85,1,2,0,87.6,4.1,No,No,73.4,75.4,Placed
STU04995,6.91,3,1,2,90.7,3.8,Yes,No,65.7,69.1,Placed
STU02075,6.94,2,1,1,63.1,2.2,No,Yes,80.6,58.5,Placed
STU00882,7.02,0,2,2,72,4,Yes,No,67.8,59.9,NotPlaced
STU05622,5.9,0,1,3,68.8,2.2,Yes,Yes,69.1,75.7,NotPlaced
STU05573,7.19,1,3,1,73.7,3.6,Yes,Yes,77.8,68.1,Placed
STU03575,6.36,1,0,2,58.9,3,Yes,Yes,50.4,69.1,NotPlaced
STU03331,8.32,1,3,1,66.9,3.5,Yes,No,67.3,48.4,Placed
STU03599,7.8,3,1,0,75.9,3.4,Yes,No,75.5,46.4,Placed
STU01992,8.18,3,1,1,61.7,4,Yes,Yes,66.9,64.3,Placed
STU01188,7.3,2,3,0,92.3,3,Yes,No,66.1,58.5,Placed
STU05221,9.11,2,0,1,78.4,3.6,No,Yes,59.1,59.3,Placed
STU02222,6.92,2,2,0,67.1,3.1,Yes,No,77.9,63.5,Placed
STU09503,7.66,1,0,0,73.1,3.6,Yes,No,78.5,74.8,NotPlaced
STU06886,6.77,1,4,1,81,2.9,Yes,Yes,61.3,56,Placed
STU06575,7.64,1,2,1,74.4,2.7,Yes,No,67.4,64,Placed
STU01853,6.43,2,3,0,65.5,3.9,Yes,No,84.3,76.1,Placed
STU03505,7.05,2,1,3,75.9,3,No,Yes,57.3,64.8,Placed
STU00203,8.47,1,2,0,72.9,3.1,No,Yes,55,62.1,Placed
STU07649,6.6,2,1,2,65,3.2,No,Yes,71.2,87.8,Placed
STU04624,8.19,2,3,0,76.7,4.1,Yes,Yes,64.5,79,Placed
STU01396,7.67,1,2,0,65.6,2.9,No,No,76.2,76.5,NotPlaced
STU06072,6.14,1,2,1,70.8,1.8,Yes,Yes,67.2,77.8,NotPlaced
STU07063,6.86,1,4,1,69.6,1.9,Yes,No,71.5,86,Placed
STU06828,7.49,0,2,1,59.1,4.6,Yes,Yes,91.8,53.4,Placed
STU09610,7.95,3,2,2,51.2,2.5,Yes,Yes,41.3,49.8,Placed
STU06483,6.7,1,3,0,97.4,2.3,Yes,Yes,70.3,79.8,Placed
STU04130,8.99,0,1,1,68,4.5,Yes,No,67.4,60.3,NotPlaced
STU01465,6.98,1,0,0,69.7,4.1,Yes,Yes,66.3,71.6,NotPlaced
STU02118,6.61,2,2,1,66.7,4.3,No,No,79.6,66.7,Placed
STU06163,6.37,2,3,1,65.3,3.9,No,Yes,88,46.3,Placed
STU03662,6.84,2,1,3,72.9,2.7,Yes,Yes,61.2,46.7,Placed
STU00543,7.98,1,1,0,73.1,3.8,Yes,Yes,62,70.6,Placed
STU08509,6.96,0,2,1,68,3.8,No,No,59.3,64.9,NotPlaced
STU08966,6.11,0,3,2,60.8,3.2,Yes,No,71.2,87.4,NotPlaced
STU02529,9.35,2,0,2,86.2,2.8,Yes,Yes,62.3,63.2,Placed
STU01425,6.56,1,1,3,69.8,2.9,Yes,No,57,65.5,NotPlaced
STU00409,7.61,2,2,1,75.8,3.3,No,No,83,87.7,Placed
STU01061,8.19,0,1,2,67.3,3.9,Yes,No,72.6,69.9,NotPlaced
STU03208,8.25,2,1,1,75.2,3.8,Yes,Yes,62.1,55.3,Placed
STU05470,7.61,2,1,2,61.3,4.4,Yes,Yes,67.4,69.5,Placed
STU09390,8.23,2,2,0,73.6,3.7,No,Yes,85.6,81,Placed
STU00520,8.18,2,0,1,66.6,4,Yes,Yes,83.5,60.2,Placed
STU04757,6.15,1,2,0,90.1,3.5,No,Yes,78.6,72.1,Placed
STU07881,6.31,2,0,3,82.5,3.7,Yes,Yes,71,82,Placed
STU06189,7.48,0,2,2,91.2,3.4,No,No,66.4,58,NotPlaced
STU05617,7.35,2,0,2,40,3.2,Yes,Yes,82,89.7,Placed
STU00582,7.13,1,1,1,74.2,4.2,Yes,Yes,81.7,73.9,Placed
STU09320,6.51,1,3,2,71.2,2.6,Yes,Yes,41.9,52.6,Placed
STU00897,7.35,1,1,1,68,3.6,Yes,Yes,72,62.7,Placed
STU07414,7.86,1,3,1,72.1,2.8,No,No,82.6,66.6,Placed
STU09355,5.55,1,0,1,76,4.3,Yes,No,70.1,58.7,NotPlaced
STU03802,6.06,0,2,2,81.8,3.5,No,No,62.5,78.5,NotPlaced
STU02612,6.48,3,2,0,74,2.9,No,No,74.7,79.8,Placed
STU00782,6.3,0,1,3,63.8,4.6,No,Yes,69.1,66.1,NotPlaced
STU00016,6.99,0,1,1,76.4,3.6,Yes,No,83.4,71.9,NotPlaced
STU03906,7.21,1,1,3,81.6,4.1,No,No,77.3,78.4,NotPlaced
STU04097,8.04,2,1,2,70,3.1,Yes,No,73.4,65.5,Placed
STU08264,7.42,1,2,1,74.3,3.3,Yes,No,65.8,53.7,NotPlaced
STU03669,7.37,1,3,1,73.6,3.1,No,No,76.2,77.6,Placed
STU01468,7.86,1,1,1,82.4,3.2,Yes,Yes,75.6,72.5,Placed
STU01925,9.37,2,3,2,56.9,3.2,No,Yes,81.1,63.8,Placed
STU02318,6.94,1,3,1,61.4,3.8,Yes,No,57.4,59.7,Placed
STU09389,8.42,0,0,1,73.9,2.7,No,Yes,61.5,93.6,NotPlaced
STU05127,7.25,2,2,2,68.7,2.7,Yes,No,69.2,100,Placed
STU03757,7.59,1,3,3,58.9,3.8,Yes,No,66.5,73,Placed
STU09780,7.83,1,1,2,74.3,2.6,Yes,Yes,54.7,71.3,Placed
STU01355,6.98,1,3,1,68.1,4,No,Yes,65.8,82,Placed
STU08021,5.35,2,0,0,72.4,4.3,Yes,Yes,66.4,72,Placed
STU05335,6.81,1,2,1,95.2,3,No,Yes,91.6,81.7,Placed
STU02063,7.85,3,2,2,79.6,3.9,No,No,58.1,61.7,Placed
STU00177,7.51,1,3,2,68.1,3.7,Yes,Yes,66.5,61.8,Placed
STU05942,8.19,1,0,0,55.6,4.3,Yes,No,82.7,47.8,NotPlaced
STU04265,7.45,0,2,2,74,4.2,Yes,No,85.9,75.8,NotPlaced
STU05652,7.57,0,2,1,70,3,Yes,No,82.2,70.6,NotPlaced
STU05662,6.67,1,1,3,91.3,3.6,No,Yes,57.2,78.2,Placed
STU01395,7.17,1,2,1,69.5,3.8,No,Yes,97.2,62.3,Placed
STU03949,7.25,0,2,3,72,4.5,No,Yes,93.6,90.7,Placed
STU04497,6.78,2,3,0,59.2,3.3,No,Yes,67.1,70.2,Placed
STU05710,9.21,1,3,0,52.4,2.4,Yes,No,64.9,62.9,Placed
STU00457,7.4,0,0,0,60.7,1.5,No,No,49.8,84.6,NotPlaced
STU08455,6.51,1,4,1,88.1,3.8,No,Yes,87.6,90.3,Placed
STU04071,8.01,2,1,3,57.5,4.3,Yes,No,88.3,40.1,Placed
STU01209,6.24,1,1,2,61.2,4.1,No,Yes,86.1,63.6,NotPlaced
STU01555,7.3,1,1,1,71.4,3.3,No,No,49.9,81.1,NotPlaced
STU06104,7.81,2,0,1,85.6,1.9,Yes,No,72.2,65.6,Placed
STU06124,7.69,2,2,1,91,3.3,No,No,61.6,71.5,Placed
STU00028,7.84,1,3,1,79.7,4,No,No,73,94.8,Placed
STU06078,6.69,2,0,1,80.1,2.9,Yes,Yes,73.6,76.1,Placed
STU06448,7.08,1,0,1,82.4,3.6,Yes,Yes,82.4,81.9,Placed
STU07131,7.43,2,2,2,58.2,5,Yes,Yes,84.1,40,Placed
STU01549,8.19,0,2,1,55.8,4.9,Yes,Yes,74.1,56.4,Placed
STU03458,7.16,1,0,3,69.6,3,Yes,No,72.2,68.9,NotPlaced
STU07051,8.37,2,2,1,71,3.9,Yes,No,67.7,80.4,Placed
STU01944,7.19,2,1,1,87.2,4.2,Yes,No,86.8,83,Placed
STU06974,8.55,2,3,0,53.7,3.6,Yes,Yes,64.8,59.6,Placed
STU09202,7.07,0,3,1,66.4,3.1,Yes,No,85.8,56.4,NotPlaced
STU01926,6.67,1,3,2,81.3,4.2,No,Yes,86.8,74,Placed
STU02221,7.18,2,4,0,70.8,3.3,Yes,No,86,73.1,Placed
STU03632,6.93,1,2,0,89.8,2.8,Yes,No,67,67.8,NotPlaced
STU03377,7.25,1,1,0,74.1,3.6,Yes,No,61.3,86.6,NotPlaced
STU07455,6.55,3,2,1,65,4.6,No,Yes,91.8,68.2,Placed
STU08277,9.71,1,3,1,67.4,4.2,No,No,79,69.4,Placed
STU06814,5.6,0,1,1,65.2,2.9,No,No,62.9,70.8,NotPlaced
STU05816,8.12,1,1,2,61.9,3.7,No,No,77.2,57.5,NotPlaced
STU02540,7.55,2,1,1,70.8,2.9,Yes,Yes,70.1,64.1,Placed
STU00332,6.69,0,1,1,56,3.9,No,Yes,72.9,60.5,NotPlaced
STU02995,6.64,1,3,1,69.8,3.3,Yes,Yes,81.1,75.2,Placed
STU02840,7.36,1,0,0,79.3,3.4,No,No,59.8,75.3,NotPlaced
STU09930,7.99,2,2,1,68.4,3.2,No,Yes,65.6,86.9,Placed
STU00569,5.82,0,2,1,86,3.4,Yes,No,72.9,77.4,NotPlaced
STU00924,6.87,1,2,1,58.6,4.3,No,Yes,74,65.5,Placed
STU07802,6.89,0,3,2,88.6,3.7,No,Yes,84.8,75.4,Placed
STU02264,6.54,1,3,2,74.6,3.2,No,Yes,77,61.2,Placed
STU08358,6.7,2,3,1,68,3.4,No,Yes,79.8,93.8,Placed
STU01421,7.98,0,1,0,88.6,2.4,Yes,Yes,67.4,72.9,NotPlaced
STU06670,8.13,1,1,0,80,3.7,Yes,Yes,54.4,77.8,Placed
STU09029,7.77,1,1,1,51,3,No,Yes,79.7,67.6,Placed
STU03507,7.79,3,2,1,80.9,3.1,Yes,No,92.8,62.8,Placed
STU03006,6.3,2,2,2,75.6,4.5,No,No,74.2,71.9,Placed
STU05445,8.18,0,2,1,61.7,3.6,No,Yes,98.4,66.1,NotPlaced
STU07490,8.23,1,1,1,95.3,3.2,Yes,No,85.2,65.8,Placed
STU04876,6.59,3,2,0,59.4,4,No,Yes,67.3,72.6,Placed
STU04073,6.12,1,2,1,88.6,4.4,Yes,No,85.1,59.3,NotPlaced
STU08824,6.92,2,2,1,64.2,4.2,Yes,Yes,79,77.1,Placed
STU03592,8.04,1,2,2,83,1.7,No,No,85.5,62.4,NotPlaced
STU01964,8.08,2,3,2,84.9,4.1,No,Yes,85.8,61.1,Placed
STU05730,7.45,1,4,3,79.8,5,Yes,Yes,80.9,66.6,Placed
STU01559,8.84,1,2,2,56.7,2.3,Yes,No,65.6,57.3,Placed
STU04074,7.37,2,0,2,86.3,3.9,Yes,No,91.6,76.1,NotPlaced
STU08102,6.89,0,2,1,55.2,3.1,No,No,57.9,76.1,NotPlaced
STU00942,8.29,1,2,1,59.3,3.6,Yes,No,69.9,56.5,Placed
STU01206,7.54,2,2,1,60.9,3.8,Yes,No,77.3,73.6,Placed
STU02940,7.15,1,2,1,71,4,Yes,Yes,69.8,77.2,Placed
STU06944,8.36,0,2,2,72.6,3.2,Yes,Yes,80.1,60.9,Placed
STU03140,7.26,2,1,1,73.4,2.2,Yes,Yes,64.3,52.4,Placed
STU04885,8.07,1,3,2,67.8,3.5,Yes,Yes,82.5,66.6,Placed
STU09362,8.77,3,4,1,84.4,3.5,No,Yes,64.8,68.1,Placed
STU08239,8.95,2,1,1,67.1,2.8,No,No,64.6,71.9,Placed
STU00616,7.62,0,1,2,66.8,3,Yes,No,59.7,75.7,NotPlaced
STU04124,7.69,0,2,0,80.6,4.9,No,No,64.9,69.6,NotPlaced
STU04459,6.1,0,2,2,80.5,2.6,No,Yes,70.3,71.1,NotPlaced
STU00973,8.26,1,1,0,71.5,2.4,Yes,Yes,66.5,52.4,NotPlaced
STU00175,7.75,1,2,2,81.6,3.8,No,Yes,70.8,83.4,Placed
STU00384,7.03,1,1,0,54.7,4.7,No,Yes,61.9,84.5,NotPlaced
STU05502,7.98,0,0,0,73.4,3.9,Yes,Yes,65,89.6,NotPlaced
STU01491,7,2,3,0,78.5,3.1,No,No,84.8,66.5,Placed
STU02681,8.11,0,1,0,53.6,3.7,No,Yes,62.6,70.9,NotPlaced
STU04980,5.5,1,0,3,80.9,4.1,No,Yes,96.2,62.3,NotPlaced
STU04735,7.76,0,2,1,68.9,3.3,Yes,No,87.7,65.3,NotPlaced
STU03253,8.07,2,2,1,69.6,2.2,Yes,Yes,78.2,52.1,Placed
STU09268,5.77,0,3,2,64.1,4.2,No,Yes,82,87.4,NotPlaced
STU09985,6.43,1,2,0,50.9,5,No,No,59.5,95.1,NotPlaced
STU02107,6.69,2,0,0,56.1,2.4,Yes,No,57.2,46.8,NotPlaced
STU06706,6.45,1,0,1,77.3,3.1,Yes,No,83.5,63.8,NotPlaced
STU08710,6.71,1,0,2,84.7,4.2,Yes,No,80,60.3,NotPlaced
STU04889,7.7,1,2,1,66.5,3.2,No,No,84.3,65.8,Placed
STU03479,8.54,2,1,1,61.7,3.4,Yes,No,100,67.6,Placed
STU08705,9.07,0,1,1,67.5,3.1,Yes,Yes,81.5,86.8,NotPlaced
STU04085,8.68,0,1,1,80.8,3.9,Yes,No,91.5,75.9,NotPlaced
STU04190,7.44,0,2,1,64.3,3.2,Yes,Yes,74.4,72.9,NotPlaced
STU08041,7.32,1,2,1,95.2,3.5,Yes,Yes,80.8,92.2,Placed
STU03525,6.98,2,3,1,75.4,2.5,Yes,No,80.9,66.2,Placed
STU05176,9.12,1,2,2,76.7,5,Yes,Yes,80.5,83.3,Placed
STU03905,8.95,2,3,2,74.5,4.8,Yes,No,88.6,81.7,Placed
STU08116,7.36,2,0,1,54.5,4,Yes,No,55.2,53.6,NotPlaced
STU06584,6.11,1,3,2,77.1,4,No,Yes,69.2,90,Placed
STU09331,8.77,2,1,2,73.6,4.5,No,Yes,92,83.6,Placed
STU03054,6.79,0,1,2,79.5,3,Yes,No,68.3,72.3,NotPlaced
STU01247,7.53,1,1,0,73.7,3.4,Yes,No,50.4,65.1,NotPlaced
STU09608,7.89,1,0,0,81.6,2.6,Yes,Yes,47.7,97.4,NotPlaced
STU07835,7.7,0,0,1,80.4,3.6,Yes,Yes,56,80.2,NotPlaced
STU06469,7.98,0,3,2,82.7,3.8,Yes,No,85.1,65.3,Placed
STU02703,9.31,0,2,2,87.4,3.4,No,No,85.3,85.9,Placed
STU02382,6.64,1,2,1,83.7,4.2,Yes,No,77.9,73.5,Placed
STU03162,7.91,0,1,0,75.9,2.4,Yes,No,67.1,49.9,NotPlaced
STU01221,6.43,0,2,1,64.4,4,No,Yes,61,76.4,NotPlaced
STU07197,7.91,2,4,3,69.7,3.9,No,Yes,71,74,Placed
STU04537,7.7,0,0,1,68.5,4.3,Yes,Yes,94.9,87.6,NotPlaced
STU07535,7.02,1,3,3,66.9,1.4,Yes,Yes,83.3,55.4,Placed
STU07039,5.44,1,2,0,82.6,4.6,Yes,No,67.5,81.6,NotPlaced
STU01813,8.95,0,3,0,76,3.4,No,No,75.3,78.3,NotPlaced
STU04403,6.71,1,3,1,71.9,3.6,Yes,No,81.3,63.4,NotPlaced
STU09684,6.8,2,3,1,80.8,4,No,Yes,81,85.3,Placed
STU01498,8.59,1,0,1,74.6,2.3,Yes,Yes,68.6,70.5,NotPlaced
STU07460,6.29,0,1,1,52.5,2.8,Yes,Yes,79.8,79.6,NotPlaced
STU05185,8.44,1,2,1,76.9,3.2,No,Yes,80.7,56.1,Placed
STU04843,8.12,0,1,2,81.7,3.2,Yes,Yes,64,78.5,NotPlaced
STU04278,6.63,0,1,1,86.1,1.7,Yes,Yes,72.4,72.7,NotPlaced
STU04027,6.8,2,1,1,73.1,2.9,Yes,No,64.4,52.9,NotPlaced
STU03455,5,0,2,3,89.2,3.2,Yes,No,84.2,100,NotPlaced
STU03357,7.57,2,1,2,53.5,2.5,Yes,No,73.8,82,Placed
STU00589,8.25,0,1,3,60.2,2.6,No,No,70,76.5,NotPlaced
STU04971,8.88,1,3,1,66.6,5,Yes,No,60.3,53.3,Placed
STU01687,7.08,0,1,1,71.3,2.8,Yes,Yes,55.9,51.1,NotPlaced
STU05501,8.13,0,3,1,62.9,4.3,No,No,70.2,57.2,Placed
STU04156,7.3,0,0,2,75.4,3.1,Yes,Yes,58,55.3,NotPlaced
STU02688,6.12,2,0,0,64.3,3.4,Yes,Yes,59,63.8,NotPlaced
STU09753,6.53,0,2,2,69.9,2.3,No,Yes,79,71.6,NotPlaced
STU05635,6.8,0,1,0,62.9,4,Yes,Yes,62.9,82.8,NotPlaced
STU00964,8.14,0,1,0,73.6,3.6,Yes,No,81.6,49.5,NotPlaced
STU08216,7.72,1,1,0,82.2,5,No,Yes,85,90.5,Placed
STU06249,5.98,1,1,1,64.5,3.6,Yes,Yes,77.2,85.1,NotPlaced
STU09640,7.28,0,4,1,80.9,3.5,No,No,68,76.1,NotPlaced
STU08993,7.36,0,1,2,64,3.4,Yes,Yes,92.8,58.4,NotPlaced
STU05459,6.57,1,0,0,68.1,3.1,Yes,Yes,74,68.8,NotPlaced
STU00257,8.64,1,1,0,68.4,2.1,Yes,Yes,74.8,54.7,Placed
STU04082,6.87,0,0,3,63.9,3.5,Yes,Yes,79.7,61.8,Placed
STU03435,9.55,1,2,3,87.4,3.6,Yes,Yes,71.6,74.2,Placed
STU02432,6.58,0,3,0,79.4,3.3,No,Yes,64,80.8,NotPlaced
STU04754,7.13,0,2,3,68.7,3.5,No,No,70,87.6,NotPlaced
STU01819,7.31,0,1,1,60.9,2.3,Yes,No,72,74.9,NotPlaced
STU00560,7.12,1,0,2,77.4,3.6,Yes,Yes,97.9,80.1,Placed
STU01324,7.94,1,2,1,57.7,3.9,Yes,No,85.3,61.7,Placed
STU06021,7.72,1,2,2,75.1,4.2,No,No,87.7,69.7,Placed
STU04505,7.31,0,1,1,50.8,3.5,No,No,62.2,61,NotPlaced
STU05382,6.94,2,2,1,62.6,3.2,No,No,67.1,43.8,Placed
STU05048,7.48,1,1,0,64.1,4.5,Yes,No,79,63.7,NotPlaced
STU08967,7.17,0,3,1,62.9,5,No,Yes,69.3,42.6,Placed
STU08776,6.26,1,2,1,91,4.3,No,Yes,74.3,85.8,Placed
STU08144,7.08,1,3,2,96.2,3.7,Yes,No,70.5,71.1,Placed
STU00299,8.23,1,3,1,52.3,2.9,Yes,Yes,80.1,73.4,Placed
STU00525,6.81,0,1,1,65.5,3.6,Yes,Yes,74.8,75.1,NotPlaced
STU05857,5.5,1,1,2,77.1,2.7,No,No,66.2,60.4,NotPlaced
STU09454,7.71,0,1,1,67.6,2.2,Yes,Yes,71.9,70.8,NotPlaced
STU08575,7.37,0,0,3,63.1,4.3,Yes,Yes,65.7,84.8,NotPlaced
STU09346,7.35,0,2,1,74,5,No,No,88.9,51.4,NotPlaced
STU05866,6.96,1,3,0,74.2,3.3,Yes,No,69,64.8,Placed
STU07813,7.64,2,3,0,66.4,3.7,No,No,95.8,81.1,Placed
STU09858,7.15,0,3,1,50.3,3.1,Yes,Yes,79.5,66.4,Placed
STU00170,6.82,1,1,2,81.9,3.9,Yes,Yes,71.6,56.4,Placed
STU01216,8.62,0,3,0,74.7,4.3,No,Yes,77.6,73.8,NotPlaced
STU05010,7.37,0,2,1,80.8,3.8,Yes,Yes,72.7,50.6,Placed
STU00200,6.47,0,2,2,67.6,4.7,No,No,90.2,48,NotPlaced
STU03739,7.17,0,2,0,71.9,3.9,Yes,Yes,59.3,78.5,NotPlaced
STU05184,7.83,3,2,1,70,4,Yes,No,84.8,75.8,Placed
STU01279,7.67,0,2,1,67.4,4.2,No,No,60.9,64.4,NotPlaced
STU06658,8.88,2,1,2,70.8,3,No,No,51.5,64.2,Placed
STU02470,7.31,0,4,1,58.3,3.1,Yes,Yes,59.4,69.4,NotPlaced
STU02260,7.68,1,2,1,64.2,3.4,Yes,No,79.1,93.9,Placed
STU08307,6.22,0,2,3,75.8,4.3,Yes,Yes,68.3,85.5,Placed
STU06751,8.3,0,0,0,71.7,3.5,Yes,Yes,56.1,52.2,NotPlaced
STU01977,8.51,2,1,3,80.5,4.3,Yes,Yes,68.4,73.5,Placed
STU09773,6.22,1,1,0,87.1,3.3,Yes,Yes,82.3,56.4,Placed
STU03161,6.95,0,1,1,74.7,3.2,Yes,Yes,53.4,75.4,Placed
STU03036,7.9,0,2,1,78.1,3.6,Yes,Yes,78.4,60.5,Placed
STU02596,5.48,1,2,1,80.4,3.4,Yes,Yes,61.9,88.7,NotPlaced
STU08765,7.44,1,0,1,54.6,3.8,No,No,98.3,60.4,NotPlaced
STU05266,6.76,0,3,1,86.2,2.4,No,No,63.1,59.8,NotPlaced
STU05578,7.67,1,4,2,60.7,3.4,No,Yes,53.6,73.4,Placed
STU03298,6.65,1,3,0,70.7,3.8,Yes,No,67.1,64.6,Placed
STU02723,6.55,0,1,3,78.3,3.6,Yes,No,88,69.8,NotPlaced
STU02640,7.86,2,3,2,57.5,1.7,No,No,60.4,58.1,Placed
STU03957,7.42,1,2,1,40.2,3.9,No,No,67,99.7,NotPlaced
STU00139,8.23,0,2,1,62.6,2.7,Yes,Yes,75.9,80.5,NotPlaced
STU07465,9.4,2,3,3,56.3,4.8,Yes,No,58.2,75.1,Placed
STU04003,7.52,1,0,0,56.8,3.6,Yes,Yes,100,57.7,NotPlaced
STU02115,8.17,2,2,1,61.9,4.3,No,Yes,95.9,66.6,Placed
STU02291,9.07,1,2,1,70.1,2.8,Yes,Yes,74.1,66.1,Placed
STU05833,6.51,1,2,2,67.8,3.5,No,Yes,64,60.3,Placed
STU05878,7.84,1,1,2,87.5,3.3,No,Yes,62.7,89.2,Placed
STU09513,8.38,2,2,2,72.5,3,Yes,No,98.1,81.1,Placed
STU00096,6.18,1,3,2,78,3.5,Yes,No,68,60.7,Placed
STU05782,6.88,1,2,1,68.7,4.4,Yes,No,72.2,65.6,Placed
STU07158,6.8,1,1,3,80.6,4.4,No,Yes,51,50.7,Placed
STU04522,8.47,0,3,2,91.7,3.2,Yes,No,77.2,75.8,Placed
STU08900,8.06,0,2,2,60.2,3.6,No,Yes,61.2,59.9,NotPlaced
STU05877,6.04,1,0,0,60.2,3.8,Yes,No,82.7,71.6,NotPlaced
STU00907,6.28,1,3,2,83.5,3.3,Yes,No,77.8,57.6,Placed
STU01990,7.89,1,2,2,59.3,5,No,No,78.9,68,Placed
STU07978,8.15,2,1,2,69,3.8,Yes,No,72.3,48.4,Placed
STU08049,6.34,0,1,1,69.7,3.5,No,Yes,81.9,79.6,NotPlaced
STU02820,5.77,0,2,1,62.1,3.2,No,Yes,69.4,62.2,NotPlaced
STU02702,8.48,1,3,2,82.3,4,Yes,Yes,67,90.1,Placed
STU08184,7.63,1,0,1,74.1,3,No,Yes,75.8,81.6,Placed
STU03051,6.27,1,1,3,86.7,3.6,No,Yes,61.4,58.1,Placed
STU02770,7.32,0,1,1,65.4,3.1,Yes,Yes,66.2,60.8,NotPlaced
STU04828,8.22,1,3,1,70.1,2.5,No,Yes,57.2,86.4,Placed
STU03103,8.98,1,1,2,78.5,2.4,Yes,No,71.8,49.3,Placed
STU05988,7.54,1,3,2,82.2,3.8,Yes,No,75.6,64.8,Placed
STU05244,8.09,0,1,0,75.7,1.4,No,No,62.2,78.7,NotPlaced
STU06122,7.63,1,3,0,54.5,3.9,Yes,No,83.6,76.6,NotPlaced
STU05642,7,0,3,1,60.3,4.1,Yes,Yes,85.2,85.1,Placed
STU02777,7.27,1,4,2,68.2,3.6,Yes,No,41.2,79.1,Placed
STU04292,7.11,2,1,2,81.5,3.2,Yes,No,65.4,74,Placed
STU07632,6.73,0,2,0,57.4,3.5,Yes,No,52,68.7,NotPlaced
STU06260,7.2,1,1,0,73.7,3.9,Yes,Yes,60.6,55.5,Placed
STU06155,8.15,1,1,2,76.5,3.5,Yes,Yes,60.9,55.5,Placed
STU08423,6.96,1,1,1,73.1,3,Yes,Yes,82.4,65,NotPlaced
STU03363,5.89,1,2,3,57.7,3.6,Yes,Yes,82.8,90.9,Placed
STU09133,7.72,1,2,1,82.7,2.8,Yes,Yes,58,79.4,Placed
STU03568,8.47,1,3,2,74.3,2.9,No,No,71.5,61.4,Placed
STU02295,6.75,2,2,2,77,4,Yes,No,45.5,65.4,Placed
STU08228,9.47,0,3,2,79.8,5,Yes,No,60.1,70.3,Placed
STU02346,8.49,1,0,1,63.6,2.3,Yes,Yes,90.8,63.3,NotPlaced
STU03418,7.69,2,1,1,73,3.3,No,Yes,74.6,68.3,Placed
STU03872,7.64,2,1,0,75.9,3,Yes,No,74.3,77.5,Placed
STU07753,8.23,1,3,2,72.9,3.9,No,Yes,76.7,69.1,Placed
STU05961,6.77,3,3,2,74.8,3.3,Yes,Yes,75.9,56.9,Placed
STU08230,8.16,0,0,3,79.4,4.3,Yes,Yes,70.8,60.6,NotPlaced
STU05707,8.38,0,1,0,70,3.9,Yes,Yes,73.7,56.9,NotPlaced
STU05599,7.6,1,2,2,69.8,3.9,Yes,No,71.2,77.5,Placed
STU03290,7.24,1,2,1,87.2,4.2,Yes,Yes,70.7,73.2,Placed
STU02343,7.94,0,3,1,79.3,2.3,Yes,No,73.2,84.7,Placed
STU00162,8.21,0,2,1,76.8,3.7,Yes,Yes,76.2,63.5,Placed
STU02415,8.42,1,2,2,59.2,3.9,Yes,Yes,76,65.4,Placed
STU07967,8.43,0,2,0,48.5,4.4,Yes,Yes,54.8,62,NotPlaced
STU06107,9.6,1,1,1,70,3.3,Yes,No,78,86.5,Placed
STU08918,7.04,0,0,0,75.7,4.3,Yes,Yes,74.4,89.6,NotPlaced
STU01702,7.94,2,2,2,56,5,No,Yes,50.1,74.9,Placed
STU07454,8.42,3,1,0,58.5,3.9,No,Yes,77.3,100,Placed
STU07315,6.49,2,3,2,88.1,4.1,Yes,Yes,71.7,69.8,Placed
STU03261,7.29,1,2,2,87.6,3.5,Yes,No,85.9,100,Placed
STU04419,7.18,2,3,0,76.8,2.4,Yes,Yes,73.3,71,Placed
STU02088,7.37,2,2,2,84.6,5,Yes,Yes,46.4,74.9,Placed
STU06110,6.85,2,1,1,80.9,2,No,No,70.7,74.9,NotPlaced
STU09771,5,1,4,0,76.1,4.6,No,No,93.4,100,NotPlaced
STU03243,6,2,2,1,77.1,3.9,No,No,79.9,50,Placed
STU03589,8.62,1,4,1,62.7,4.3,Yes,Yes,56,75.7,Placed
STU01090,7.32,2,0,1,64.1,5,Yes,No,88.7,67.7,Placed
STU05725,7.1,0,3,0,62.1,4.3,No,No,61.5,88.9,NotPlaced
STU01737,6.55,1,3,1,62.9,2.5,Yes,Yes,73,71.4,Placed
STU01814,8.31,1,1,1,62,4.8,Yes,No,96.7,53.4,Placed
STU07244,6.92,0,1,1,79.7,3,Yes,No,69.2,69,NotPlaced
STU04390,8.03,2,2,1,80.2,2.4,No,Yes,75.5,79.5,Placed
STU06477,8.43,0,2,1,69.3,2,No,Yes,74.1,53.4,Placed
STU09876,7.48,2,1,2,72.2,3.9,No,No,67.6,62.6,Placed
STU05624,7.93,1,1,1,56.9,4.2,Yes,No,66.1,72.4,NotPlaced
STU04761,6.36,3,3,0,68,3.2,Yes,Yes,72.4,72.5,Placed
STU04918,7.16,0,2,1,76.4,4.6,No,Yes,75.1,73.2,Placed
STU09258,6.51,0,2,2,60.3,3,No,No,69.9,73.2,NotPlaced
STU09583,6.12,2,0,2,76.7,3.4,Yes,Yes,69.6,93.7,Placed
STU05574,7.16,1,0,0,79.4,3.4,Yes,No,77.9,44.4,NotPlaced
STU07362,8.1,0,1,1,66.1,3.7,Yes,Yes,62.3,60.5,NotPlaced
STU02456,8.84,1,3,1,85,3.1,Yes,No,63.8,52.6,Placed
STU02168,6.37,1,1,1,77.6,4.2,Yes,Yes,53.3,71.5,NotPlaced
STU00288,8.03,1,2,2,70.5,4.4,No,Yes,72.4,80.6,Placed
STU01336,7.2,1,3,2,60.9,3.5,No,Yes,72.2,80.1,Placed
STU01595,5.37,1,2,1,61.3,2.4,No,Yes,67.3,63.4,NotPlaced
STU04732,7.46,3,2,2,73.6,4,No,Yes,73.4,51.3,Placed
STU04489,8.29,2,2,2,77.7,3.7,Yes,No,68.9,66,Placed
STU08514,7.93,2,2,1,73.8,3.2,Yes,No,61,82.9,Placed
STU00235,9.43,0,3,1,79.7,4.5,No,Yes,56.1,53.7,Placed
STU02801,7.67,1,3,2,59.7,4.1,Yes,No,82.5,64,Placed
STU08284,5,3,1,3,76.7,3.7,No,No,67.2,63.5,Placed
STU08291,7.42,1,2,1,88.2,4,Yes,No,86.6,76.6,Placed
STU04399,8.47,1,2,0,71.6,4.2,Yes,Yes,76.8,67,Placed
STU05318,7.3,1,2,3,54.8,3,Yes,Yes,63.2,65.1,Placed
STU03852,7.94,0,1,0,81.1,4.3,Yes,Yes,84.1,66.8,Placed
STU09373,6.97,1,0,1,71.8,3,No,Yes,71.6,69.4,NotPlaced
STU00629,7.55,3,2,1,67.3,3.9,Yes,No,65.4,64.2,Placed
STU03538,6.77,0,2,2,69.6,5,Yes,Yes,42.1,77,Placed
STU08938,9.52,2,3,2,82.8,4.2,Yes,Yes,74.3,65.8,Placed
STU06451,7.25,1,1,2,61.6,3.3,No,Yes,82.6,85.4,NotPlaced
STU02042,7.13,0,3,0,59,3.3,No,Yes,73.4,64.6,NotPlaced
STU03470,7.3,1,2,2,52.1,5,No,No,73.1,83.2,NotPlaced
STU09990,6.81,1,2,1,66.1,2.6,No,No,85.7,81.6,NotPlaced
STU09083,7.37,0,1,0,86.6,4.7,Yes,Yes,52.2,73,NotPlaced
STU02236,8.16,0,1,3,70.8,3.3,Yes,Yes,68.2,76,Placed
STU07677,7.31,2,2,1,71,2.1,No,No,68.4,68.6,Placed
STU00027,6.46,1,2,2,61.3,3.8,No,Yes,68.6,63.5,NotPlaced
STU08010,8.43,0,2,2,63.5,3.6,Yes,No,62,55,NotPlaced
STU08829,7.96,0,2,1,90.9,3.3,No,Yes,66.5,62.1,NotPlaced
STU02304,7.73,1,0,1,71.2,5,Yes,Yes,91,99.7,Placed
STU06429,8.72,1,3,3,99.1,5,Yes,Yes,75.6,56.2,Placed
STU08732,7.38,1,4,0,64.4,3.4,Yes,No,76.8,55.4,Placed
STU09635,7.44,1,3,2,79.7,2.7,Yes,No,88.1,67.9,NotPlaced
STU08666,8.27,1,1,3,53.7,4.2,No,Yes,81.9,61.8,Placed
STU06135,6.78,1,3,1,78.5,2.7,No,Yes,81.7,66.1,Placed
STU02912,7.82,2,4,1,95.6,2.6,Yes,Yes,88,82.2,Placed
STU06623,7.83,1,0,2,55.6,3,Yes,Yes,81.6,75.3,NotPlaced
STU05385,8.26,2,1,1,79.4,5,No,No,83.7,48.2,Placed
STU01613,8.29,2,0,1,49,3.3,Yes,Yes,63.1,56.2,Placed
STU08483,9.22,1,2,2,75.5,4,Yes,No,73.4,75.5,Placed
STU00298,7.78,0,1,2,67.1,3.8,No,Yes,64.7,67.4,NotPlaced
STU03081,8.58,0,4,1,65.1,2.6,Yes,Yes,47.5,68.6,Placed
STU06231,7.76,0,1,1,72.3,3.4,Yes,No,72.9,79.3,NotPlaced
STU07594,7.41,2,2,2,58.6,2.6,Yes,Yes,94.6,85.5,Placed
STU00408,7.37,1,2,1,75.9,4.2,No,Yes,78.6,47.4,Placed
STU01504,7.5,0,2,1,78.3,4,Yes,Yes,67.9,83,NotPlaced
STU09424,7.6,2,3,3,83.6,4.1,No,Yes,82.4,67.7,Placed
STU01101,8.4,2,3,2,69.1,2.2,Yes,No,66.7,76.2,Placed
STU07014,8.16,0,1,0,65.6,2.4,Yes,No,75.4,70.7,NotPlaced
STU06316,8.14,1,0,1,77.8,3.4,No,No,64.2,67.7,NotPlaced
STU08479,9.49,1,3,1,69.3,1.8,Yes,Yes,73.9,76.5,Placed
STU08716,8.01,1,1,0,60.6,2.9,Yes,No,64.5,90.6,NotPlaced
STU04233,6.95,0,2,2,73.4,4.1,Yes,Yes,72.9,58.6,NotPlaced
STU08244,8.7,3,2,3,76.3,4.6,Yes,Yes,74.7,40,Placed
STU04333,8.18,2,3,1,55.3,4.6,Yes,Yes,60.1,72.3,Placed
STU04261,8.4,0,1,2,59.8,4.2,No,No,68.9,76.7,NotPlaced
STU02296,7.97,0,3,3,72,3.7,No,No,63.2,69.4,Placed
STU04482,7.76,0,2,1,66.6,3.1,Yes,No,77.9,73.8,NotPlaced
STU01487,6.22,2,3,1,53,3.9,No,Yes,68.8,73.4,Placed
STU06129,6.77,1,1,1,74.1,3.7,Yes,Yes,96.9,81.8,NotPlaced
STU01939,8.48,2,2,1,77.7,3.6,Yes,Yes,70,64.5,Placed
STU05134,7.91,2,3,1,85.7,2,No,No,87.2,58.1,Placed
STU02922,8.17,0,2,1,67.8,3,No,Yes,65.9,76.7,NotPlaced
STU06594,6.94,3,1,2,77.6,3.9,Yes,No,77.6,58.6,Placed
STU05274,8.13,1,2,1,57.3,3.8,No,Yes,63.7,78.7,Placed
STU00934,5.52,0,1,2,62.4,3.5,No,Yes,81,62.1,NotPlaced
STU06492,6.68,0,2,1,69.4,2.3,No,Yes,93.8,73.3,NotPlaced
STU03781,7.36,2,1,1,77.7,4.4,Yes,Yes,82.8,74.8,Placed
STU06012,7.9,2,1,1,73,3.1,No,No,87.6,89.9,Placed
STU06507,8.64,0,1,1,77.5,4.1,Yes,Yes,47.1,84.8,Placed
STU08066,7.58,1,2,0,77,4.3,Yes,Yes,62.1,66.9,Placed
STU00273,8.55,0,1,2,76.7,3.1,Yes,No,78.3,65.2,NotPlaced
STU03038,7.65,1,2,1,70.8,4.2,No,No,69.4,65.6,Placed
STU02969,5.86,1,3,0,81.6,2.4,Yes,Yes,87.3,75.2,Placed
STU09094,8.65,1,3,0,65.7,2,Yes,No,73,65,Placed
STU05276,8.21,1,1,1,61.9,4.5,Yes,Yes,62.7,64.6,Placed
STU09368,8.7,1,1,3,60.8,4,Yes,Yes,81.4,60.3,Placed
STU05784,9.39,1,1,1,55,3.7,Yes,Yes,76.8,47.7,Placed
STU06286,6.95,1,3,0,85.7,2.4,No,No,68.7,67.6,NotPlaced
STU02900,7.76,1,2,3,58.3,5,Yes,Yes,71.7,81.9,Placed
STU01349,6.27,2,1,2,72.2,3.6,Yes,No,84.7,65.5,Placed
STU04388,6.21,0,0,1,73.3,4.2,No,Yes,70.1,62.3,NotPlaced
STU00983,6.63,1,3,1,63,4.8,Yes,Yes,61.7,64.5,Placed
STU04348,6.08,3,1,1,64,3.7,Yes,Yes,76,77.6,Placed
STU03016,8.43,2,1,2,75.9,2.7,Yes,No,76.9,62,Placed
STU02720,7.61,0,2,1,84.4,4.3,Yes,No,63.2,89.8,Placed
STU04525,8.56,1,3,1,80.7,3.4,Yes,Yes,58.4,100,Placed
STU01530,6.49,2,2,3,57,2.9,No,Yes,72.7,70.8,Placed
STU09953,6.7,1,1,3,62.4,3.8,Yes,Yes,74.6,69,NotPlaced
STU04184,6.97,0,1,3,75.6,3.1,Yes,No,73,75.4,NotPlaced
STU00056,8.34,2,1,2,42.5,4.1,Yes,Yes,75.7,65.2,Placed
STU09915,8.09,0,1,3,77.1,3.7,No,No,66.2,68.1,NotPlaced
STU03380,6.84,0,2,0,63.3,3.4,Yes,Yes,68.7,56.4,NotPlaced
STU07616,6.53,0,2,0,73.5,3.4,No,No,75.4,63,NotPlaced
STU06186,6.83,1,1,2,58.7,3.6,No,Yes,62.1,75.5,NotPlaced
STU04569,8.81,0,3,0,75.3,3.3,Yes,No,60.9,94.1,Placed
STU00377,8.29,1,2,2,60.5,4.1,Yes,Yes,78.2,83.6,Placed
STU06368,5.43,1,2,1,63.8,4.9,No,Yes,70.6,45.5,Placed
STU01107,8.05,2,2,0,80.3,4.2,Yes,No,63.3,90.5,Placed
STU07939,8.85,0,3,1,64.5,3,Yes,No,86.2,73,Placed
STU04132,7.5,2,1,0,72.5,3.1,Yes,Yes,71.1,75.5,Placed
STU01400,6.91,1,1,2,75.2,4.2,Yes,Yes,67.9,73.9,Placed
STU09363,7.47,0,2,3,66.9,2.6,No,No,68.6,85.5,NotPlaced
STU05799,7.96,1,2,1,69.4,3.7,Yes,Yes,79.4,71.1,Placed
STU08649,7.72,0,2,3,80.3,4.2,No,No,66.1,82.6,Placed
STU01297,8.33,2,3,3,71.9,3.3,No,No,80.6,64.5,Placed
STU04529,7.45,0,3,1,86.5,3.1,No,No,66.5,83.6,NotPlaced
STU06839,6.98,2,2,2,80.2,3.6,Yes,No,64.8,52.4,Placed
STU08546,9.23,2,1,0,79.5,2,Yes,No,78.6,64.9,Placed
STU00815,8.43,1,2,0,75.1,3.5,No,No,62.6,85.7,Placed
STU06149,6.17,0,1,2,81.2,2.8,No,Yes,88.6,76.3,NotPlaced
STU02224,7.34,1,2,1,72.5,5,Yes,Yes,76.7,86.6,Placed
STU07829,7.67,1,2,2,69.2,3.5,Yes,No,78.9,40,Placed
STU04476,7.96,1,2,2,67.3,3.9,Yes,No,70.4,81.3,NotPlaced
STU02883,6.95,1,1,1,72.8,2.7,No,Yes,86.5,63.7,Placed
STU01880,6.77,1,2,2,65.3,3.9,Yes,Yes,58.2,57.5,Placed
STU09944,9.15,1,2,2,68.9,3.2,Yes,No,74.5,82.9,Placed
STU08971,7.15,2,2,2,78.5,3.3,No,No,83.2,56,Placed
STU02406,8.71,0,1,2,53.4,4.4,Yes,No,59.7,71.6,NotPlaced
STU04556,7.23,1,1,2,71,4,Yes,No,56.2,65.3,NotPlaced
STU02020,6.38,2,3,1,73.7,3.1,Yes,Yes,76.7,55,Placed
STU03684,8.61,2,2,1,59.6,3.8,Yes,No,79.7,64.7,Placed
STU09764,7.79,1,2,0,40,4.1,No,No,86.5,91.5,NotPlaced
STU05752,6.39,3,2,3,86.8,4.1,No,Yes,94.4,74,Placed
STU03823,7.46,0,2,1,68.3,3.1,Yes,Yes,60.9,53.1,Placed
STU09682,6.25,2,1,0,70.4,4.9,Yes,No,71.3,68.8,Placed
STU08588,5.57,0,0,2,84.5,4.6,No,Yes,76.6,71.7,NotPlaced
STU08122,6.44,2,3,1,57.2,3.4,Yes,No,74.5,72,Placed
STU07897,8.7,1,1,1,94.9,2,No,No,72.6,78.1,Placed
STU09761,6.22,1,3,1,62.3,4.4,Yes,Yes,75.2,95.3,Placed
STU06454,6.94,0,0,1,72,4.4,Yes,Yes,61.3,72.6,NotPlaced
STU03518,7.88,1,1,2,63.9,3.1,No,Yes,72.2,80.9,NotPlaced
STU08804,8.07,0,2,1,68.7,3.2,Yes,No,76.8,62.9,NotPlaced
STU03402,8.01,0,3,1,52.4,3.1,No,Yes,74.3,79.9,NotPlaced
STU01875,8.68,0,0,3,59.4,4,Yes,Yes,65.4,82.5,NotPlaced
STU05164,7.51,0,1,0,66.2,4.6,Yes,Yes,73.6,82.7,NotPlaced
STU03202,7.88,1,4,2,50.2,3.1,Yes,Yes,75.9,63.7,Placed
STU00744,7.52,0,1,2,85.2,1.7,No,Yes,66.1,75.9,NotPlaced
STU06710,7.24,1,2,2,59,4.3,Yes,Yes,65.1,76.4,Placed
STU03409,7.3,0,2,1,70.9,4,Yes,Yes,87.4,71.6,NotPlaced
STU01477,7.39,1,1,2,76.9,4.1,Yes,Yes,76.7,88.4,Placed
STU02666,6.27,1,3,2,76.5,3.7,Yes,Yes,68.7,79.2,Placed
STU07892,8.45,0,2,0,84.4,3.7,Yes,Yes,78.7,65.6,NotPlaced
STU07209,6.36,0,3,0,71.5,3.3,No,No,66,82.7,NotPlaced
STU06114,6.71,0,3,3,66.7,3.5,Yes,No,71.9,68.6,NotPlaced
STU05033,8.16,2,2,0,64.9,3.2,Yes,No,90.4,61.2,Placed
STU09644,7.56,1,3,0,70.8,2.3,No,Yes,78,68.7,Placed
STU01104,7.37,2,1,1,45.6,3.1,Yes,No,83.7,40,Placed
STU04443,8,1,3,2,62.6,3.3,Yes,Yes,68.3,81.5,Placed
STU03426,8.46,1,4,0,64.2,3.3,No,Yes,67.2,59.3,Placed
STU00900,6.76,1,1,0,81.1,4.4,No,Yes,74.3,67.5,Placed
STU00485,6.82,0,2,1,67.5,4.8,No,Yes,59.5,80,NotPlaced
STU07420,7.28,0,2,0,88.9,2.7,Yes,No,61.7,70.6,NotPlaced
STU05549,7.06,1,1,2,76.4,3.4,No,No,72.3,70.3,NotPlaced
STU04782,7.76,1,1,0,52.5,4.3,No,Yes,81.3,69.6,NotPlaced
STU01671,7.28,1,2,1,69.6,3.7,No,Yes,72,93.6,Placed
STU03070,8.12,2,1,1,55,4.2,Yes,No,71.3,73.9,Placed
STU03190,9.15,1,1,1,69.7,4,Yes,Yes,89.2,75,Placed
STU04546,8.03,0,3,2,74.9,2.4,Yes,No,59.3,81.4,Placed
STU09533,6.13,0,3,3,62.7,3.8,Yes,No,65.6,77.1,Placed
STU08919,5.96,1,2,2,74.4,3.3,Yes,No,76.9,63.6,NotPlaced
STU08213,6.79,1,2,3,76.8,2.2,Yes,Yes,82,76,Placed
STU08987,6.89,2,2,1,90.6,2.1,No,Yes,70.3,59.2,Placed
STU01126,6.47,2,2,1,79,4.1,No,Yes,67.1,62.5,Placed
STU03406,5.22,2,2,2,85.6,2.4,Yes,Yes,73.8,66.9,Placed
STU05427,8.37,1,1,1,86.5,2.7,Yes,No,77.4,51.6,NotPlaced
STU04217,9.17,1,2,3,51,3.1,No,No,53.1,52.5,Placed
STU02889,7.15,2,2,1,81.6,4.5,Yes,No,65.8,91.5,Placed
STU03520,5.5,2,1,2,78.2,2.9,Yes,No,68.2,64.6,NotPlaced
STU03536,8.93,3,2,3,77,3.3,Yes,Yes,79.5,84.5,Placed
STU02947,7.58,2,1,3,75.4,4.7,No,Yes,65.2,81.6,Placed
STU02408,8.25,1,1,0,64.6,5,Yes,Yes,68,73.5,Placed
STU07848,7.56,1,1,2,76.8,2.5,Yes,No,67.4,85.2,Placed
STU07152,8.17,2,1,0,63.3,3.6,Yes,Yes,66.7,72.3,Placed
STU08622,8.12,0,1,3,60.7,4.5,No,No,62.8,78.3,NotPlaced
STU08053,7.12,2,2,0,61.1,4.7,Yes,No,66.7,58.2,Placed
STU06517,9.02,2,0,0,77.8,3.8,Yes,Yes,69.4,64,Placed
STU02459,7.95,1,3,2,77.2,3.5,Yes,Yes,75.4,84,Placed
STU01930,9.26,3,2,3,66.9,4.1,No,Yes,53.8,80.8,Placed
STU08563,8.34,1,2,1,55.4,3.5,Yes,No,85.3,86.6,NotPlaced
STU09770,5.9,3,4,0,69.3,3.9,Yes,No,81.1,74.1,Placed
STU02713,7.95,2,0,2,71.7,3.3,No,Yes,60.8,66,Placed
STU03121,7.06,1,3,1,65.8,3.4,Yes,Yes,44.7,45.5,NotPlaced
STU02417,8,0,2,0,77.5,3.8,Yes,No,66.3,80.6,NotPlaced
STU05174,6.6,0,3,3,71.4,4.3,No,No,57.6,60.5,NotPlaced
STU04485,7.47,3,1,2,80.9,3.9,No,No,64.2,70.9,Placed
STU04659,7.72,1,2,2,78.9,3.5,Yes,No,59.6,55.4,Placed
STU00673,7.19,2,0,1,75,3.7,Yes,Yes,62.8,73.4,Placed
STU07804,7.67,0,1,3,88.6,4.1,No,No,61.3,80.2,NotPlaced
STU03769,8.1,1,3,1,63.4,2.4,Yes,Yes,68.4,84,Placed
STU05952,7.52,0,3,1,65.5,3.5,Yes,No,77.5,73.5,NotPlaced
STU08597,7.11,1,2,1,90.6,3.5,Yes,No,64.6,73.5,Placed
STU08152,7.01,0,1,1,54.6,2.1,No,No,84,73.8,NotPlaced
STU02711,6.76,2,2,3,77.3,1.4,Yes,Yes,64.3,77.6,Placed
STU03703,6.68,1,0,0,59.5,2.9,Yes,No,55.9,83.5,NotPlaced
STU09539,6.34,1,3,1,72.5,3.5,Yes,Yes,76.6,61.3,Placed
STU07380,7.86,0,3,2,80.5,4.5,Yes,No,80.1,76.2,Placed
STU03196,5.81,0,1,2,78.3,3.3,No,No,58.5,75,NotPlaced
STU00159,6.43,2,2,2,75.8,3.1,No,No,75.5,70.9,NotPlaced
STU08628,8.36,0,1,2,84.3,3.6,Yes,No,77.6,75.8,Placed
STU07186,8.12,1,1,1,57.8,4.6,Yes,No,77,53.9,Placed
STU06435,7.62,1,3,1,62.2,1.5,No,Yes,76.7,65.8,Placed
STU01895,7.42,1,1,2,62.8,3.1,No,No,81.7,51.7,NotPlaced
STU08957,6.45,1,3,1,71.8,2.9,Yes,No,63.6,93.4,NotPlaced
STU07120,8.12,0,3,1,65.3,3.9,Yes,Yes,80.8,72.6,Placed
STU04632,7.01,2,0,1,69.8,2.9,Yes,Yes,70.3,57.1,Placed
STU04308,8.16,1,2,3,62.5,3.9,Yes,No,67.6,77.6,Placed
STU04983,7.76,1,2,1,58.7,3.6,No,Yes,75,67.1,Placed
STU08148,9,1,1,1,63.8,1.7,Yes,Yes,68.8,61,Placed
STU01210,9.07,1,2,0,68.3,3.7,Yes,Yes,51.9,97.8,Placed
STU09932,6.74,1,2,1,88.1,3.7,Yes,No,71.7,73.1,Placed
STU05506,8.26,0,4,0,75,3.4,No,No,68.5,81.7,NotPlaced
STU02243,9.28,0,2,2,63.1,2.6,Yes,Yes,78.2,60.4,Placed
STU01989,6.92,1,4,1,56.3,2.5,Yes,Yes,61.1,90.8,Placed
STU09906,6.37,1,1,2,70.1,3.9,Yes,No,72.2,66.7,NotPlaced
STU06034,6.7,2,0,2,70.8,3.4,No,No,49.3,78.8,NotPlaced
STU09140,8.22,1,3,1,84,3.6,Yes,Yes,69.9,86.3,Placed
STU07558,7.49,1,1,0,58.1,2.7,Yes,Yes,71.7,79.6,NotPlaced
STU10000,8.08,2,3,3,73.2,3.6,No,Yes,100,84.5,Placed
STU02190,8.03,1,1,1,75.1,4,No,Yes,83,56.3,NotPlaced
STU00920,7.67,0,3,3,76.3,3.1,No,Yes,74.8,81.4,Placed
STU03429,7.9,1,2,1,71.5,3.8,Yes,No,64,79,Placed
STU01951,5.9,2,1,2,81.7,3.7,Yes,No,64.2,65.1,Placed
STU07889,8.03,1,2,0,73.3,3.1,Yes,No,63.9,57.2,NotPlaced
STU03657,7.51,2,3,2,70.7,3.1,Yes,No,67.8,52.8,Placed
STU04770,8.22,1,3,1,64.2,4.6,Yes,No,89,54,Placed
STU03276,8.72,0,3,1,61.6,3.4,No,Yes,67.3,50.3,NotPlaced
STU03523,6.63,1,2,1,89.4,4,No,Yes,84.5,59,NotPlaced
STU06088,6.11,0,2,2,67.8,5,Yes,Yes,77.3,69.6,NotPlaced
STU08875,7.92,2,2,2,52.7,3.7,Yes,No,74.7,73.1,Placed
STU08949,7.8,1,2,2,61.4,3.7,No,No,74.8,65.1,Placed
STU05757,8.01,0,2,0,56,2.1,Yes,Yes,61.8,53.9,NotPlaced
STU03522,5.26,1,2,2,89.3,2.7,Yes,No,40,71.3,NotPlaced
STU01001,8.76,2,0,2,68.4,4.6,Yes,No,87.7,64,Placed
STU01606,6.64,1,1,2,77.5,3.5,Yes,Yes,53.1,70.9,Placed
STU07440,8.07,2,1,1,65.6,2,Yes,Yes,72.2,71.5,Placed
STU03460,6.45,1,0,0,57.3,4.5,No,Yes,65.6,68.1,NotPlaced
STU09249,8.7,1,1,2,75.4,4.8,No,Yes,59,71.9,Placed
STU05872,7.69,1,2,2,67.6,4.3,No,No,82.6,80.8,Placed
STU05024,6.06,0,3,2,57.1,3.6,Yes,Yes,84.6,66.2,NotPlaced
STU04607,7.19,0,1,1,62.2,4.4,Yes,Yes,100,82.5,NotPlaced
STU03063,7.42,2,2,1,66.6,2.8,Yes,Yes,82.1,77.4,Placed
STU07548,6.62,1,0,1,68.7,3.2,No,Yes,61.1,66,NotPlaced
STU01357,7.01,1,2,2,76,1.3,Yes,No,74.6,78.2,NotPlaced
STU04224,8.56,1,3,0,74.8,2.8,Yes,No,56.7,68.4,Placed
STU00302,7,0,2,2,82.1,3.3,No,Yes,100,70.8,NotPlaced
STU05112,9.79,1,0,2,80.6,2.8,No,Yes,93.9,70.4,Placed
STU08712,7.09,2,2,0,75.6,4.2,Yes,No,66.6,58.9,NotPlaced
STU01804,6.14,3,3,2,58.4,1.9,No,No,85.8,74.6,Placed
STU07005,8.14,1,1,1,69.8,3.2,Yes,No,98.8,69.5,NotPlaced
STU09425,8.28,1,3,2,59.7,3.9,Yes,Yes,81.9,79,Placed
STU09184,7.8,0,4,0,53.6,4.4,Yes,Yes,56.8,65.9,Placed
STU02403,7.01,2,1,2,84.3,3.7,No,Yes,53.6,73.1,Placed
STU00353,8.27,1,2,2,89.8,4.2,Yes,No,81.1,42.1,Placed
STU09898,7.26,2,1,2,66,3.9,No,No,80.7,85,Placed
STU05865,6.99,1,4,0,60.5,3.5,No,Yes,80.4,67.9,Placed
STU09866,7.47,1,4,1,59.9,3.3,No,No,76.3,58,NotPlaced
STU08425,8.05,0,2,1,78.1,4.3,Yes,No,58.3,52.6,NotPlaced
STU07472,7.22,1,2,2,64.8,3.6,No,No,46.1,75.7,Placed
STU02192,7.92,2,2,1,58.8,3.3,Yes,Yes,53.6,73.6,Placed
STU00534,6.41,1,2,0,79,3.8,Yes,No,55.5,71.1,Placed
STU04987,7.3,0,0,1,69,4.7,Yes,No,76.2,57.2,NotPlaced
STU08773,6.79,1,1,2,67.6,4,Yes,Yes,60.6,86.8,NotPlaced
STU06474,5.36,1,2,2,57.2,3.3,No,No,67.4,66.4,NotPlaced
STU06803,5.38,0,0,0,68.9,3.1,Yes,No,57.6,77.3,NotPlaced
STU03146,7.92,1,1,2,67.4,4.3,No,Yes,62.3,63,Placed
STU05293,6.15,0,2,2,68.1,3.1,Yes,Yes,54.3,90.4,NotPlaced
STU09460,7.32,3,1,2,75.6,3.7,Yes,No,91.7,71.6,Placed
STU00301,6.75,1,1,3,75,2.9,Yes,No,87.4,80.4,NotPlaced
STU09676,8.84,1,1,1,49.7,2.8,No,Yes,72.9,86.2,NotPlaced
STU00097,7.77,2,3,1,66.9,3.5,Yes,Yes,67,67.9,Placed
STU06810,6.33,0,2,0,60.2,5,No,Yes,72.4,69.8,NotPlaced
STU07565,7.83,2,3,0,73.8,3.4,Yes,No,100,60.9,Placed
STU05193,8,2,1,1,50.7,2.3,Yes,No,79,83.3,NotPlaced
STU08027,6.47,1,2,0,80.4,5,Yes,Yes,79.2,61.5,Placed
STU02300,6.15,1,1,2,72.5,2.5,No,No,67,65.5,NotPlaced
STU06281,7.6,1,0,1,78.8,3.2,Yes,Yes,89,74.4,NotPlaced
STU08591,8.81,1,1,2,82.1,3.1,Yes,Yes,89.3,59.7,Placed
STU06832,6.82,1,1,3,49.7,2.8,Yes,No,68.8,52.3,NotPlaced
STU06596,8.7,0,0,1,73.8,5,No,No,85.6,40,NotPlaced
STU09074,8.84,0,1,2,75.5,3.9,Yes,No,57,91.9,NotPlaced
STU07541,8.05,1,1,3,78.6,3.3,Yes,No,80.9,86.1,Placed
STU04091,6.51,1,3,1,60.7,5,Yes,No,79.7,70.6,NotPlaced
STU05050,7.33,1,0,1,76.1,4.4,Yes,No,69.2,85.5,NotPlaced
STU04515,7.34,1,0,3,79.9,4.7,No,No,61.8,80.6,NotPlaced
STU01657,7.65,3,3,1,61.5,3.5,Yes,Yes,68.4,68.8,Placed
STU03319,8.51,3,1,2,72,3,Yes,Yes,94.7,63.5,Placed
STU08441,6.78,0,2,0,67.4,4.8,Yes,No,51.8,59.6,NotPlaced
STU06544,7.34,1,4,1,78.5,4.2,No,Yes,65.2,65.1,Placed
STU04878,7.89,1,1,3,57.4,3,No,Yes,74.4,57.6,NotPlaced
STU09902,7.83,1,4,3,72.7,3.9,Yes,No,79,64.1,Placed
STU01569,6.09,2,3,1,79.9,3.8,No,Yes,81.3,78.2,Placed
STU08566,7.52,2,3,1,78.4,3.2,Yes,No,73.2,55.1,Placed
STU08991,8.94,3,1,1,98.4,4.1,Yes,Yes,63.1,79.2,Placed
STU02860,7.67,1,3,1,84.9,3.7,No,Yes,88.2,94.2,Placed
STU04448,7.59,1,2,0,58,3.7,No,No,53.4,62.5,NotPlaced
STU07441,9.09,1,2,3,66.3,3.4,No,Yes,55.5,62.8,Placed
STU09507,7.39,2,2,1,48,4.1,Yes,Yes,75.9,85.3,Placed
STU01359,6.17,1,4,0,75.4,4.4,Yes,No,72.7,73.4,Placed
STU08923,6.52,1,3,0,51.7,2.9,Yes,Yes,77.5,62.1,NotPlaced
STU01243,6.98,2,4,3,78.8,3,No,No,79.2,72.9,Placed
STU07220,5.93,1,2,0,79.3,3.8,No,Yes,76.8,85.2,NotPlaced
STU08125,7.2,1,2,2,74,3.8,Yes,Yes,83.3,74.5,Placed
STU05787,7.4,2,2,2,87.5,2.8,Yes,No,76.2,80.7,Placed
STU09474,7.04,0,3,1,77.9,5,No,Yes,86.3,54.5,Placed
STU05310,6.62,0,1,2,62.7,4.2,Yes,No,54,60.3,NotPlaced
STU01719,8.14,2,2,1,62.5,3.1,No,Yes,73.4,81.6,Placed
STU04802,7.45,1,1,1,57.7,3.6,Yes,Yes,86.1,74.7,NotPlaced
STU06391,5.75,0,1,0,67.9,2.1,Yes,Yes,63.3,93.7,NotPlaced
STU05631,6.83,0,1,2,77.1,4.5,No,No,83.2,79.1,NotPlaced
STU02847,6.97,1,1,1,68.4,3.8,No,Yes,80.7,68.3,Placed
STU04920,8.66,1,2,2,70.6,3.3,No,No,69,50.6,Placed
STU08371,7.15,2,3,2,65.7,3.4,No,No,77.4,69.8,Placed
STU05565,7.53,1,2,1,55.9,4.6,No,No,63.1,64.5,NotPlaced
STU07297,6.76,0,2,2,79.8,2.4,Yes,Yes,65.2,49,NotPlaced
STU08986,9,0,2,2,55,2.9,Yes,Yes,67.3,98.2,Placed
STU05442,6.93,0,0,1,73.6,3,Yes,Yes,60.6,73.6,NotPlaced
STU00891,8.24,0,2,3,85,3.5,No,No,94.2,55.3,Placed
STU01580,6.77,2,3,0,64.5,3.7,No,No,59.8,73.3,Placed
STU02018,5.7,0,1,1,74,1.8,No,No,72.3,60.6,NotPlaced
STU08396,8.31,1,2,0,59.5,4.3,Yes,Yes,100,61.7,Placed
STU00880,8.57,1,4,1,72.8,2.9,Yes,Yes,86.1,56.2,Placed
STU07705,6.81,2,3,1,76.4,2.9,Yes,No,75.2,80.7,Placed
STU08391,7.86,2,1,3,68.7,4,Yes,No,63.6,78.2,Placed
STU02735,9.29,2,0,0,63.9,3.4,Yes,No,98.8,72.2,Placed
STU00916,7.75,2,2,0,76.4,4.4,Yes,No,64.4,74.2,Placed
STU09003,7.95,1,1,1,80.1,2.5,No,Yes,62.9,76.3,Placed
STU08401,7.71,1,1,1,68.2,4.6,No,No,77.1,84.8,NotPlaced
STU02292,8.38,1,2,2,74.8,4.5,Yes,Yes,90.2,84.9,Placed
STU06947,5.85,1,1,2,53.9,2.9,Yes,Yes,81.8,78.2,NotPlaced
STU07300,8.51,0,3,1,85.4,3.6,No,No,68.6,59.2,Placed
STU00005,7.29,1,1,1,80.3,2.6,No,Yes,62.5,65.4,NotPlaced
STU09840,6.4,2,3,1,74.5,3.7,Yes,Yes,85.8,52.4,Placed
STU05609,8.31,0,2,2,81.4,4,Yes,No,62.1,85.8,Placed
STU07878,7.79,2,1,0,58.4,4.7,No,Yes,82.1,62.3,Placed
STU01458,7.84,1,2,1,61,3.8,Yes,Yes,66.7,40,Placed
STU06263,7.36,1,1,3,77.2,3.9,Yes,Yes,73.7,50.6,Placed
STU07815,7.61,2,3,1,84,3.8,No,Yes,48.5,62.6,Placed
STU08071,8.35,0,1,1,86.1,3.6,Yes,No,82.2,91.7,NotPlaced
STU09115,7.51,3,2,1,71.7,3.1,No,No,67.8,77.4,Placed
STU08297,9.28,2,1,1,60.6,3,No,No,68.4,87.2,Placed
STU02439,7.11,0,0,3,80.7,2,Yes,No,62.9,56,NotPlaced
STU08665,7.21,0,2,1,91.4,4.4,No,Yes,84,78.4,NotPlaced
STU06625,6.91,2,3,2,63.8,2.9,No,Yes,72.5,59.2,Placed
STU01103,9.38,1,1,2,64.4,4.2,Yes,No,51.2,68.1,Placed
STU06055,7.81,3,1,0,73.7,3.4,Yes,No,69.7,67.6,Placed
STU09796,8.62,1,2,1,71.5,4,No,No,77.9,72.9,NotPlaced
STU03608,8.47,0,1,2,81,3.9,No,No,62.8,95.7,Placed
STU07973,6.91,1,4,0,59.5,2.9,No,No,89.3,85.1,NotPlaced
STU05480,8.49,1,2,2,77.9,3.5,No,Yes,71.4,51.3,Placed
STU04941,8.03,1,1,1,84.7,2.8,No,Yes,76.4,66.6,Placed
STU01311,7.48,0,2,0,67.1,3.3,No,Yes,70.9,62.4,NotPlaced
STU00624,8.71,0,1,2,75.5,3.6,No,No,73.8,74.3,NotPlaced
STU07608,6.93,0,4,2,74.8,4.3,No,Yes,92.4,48.8,Placed
STU02124,7.26,1,1,1,80,3.4,No,No,67.8,74.1,NotPlaced
STU04948,6.3,1,1,2,86.1,2.3,No,No,63.5,75.7,NotPlaced
STU06004,7.01,3,1,2,79.9,3.9,No,No,88.4,82.9,Placed
STU06677,7.53,0,1,0,59.5,1.4,Yes,No,50.1,68.6,NotPlaced
STU07012,7.53,3,2,3,72.1,3.3,Yes,Yes,80.9,62,Placed
STU04423,8.63,0,3,0,70.7,4.1,Yes,Yes,73.2,76,Placed
STU04319,7.64,0,2,3,68.2,4.1,Yes,Yes,68.8,84.3,Placed
STU05546,6,1,1,2,98.6,3.6,No,No,57.2,85.1,NotPlaced
STU09061,7.41,1,4,2,76.2,3.4,No,Yes,74.2,79.7,Placed
STU04158,7.07,0,0,2,79.4,2.4,No,No,73.2,68.3,NotPlaced
STU07523,7.66,0,1,1,52.8,3.9,Yes,Yes,66.4,76.5,NotPlaced
STU07098,7.44,1,2,1,59.6,2.9,Yes,Yes,59.6,84.8,Placed
STU03890,8.26,1,2,1,64.9,4.1,Yes,Yes,69.4,78.9,Placed
STU00213,8.36,2,2,0,60.8,4.1,Yes,No,74.9,56.2,Placed
STU00456,6.79,1,1,1,67.1,3.6,No,No,73.8,67.4,NotPlaced
STU06378,7.56,0,1,2,77.3,5,No,Yes,92,64.7,NotPlaced
STU08895,6.49,1,0,1,47.8,3.9,Yes,No,73.4,69,NotPlaced
STU04794,7.74,0,0,1,78,3,Yes,Yes,57.4,70.1,NotPlaced
STU02480,8.12,2,3,2,90.6,4.6,No,No,65.6,64.7,Placed
STU06389,8.26,1,2,2,85.7,3.1,No,No,72.5,89,Placed
STU05526,6.95,0,0,3,63.7,3.5,Yes,No,75.9,59.7,NotPlaced
STU03951,7.96,0,3,2,70.2,3.5,Yes,No,68.6,47.8,NotPlaced
STU01959,8.45,1,2,1,71.2,3.1,Yes,Yes,83.4,81.6,Placed
STU09853,8.12,1,1,2,51.4,3.1,Yes,No,42.3,82.3,NotPlaced
STU01071,7.46,0,2,0,72.6,2.1,Yes,Yes,88.5,95.2,NotPlaced
STU02155,6.37,1,2,1,89,2.5,Yes,Yes,67.4,64.6,Placed
STU05674,10,1,2,3,75.2,3.3,Yes,No,84.6,86.9,Placed
STU03334,8.02,0,1,3,66.1,3.3,No,Yes,74.9,68.6,Placed
STU08497,7.98,1,3,1,77.7,4.4,Yes,Yes,78.4,79,Placed
STU06045,7.6,3,2,3,55.9,4.2,Yes,No,92.5,59,Placed
STU01089,7.27,1,1,3,78.9,2.7,Yes,No,76,89.6,NotPlaced
STU01971,8.03,1,3,0,72.5,1.4,Yes,No,61.1,57.7,Placed
STU00795,6.53,1,0,2,71.8,3.3,No,Yes,74,75.1,NotPlaced
STU02964,6.55,1,2,1,75.3,3.1,Yes,Yes,62.9,72.7,Placed
STU03926,7.2,1,2,1,70.5,4.3,Yes,Yes,55.8,96.6,Placed
STU06906,7.76,1,2,2,79.1,3.2,Yes,Yes,72.4,76.4,Placed
STU08137,6.68,1,3,1,89.6,3.3,Yes,No,84.8,54.5,NotPlaced
STU03416,7.37,3,3,0,72.2,3.4,Yes,No,56.4,63.7,Placed
STU00681,8.15,1,1,1,62.8,4.1,Yes,No,79.3,66.6,Placed
STU06390,8.18,0,0,1,85.2,3.3,Yes,Yes,77.7,60.5,NotPlaced
STU04973,6.59,0,1,1,68.9,3.4,No,Yes,78.7,77.5,NotPlaced
STU01675,8.95,0,3,1,76.5,2.9,No,Yes,63.3,69.8,Placed
STU08325,7.56,2,3,3,63,3,Yes,No,69.9,65.5,Placed
STU08378,6.66,2,3,2,66.7,2.3,Yes,Yes,65,97.3,Placed
STU09410,8.72,1,3,1,73.2,4.3,No,Yes,57.4,50.7,Placed
STU02796,6.74,0,2,2,86.7,2.3,Yes,Yes,81.6,64.6,Placed
STU01793,7.36,3,2,0,67,3.9,Yes,Yes,87.6,55.3,Placed
STU03907,8.69,0,4,0,83.2,3.1,No,No,85.6,78.4,NotPlaced
STU05841,7.82,0,0,0,72.7,2.9,Yes,Yes,60.3,75.7,NotPlaced
STU05521,6.83,0,2,3,72.2,1,Yes,No,72.6,70.4,NotPlaced
STU05419,6.99,1,1,3,83.8,3.7,Yes,Yes,58,54,Placed
STU05892,8.14,2,0,2,58.6,4.5,Yes,Yes,56.3,74.5,Placed
STU05753,8.75,1,3,2,74.8,3.9,No,Yes,51.6,41.3,Placed
STU00762,7.61,1,1,2,76.6,3.2,Yes,Yes,70.6,73.3,Placed
STU04405,7.39,1,2,1,56.2,3.4,Yes,No,69.6,60,NotPlaced
STU02647,7.17,0,2,2,69.1,2.6,Yes,Yes,56.3,67.6,NotPlaced
STU07739,7.69,2,1,2,75.5,3.9,Yes,Yes,65,72.9,Placed
STU01144,7.61,0,2,2,60.9,1.9,Yes,Yes,67.1,69.2,NotPlaced
STU01917,6.79,2,1,0,76.1,2.7,Yes,Yes,69.6,89.4,Placed
STU05735,6.98,3,1,0,79.4,3.1,No,Yes,63,78.2,Placed
STU09382,6.54,0,2,3,56.5,2.1,Yes,No,71.7,90.7,NotPlaced
STU08568,7.97,0,0,2,68.8,3.5,Yes,Yes,85.5,77.1,NotPlaced
STU09207,8.45,1,0,0,83.6,2.5,No,No,69.3,85,NotPlaced
STU09999,7.95,2,2,1,67.3,4.7,No,Yes,78.6,68.6,Placed
STU04614,7.04,1,1,3,66.7,3,Yes,No,72.8,75.4,NotPlaced
STU04364,8.58,1,0,1,69.6,3.3,No,Yes,64.1,66.4,Placed
STU05768,7.43,0,4,2,64.7,3.3,No,No,65.5,94.7,NotPlaced
STU06064,9.65,2,0,1,62.8,5,Yes,Yes,76.1,63,Placed
STU03615,8.12,2,2,0,68.1,3.1,Yes,No,51.3,71.4,Placed
STU04070,8.45,1,2,1,71.8,4.2,No,No,72.8,63.6,NotPlaced
STU08857,7.69,1,2,2,79,1.9,Yes,Yes,70.2,73.1,Placed
STU03490,6.06,0,0,1,88.5,3.1,No,No,65,68,NotPlaced
STU08942,9.16,1,1,1,74.3,3.8,Yes,Yes,61.8,81.7,Placed
STU09540,7.23,0,1,1,68.5,3.6,Yes,Yes,64.3,59,NotPlaced
STU09567,6.61,0,1,1,81.5,4.3,No,Yes,85.8,75,NotPlaced
STU05477,7.34,0,3,2,76.9,3,No,Yes,76.1,59.6,Placed
STU01240,8.97,0,2,2,52.1,3.6,No,Yes,53,76.9,NotPlaced
STU04707,8.77,0,0,1,57.8,2.1,Yes,No,72.9,75.4,NotPlaced
STU09973,8.26,1,2,1,56.6,1.7,Yes,Yes,74.4,65.4,Placed
STU02866,7.22,0,1,0,73.5,2.8,Yes,Yes,47.9,67.6,NotPlaced
STU06653,6.83,1,2,1,77.4,4.5,No,Yes,80.9,57.3,Placed
STU06698,8.51,1,0,1,80.9,2.8,Yes,No,77.6,67.4,Placed
STU02110,8.04,0,2,2,90.8,2.5,Yes,Yes,69,81,Placed
STU05336,7.05,1,2,1,74.3,3.2,Yes,Yes,40.4,84.2,Placed
STU04250,7.45,1,1,1,72.5,3.3,Yes,Yes,89.6,62.8,Placed
STU03921,9.17,0,3,3,72.5,3.5,Yes,No,57,90.5,Placed
STU03888,7.35,1,1,3,70.5,3.4,No,No,86.2,67.2,NotPlaced
STU06352,6.57,0,1,2,63,3.7,Yes,Yes,68.3,85.5,NotPlaced
STU05485,5.35,1,1,0,61.9,4.8,No,No,65,63.6,NotPlaced
STU04836,7.58,0,1,1,61.2,2.6,Yes,Yes,57.9,85.3,NotPlaced
STU04585,7.33,1,0,1,70.2,4.5,Yes,Yes,76.6,72.9,NotPlaced
STU01157,6.88,1,0,0,67.2,4.3,No,No,69.9,70.3,NotPlaced
STU01059,7.99,3,1,0,75.8,3.9,Yes,No,57.3,57.6,Placed
STU01099,8.32,0,3,1,48.8,3.7,Yes,No,81.2,70.6,NotPlaced
STU00611,8.09,1,2,3,71.8,4.5,Yes,No,66.5,70.5,Placed
STU06744,6.16,0,1,2,78.6,3.6,Yes,No,78.8,68.6,NotPlaced
STU04772,6.62,2,3,1,61,1.8,No,Yes,66,85.2,Placed
STU08368,7.84,0,2,2,85.7,2.9,Yes,No,51.8,65.6,NotPlaced
STU03550,7.47,1,1,0,65.3,3.8,No,No,76.1,60,NotPlaced
STU02108,8.07,1,2,3,67.8,3.9,Yes,Yes,80,57,Placed
STU06419,7.94,0,3,2,63.5,4.7,No,Yes,71.4,66.4,Placed
STU01761,8.98,1,2,2,50.2,2.7,Yes,Yes,75.6,74.5,Placed
STU02298,8.76,2,2,3,61.5,4,Yes,Yes,92.1,70.4,Placed
STU05881,5.34,2,3,3,81.6,4.5,Yes,No,73.2,46.6,Placed
STU05395,6.23,2,2,1,85.9,2.1,Yes,Yes,73.1,56.3,Placed
STU01882,8.95,1,0,0,72.9,3.7,Yes,No,45.7,93.8,NotPlaced
STU04342,7.67,1,2,1,65.8,4.1,No,Yes,71,75.9,Placed
STU07056,5.95,1,0,0,75,3.1,No,No,84.4,67.3,NotPlaced
STU05450,6.23,2,3,2,79.7,4.2,Yes,No,80.4,56.9,Placed
STU05851,7.72,0,1,1,70.6,2.6,Yes,No,71.5,50.4,NotPlaced
STU01193,6.96,1,0,1,79.6,3.6,No,No,75.9,66.5,NotPlaced
STU02056,6.76,0,2,1,85.6,3.3,Yes,Yes,78.7,80.5,NotPlaced
STU04113,8.9,1,2,0,76.6,3.4,Yes,Yes,76.9,86.3,Placed
STU03817,7.16,1,2,2,72,3.2,Yes,No,69,60.1,NotPlaced
STU00835,7.47,0,2,2,51,4.1,Yes,Yes,75.1,58.8,Placed
STU01700,7.66,2,2,0,72.4,3.6,Yes,Yes,100,45.3,Placed
STU01515,7.43,2,2,2,71.9,3.8,No,Yes,70.9,63.4,Placed
STU03718,9.58,0,1,1,74.8,3.2,Yes,No,79.6,78.9,Placed
STU00445,6.33,0,3,1,80.5,4.1,Yes,Yes,70.2,57.8,Placed
STU08075,5.63,2,2,0,70.5,4.9,No,Yes,67.7,83.1,Placed
STU06070,7.05,0,3,1,87.3,3.7,Yes,No,58.1,84.9,NotPlaced
STU05989,7.89,2,1,1,74.7,3.7,Yes,No,77.5,81.7,Placed
STU07231,6.56,2,2,1,71,3.9,No,No,55.7,47.7,NotPlaced
STU07762,8.14,0,0,2,80.8,4.4,No,No,75.5,84.8,NotPlaced
STU01011,8.69,1,3,0,88.1,4.4,Yes,No,100,76.3,Placed
STU01167,8.75,1,1,1,53,4.1,Yes,Yes,93.9,57.3,Placed
STU06729,6.56,2,2,1,58.4,3.3,Yes,Yes,50.4,64.6,Placed
STU07253,8.45,1,2,2,75.2,3.6,Yes,No,66.2,48.5,Placed
STU01169,8.04,3,1,0,80.7,2.9,Yes,No,90.3,63.1,Placed
STU02369,6.5,1,1,0,82.2,3.9,Yes,Yes,83.8,60.8,Placed
STU08515,7.11,0,0,1,73.5,2.8,No,No,74.5,81.2,NotPlaced
STU02268,7.79,2,3,1,67.8,1.5,Yes,No,59,72.8,Placed
STU06959,9.9,0,2,3,80.9,3.3,Yes,Yes,85.7,80.7,Placed
STU03508,7.45,0,3,2,80.1,3.5,Yes,No,91.4,52.4,Placed
STU00280,7.15,0,1,2,81.4,4.7,No,Yes,87.4,88.1,NotPlaced
STU02827,8.62,1,0,1,66.4,3.1,No,Yes,60,71.3,NotPlaced
STU07552,9.23,3,1,2,88.4,4.1,Yes,No,86.1,86.4,Placed
STU07464,6.46,0,0,1,73,3,Yes,No,99.2,77.5,NotPlaced
STU06932,8.27,1,1,2,72.5,4.2,No,Yes,78.2,68,NotPlaced
STU05136,7.55,0,1,1,77.2,2.9,Yes,Yes,72.1,74.6,NotPlaced
STU03163,7.09,1,2,2,78.5,4.9,No,Yes,73.2,79.6,Placed
STU06193,6.89,0,1,0,60.2,3.6,Yes,No,47.1,72.5,NotPlaced
STU06073,7.67,1,1,3,89.6,4.1,No,No,57.1,76.5,Placed
STU07519,5.36,0,0,1,86.8,2.5,No,No,83.1,72.8,NotPlaced
STU05594,7.84,1,0,2,78.2,4.8,No,Yes,89.3,80.8,NotPlaced
STU08234,6.98,0,1,1,72.1,2.8,Yes,Yes,74.4,57.4,NotPlaced
STU02150,6.02,1,1,1,63.1,2.5,No,Yes,63.1,93.8,NotPlaced
STU08140,7.81,1,0,0,69.5,3.1,Yes,Yes,92.9,83.7,Placed
STU04728,7.06,3,1,1,62.3,2.6,Yes,No,89.3,65.3,Placed
STU07107,5.76,1,2,1,62.6,3.5,No,Yes,61.9,58.5,NotPlaced
STU07028,6.49,0,2,1,79,3.7,Yes,No,73.8,59.1,NotPlaced
STU04693,8.36,1,1,1,81.2,3.9,No,No,64.5,75.6,Placed
STU01137,8.57,2,1,1,56.8,2.9,No,Yes,63.8,69.7,Placed
STU07251,7.8,2,2,1,71.9,2.9,Yes,No,67.1,72.3,Placed
STU08411,7.37,0,2,0,85.2,2.6,Yes,Yes,84.1,64.2,NotPlaced
STU01228,7.37,1,1,1,57.2,3.4,Yes,Yes,76.4,73.1,Placed
STU04001,6.72,1,2,2,89.2,5,No,No,68,64.7,NotPlaced
STU06792,7.09,0,1,2,81.1,3.8,Yes,No,84,60.1,NotPlaced
STU02675,6.59,0,1,0,69.2,4.6,No,No,80.1,68.1,NotPlaced
STU09017,5.97,0,0,0,71.4,2.9,Yes,No,73.3,77.2,NotPlaced
STU07865,7.09,1,1,0,68.6,3.3,Yes,Yes,59.2,77.4,NotPlaced
STU00499,6.71,1,2,0,74.7,4.3,Yes,Yes,75.6,71.1,NotPlaced
STU02200,7.94,1,4,1,66.7,3.9,Yes,Yes,67.8,78.8,Placed
STU00438,6.26,1,2,1,65.3,4.4,Yes,No,68.7,53.2,NotPlaced
STU08020,8.38,1,2,3,80.2,5,No,No,65,46.4,Placed
STU03572,8.68,1,3,1,73.7,3.5,Yes,Yes,76.1,83.1,Placed
STU01163,6.25,1,2,0,80.1,1.8,Yes,Yes,68.6,68.5,Placed
STU05633,7.64,1,2,2,66.7,2.2,No,Yes,84.3,54,NotPlaced
STU05326,7.49,1,1,2,80.2,1.7,Yes,Yes,55.6,53.3,Placed
STU03082,7.63,0,1,1,60.6,2.2,Yes,No,77.9,72.9,NotPlaced
STU01896,7.17,2,2,2,67.4,3.7,Yes,Yes,85.6,52.5,Placed
STU08150,7,1,2,2,66.8,3.7,Yes,Yes,71.9,87.7,Placed
STU06480,7.77,2,3,2,76.6,4.2,No,No,85.1,56.2,Placed
STU04890,8.07,0,2,0,64.5,2.2,No,Yes,86.3,68.8,NotPlaced
STU04849,6.99,1,1,0,64.9,3.4,No,Yes,76.5,83.3,NotPlaced
STU09228,6.94,1,2,1,61,3.8,No,Yes,74.7,62.4,Placed
STU08579,5.47,2,2,1,84.7,4,Yes,No,94,71.5,Placed
STU09455,8.2,3,2,0,73.9,3.1,Yes,Yes,72.2,58.4,Placed
STU03438,6.35,1,1,1,80.9,3.6,Yes,Yes,61.4,63.1,Placed
STU04713,7.87,1,3,0,78.5,4.3,No,Yes,77.2,70.1,Placed
STU09529,7.66,0,3,2,63.6,4.4,Yes,Yes,66,82.7,Placed
STU04839,8.72,1,2,2,73.2,3.1,Yes,Yes,67.9,68,Placed
STU06823,6.72,2,3,3,51.9,5,Yes,Yes,73.1,68.2,Placed
STU04148,7.41,0,0,1,63.2,4,No,Yes,65,83.7,NotPlaced
STU06450,7.8,0,1,1,53.7,3.9,Yes,Yes,88.3,62.4,NotPlaced
STU03807,7.53,2,2,1,68.3,4.5,Yes,No,66.6,81.7,Placed
STU01484,7.14,2,1,0,60.5,3.7,No,Yes,67,56.2,NotPlaced
STU06787,8.38,1,2,0,79.6,3.4,Yes,Yes,80,75.3,Placed
STU07995,6.86,0,3,1,56.2,2.9,Yes,Yes,68.3,71.9,Placed
STU04141,8.06,1,0,2,80.7,4.5,No,No,83.7,64.9,NotPlaced
STU08719,7.97,2,4,0,68.8,3.3,No,Yes,79,100,Placed
STU06785,8.12,1,1,1,68.4,3,Yes,No,94,49.7,Placed
STU00417,8.9,0,2,0,69.4,4.4,Yes,Yes,60.1,69.3,Placed
STU00557,7.06,1,1,1,44.3,2.9,Yes,Yes,77.6,71.4,NotPlaced
STU07540,7.22,1,3,2,63,5,Yes,Yes,80.4,91.2,Placed
STU04907,7.05,1,2,2,76.9,5,No,Yes,78.3,69.5,Placed
STU05029,8.66,0,3,2,77.5,3.9,No,Yes,65,72.2,Placed
STU07494,7.5,2,2,3,61.1,2.9,No,Yes,73,71.3,Placed
STU08330,7.39,1,2,2,83.4,3.2,Yes,No,92.2,57.4,Placed
STU08531,6.71,1,1,2,75.6,2.5,Yes,Yes,75.7,87.5,Placed
STU05292,7.91,3,1,2,92.2,3.9,Yes,Yes,78,81.4,Placed
STU09658,5.84,1,2,0,62.1,3.8,No,No,65.5,65,NotPlaced
STU06015,7.93,1,2,2,79.5,4.2,Yes,No,80.8,63.5,Placed
STU09180,7.09,1,2,2,63.9,5,No,Yes,55.1,74.3,Placed
STU05869,6.91,0,2,1,77.1,5,No,Yes,75.5,65.2,NotPlaced
STU09701,7.28,2,1,3,79.4,3.7,No,Yes,72.4,81.9,Placed
STU07310,6.62,0,2,2,70.4,3.4,Yes,No,83.6,89.4,NotPlaced
STU01646,7.89,1,1,2,87.9,4.7,Yes,Yes,62.6,59.6,Placed
STU03232,5.68,0,1,2,49.3,3.7,No,No,70.1,69,NotPlaced
STU09229,5.91,0,2,2,66.1,3.5,No,Yes,60.7,67.6,NotPlaced
STU01605,7.07,0,2,3,80.8,2.9,Yes,Yes,68.2,54.2,Placed
STU07704,8.4,1,2,1,68.3,3.3,No,No,56.7,50.6,NotPlaced
STU09241,8.2,1,2,1,79.2,4.5,Yes,No,86.9,60.9,Placed
STU00441,7.85,3,2,0,93.7,4,Yes,No,55.8,72.6,Placed
STU04974,5.62,1,1,2,61.3,1.7,Yes,Yes,59.2,66.7,NotPlaced
STU08346,7.8,0,1,3,64.8,4.8,Yes,Yes,79.5,72.6,NotPlaced
STU08941,8.77,1,2,1,75.6,3.8,No,Yes,82.9,46.6,Placed
STU08632,7.24,1,1,0,80.7,4.9,No,No,60.5,58.2,NotPlaced
STU04784,6.62,0,1,2,62.4,2.7,Yes,No,74.2,74.3,NotPlaced
STU02400,7.56,1,3,1,85.6,3,No,Yes,67.1,81.1,Placed
STU03229,8.2,1,1,0,69.9,4.6,No,Yes,57.2,74.4,Placed
STU00365,8.12,1,1,2,92.6,4,Yes,Yes,48.5,70.7,Placed
STU01435,7.35,0,0,2,85.1,3.3,No,No,83.1,71.7,NotPlaced
STU06426,7.96,0,3,1,56,3.6,Yes,No,60.8,76.6,Placed
STU04287,7.09,3,1,0,62.4,4.1,Yes,No,78.8,54.2,Placed
STU05126,6.88,1,0,2,55.2,2.9,Yes,Yes,95.8,87.5,Placed
STU03747,5.54,1,1,1,70.8,1.9,No,Yes,64.3,61.5,NotPlaced
STU09586,6.08,1,2,2,79.3,2.3,Yes,Yes,63.3,51.4,Placed
STU06949,7.17,1,1,1,70.7,3,No,No,58.2,82.8,NotPlaced
STU07832,8.17,0,1,1,71.8,2.7,No,No,67.8,95.2,NotPlaced
STU09552,7.57,2,1,3,79,3.4,No,Yes,88.4,69.8,Placed
STU06048,8.88,1,1,2,85.3,2.9,Yes,Yes,64.6,80.8,Placed
STU07818,6.69,1,2,2,62.3,4.2,No,No,65.6,50.4,NotPlaced
STU01456,5.92,1,2,1,78.4,3.2,Yes,Yes,100,63.9,Placed
STU02979,7.99,2,3,1,89.3,2.4,Yes,No,65.9,84.7,Placed
STU00889,8.03,0,2,1,73.5,3.5,Yes,No,57.1,65.2,NotPlaced
STU01476,8.08,1,1,2,75.8,4.3,Yes,Yes,64.7,84.2,Placed
STU04188,6.86,3,1,1,86,2.6,Yes,No,85.7,70,Placed
STU06641,6.51,2,3,0,74.5,3.6,Yes,No,69.3,75.2,Placed
STU09327,6.78,0,2,1,74.9,4.7,Yes,Yes,47.7,61.3,NotPlaced
STU03417,8.26,2,2,0,81.4,3.1,No,Yes,80.1,50.2,Placed
STU02897,5.62,0,1,0,88.3,1.5,Yes,Yes,80.3,72,NotPlaced
STU05324,7.69,2,2,0,63.1,4.2,Yes,No,93.4,74.3,Placed
STU05350,7.53,2,2,0,82.4,4.2,No,Yes,73.4,66,Placed
STU09696,6.78,2,1,3,84.6,3.1,Yes,No,78,76.1,Placed
STU09596,7.09,0,3,3,98.8,4.2,Yes,Yes,76.4,57.8,Placed
STU00458,6.57,0,1,1,66.6,4.7,No,No,44.9,67.8,NotPlaced
STU04196,7.05,1,0,0,76.7,3.5,Yes,Yes,84.4,84.4,NotPlaced
STU09297,6.82,2,3,2,87.2,3.7,Yes,No,65.3,57.9,Placed
STU03321,7.68,1,4,1,63.9,3.4,Yes,Yes,90.3,72.1,Placed
STU00269,7.1,1,1,1,66.8,2.6,Yes,Yes,74.1,85.8,Placed
STU08193,7.44,0,1,0,67.8,3.6,No,No,81.1,83.3,NotPlaced
STU02471,8.47,0,1,0,76,2.9,Yes,No,70.6,96.5,NotPlaced
STU09699,8.58,1,2,2,72.2,3.8,Yes,Yes,72.3,64.1,Placed
STU01883,6.39,1,0,0,73.3,3.7,No,No,78.5,74.8,NotPlaced
STU03733,5.68,1,2,1,82.8,3.4,Yes,Yes,69.8,74.9,Placed
STU02237,7.51,1,3,3,73.6,3,No,No,61,80,Placed
STU03695,8.28,2,3,2,68.7,3.8,Yes,Yes,58,60.1,Placed
STU06553,7.86,0,0,1,84.6,4,No,Yes,93.7,68.1,NotPlaced
STU05695,9.04,1,4,1,63.7,3.4,No,No,90.3,65.5,Placed
STU07473,6.39,2,3,2,77.1,4.7,Yes,Yes,72.9,61.1,Placed
STU06353,6.28,0,3,1,71.6,4.4,Yes,No,87.6,45.2,NotPlaced
STU00785,8,2,0,1,69,3.1,No,No,58.3,70.6,NotPlaced
STU09737,7.88,1,2,2,81.8,4.9,Yes,Yes,56.8,59.8,Placed
STU07410,8.56,1,1,2,75.4,4.4,Yes,No,78.9,80.6,Placed
STU01168,8.01,1,2,0,84.2,1.7,Yes,No,88.9,80,Placed
STU02457,6.98,0,2,1,72.1,3,Yes,Yes,65.6,92,NotPlaced
STU08985,7.3,1,2,1,73.2,3.7,No,No,75.1,78.5,NotPlaced
STU01374,6.05,0,1,2,82.8,3.1,No,No,68.2,52.4,NotPlaced
STU05323,8.48,0,1,1,79.1,3.1,Yes,No,69.6,54.1,NotPlaced
STU06066,7.25,2,1,2,71.4,3.2,Yes,No,73.2,84.7,Placed
STU01428,6.51,1,3,0,81.1,4.3,Yes,No,76.2,69.7,Placed
STU06773,5.5,1,1,2,55.1,4,Yes,No,72.1,80.8,NotPlaced
STU09618,6.45,2,1,2,63.2,2.4,Yes,Yes,73.7,59.2,Placed
STU03058,7.68,0,1,2,94.5,2.9,No,No,89.8,62.1,NotPlaced
STU06394,6.9,2,1,1,81.8,3.3,Yes,No,62.7,69.3,NotPlaced
STU05474,7.05,1,2,0,59.2,3.8,Yes,Yes,70.7,66.9,Placed
STU07791,7.6,1,3,1,61.2,3.6,Yes,Yes,70.9,60.1,Placed
STU03997,5.63,0,2,1,62.4,4.1,No,Yes,76,88,NotPlaced
STU07919,6.88,1,3,2,79.4,3.6,Yes,Yes,69,66.8,Placed
STU09520,7.14,1,3,0,67.2,2.6,No,Yes,60.6,58.6,Placed
STU07836,6.76,1,4,1,66.2,5,No,No,83.2,83.1,Placed
STU03315,7.17,2,1,2,63.7,3.1,Yes,Yes,85.3,45.9,Placed
STU00247,7.07,2,2,0,67,4.6,Yes,No,70.6,100,Placed
STU08159,7.89,3,1,1,62.7,3.9,Yes,No,74.7,43.9,Placed
STU01419,8.88,1,1,2,62.4,3,No,Yes,61.7,73.3,Placed
STU05618,7.21,1,4,2,79.3,2.9,Yes,Yes,78,76.8,Placed
STU00789,7.44,0,2,0,79.2,3.5,No,Yes,79.8,65.5,NotPlaced
STU08699,7.41,1,4,1,64.8,3.6,Yes,Yes,69.6,60.7,Placed
STU01218,7.75,2,3,2,76.4,4.2,Yes,Yes,40,66.7,Placed
STU04205,7.6,0,2,1,95.6,3.3,Yes,No,69.4,48.4,NotPlaced
STU09862,7.93,2,1,1,87.5,3.8,Yes,Yes,62,56.5,Placed
STU01426,5.73,3,2,1,63,3.4,Yes,Yes,82.5,69,Placed
STU09188,7.85,2,0,1,78,3.3,No,No,79.2,80.1,Placed
STU07417,8.2,0,2,2,79,3.2,Yes,Yes,78.2,84.6,Placed
STU09674,6.06,1,2,3,69.3,4.4,No,No,81.1,76.2,Placed
STU00639,6.34,1,4,3,67,3.1,No,No,84.6,71.2,Placed
STU03134,8.85,0,2,0,56.1,2.3,Yes,No,65.4,68.7,NotPlaced
STU04195,5.35,0,1,2,70.6,4.7,No,Yes,73.5,80.1,NotPlaced
STU00395,8.56,0,1,2,82,4,No,Yes,72.3,90.6,Placed
STU04548,7.45,1,3,2,58,3.5,Yes,No,48.8,43.1,NotPlaced
STU00719,7.17,1,1,2,65.9,2.4,Yes,Yes,56,80.3,NotPlaced
STU08243,7.34,1,1,2,84.6,3.5,No,Yes,65.1,67.9,Placed
STU00778,7.28,2,2,2,75.4,4.2,No,Yes,66.1,80.3,Placed
STU01801,9.21,1,2,1,73.3,3.2,No,No,86.9,80.2,NotPlaced
STU07999,8.99,2,1,1,65.3,2.3,Yes,No,91.4,70.5,Placed
STU04123,8.36,1,2,0,63.2,4,Yes,Yes,59.4,55.5,Placed
STU07296,7.12,2,2,1,55.9,4.6,Yes,Yes,73.8,56.3,Placed
STU03350,7.38,2,3,2,72.2,3.4,Yes,Yes,63.2,91.1,Placed
STU00716,8.49,1,3,2,71.1,3.2,Yes,Yes,65.2,56.3,Placed
STU08484,6.31,2,0,2,63.4,2.6,No,Yes,82.8,54.3,Placed
STU02981,7.74,0,3,0,71.5,5,No,No,82.3,66,NotPlaced
STU06458,8.4,1,3,0,81.7,3.4,Yes,No,59.5,45.4,Placed
STU08726,7.16,2,4,2,70.8,3.4,Yes,Yes,76.5,75.2,Placed
STU05820,7.26,1,2,2,70.3,2.7,No,Yes,79,60.6,Placed
STU02701,7.85,0,2,0,74.4,3.7,Yes,Yes,84.8,72.5,Placed
STU00483,6.05,0,3,0,74.9,4.6,Yes,No,92.8,67.9,NotPlaced
STU04389,7.63,1,1,2,78.7,3.4,Yes,Yes,71.4,57.9,Placed
STU09080,5.98,1,1,1,58.7,4.1,Yes,No,70,74,NotPlaced
STU03050,8.58,2,2,1,57.2,3.1,Yes,No,61.7,57.2,Placed
STU09916,7.76,2,3,2,85.7,2.9,Yes,No,84.8,82.8,Placed
STU06250,8.41,2,1,1,79.1,3.7,Yes,Yes,79.1,60.1,Placed
STU04488,6.98,1,3,2,63.6,3.6,Yes,Yes,75.1,60.6,Placed
STU06356,7.29,2,2,3,67.5,4.2,No,No,76.7,100,Placed
STU07268,7.57,0,2,1,56.9,3.8,Yes,Yes,64.1,83.8,NotPlaced
STU04623,6.7,1,2,1,62.6,2.4,Yes,No,58.9,66.8,NotPlaced
STU05141,6.98,0,1,0,67.2,3.4,Yes,No,63.3,66.8,NotPlaced
STU08462,5.55,1,3,2,65,3.9,Yes,Yes,60,67.5,Placed
STU09326,7.83,1,1,2,77.9,4.1,No,No,70.9,78.5,Placed
STU01618,6.82,1,2,1,56.3,3.4,Yes,Yes,55.2,63.1,Placed
STU04953,8.21,0,2,1,99.4,3.5,Yes,Yes,70.7,63.3,Placed
STU06201,7,0,3,2,68.2,2.9,Yes,Yes,68.8,72.5,NotPlaced
STU02447,7.76,0,0,0,78,3.5,Yes,No,40,67.5,NotPlaced
STU08596,7.32,2,2,1,61.5,3.2,Yes,No,79.2,63.1,Placed
STU08189,8.11,1,2,2,80.4,3.3,Yes,No,77.1,41.6,Placed
STU09237,7.98,1,1,2,73,2.2,Yes,No,75.1,79.2,Placed
STU01407,6.22,0,2,3,60,3.3,No,No,97.1,80.2,NotPlaced
STU01714,8.26,1,3,1,78.5,3.4,No,Yes,84.5,56.8,Placed
STU07522,6.07,0,2,2,85.9,2.5,No,Yes,69.5,81.2,NotPlaced
STU03887,5.52,2,2,1,63.1,3,Yes,Yes,86.8,78.8,Placed
STU02873,5.62,1,2,1,80.6,2.9,Yes,Yes,82.8,64.4,Placed
STU01760,8.68,0,3,2,78.7,3.2,No,Yes,49.3,70.9,Placed
STU04009,7.06,1,2,0,74.4,3.4,No,No,70,90.6,NotPlaced
STU08836,7.48,0,0,1,69.3,4.2,Yes,No,90.9,62.9,NotPlaced
STU05683,6.59,0,3,0,84.8,2.8,No,No,62.5,72.1,NotPlaced
STU09841,6.5,0,2,1,68.8,2.9,No,No,64.1,81.2,NotPlaced
STU06025,7.21,1,1,3,79.9,4.3,No,No,69.9,67.4,NotPlaced
STU06456,6.6,3,3,1,61.7,3.8,Yes,No,81.4,61.3,Placed
STU07806,7,0,1,0,85.4,2.7,Yes,Yes,75.2,63,NotPlaced
STU04121,6.95,2,1,1,79.8,4.2,Yes,Yes,74.2,65.7,Placed
STU00837,8.9,0,0,3,60.8,5,No,Yes,71.2,57.6,NotPlaced
STU02157,7.16,1,2,0,78.5,2.3,No,No,71,70.7,NotPlaced
STU02745,5.22,2,3,1,58.9,2.6,No,Yes,91.2,69.9,Placed
STU04198,6.09,1,3,0,73,4,Yes,Yes,82,93.1,Placed
STU02762,6.78,0,2,0,61.7,4,Yes,Yes,71.7,69.9,NotPlaced
STU03376,6.58,2,2,0,63.4,2.8,No,Yes,71.8,75.3,Placed
STU05751,7.46,1,1,1,82.6,4.2,No,No,58.3,79.3,NotPlaced
STU01691,8.03,2,2,1,76.8,3.5,Yes,No,64.6,81.7,Placed
STU04517,7.12,0,0,1,59,2.3,Yes,No,66.3,65.7,NotPlaced
STU03604,7.5,1,0,2,51.7,4.1,No,No,83.4,60.7,NotPlaced
STU05065,8.17,0,3,1,62.4,3.1,Yes,Yes,87.2,64.6,Placed
STU05597,7.87,1,3,2,78,4.2,No,No,64.4,70.1,Placed
STU00984,7.46,0,1,0,87.2,2.5,Yes,No,72.7,59.2,NotPlaced
STU00494,6.72,1,1,1,76,3.5,Yes,No,83.6,46.9,NotPlaced
STU04404,7.81,1,2,2,68.7,3,Yes,Yes,86.5,75.5,Placed
STU09030,6.89,2,3,2,63.2,3.3,Yes,No,94.5,70.4,Placed
STU02286,7.92,1,1,2,61.7,4.2,Yes,Yes,87.9,61.3,Placed
STU01753,6.91,3,3,1,76.3,1,No,No,59,74.6,Placed
STU07976,7.79,0,2,2,91.1,3.9,No,No,61.2,62.5,NotPlaced
STU08998,8.93,2,1,2,60.1,2.5,No,No,60,61.6,NotPlaced
STU01259,6.87,0,1,3,79.2,3.4,No,No,47.7,79.1,NotPlaced
STU02632,7.92,1,2,1,77.7,4.8,Yes,Yes,64.4,63,Placed
STU04781,7.75,1,0,1,69,2.3,Yes,No,68.6,71.2,NotPlaced
STU04649,6.04,1,3,2,61.8,3.3,No,Yes,73.8,77.3,Placed
STU07863,6.23,0,3,1,72.2,3.1,No,Yes,95.3,62,NotPlaced
STU06598,6.95,2,0,1,93,2.9,Yes,No,76,66.5,Placed
STU07672,5.69,3,2,0,76.5,3,Yes,Yes,60.7,77,Placed
STU09032,7.28,2,3,1,80.4,3.6,Yes,No,74,70.9,Placed
STU04122,7.38,3,1,2,57.2,3.2,Yes,Yes,74.6,58.3,Placed
STU06092,7.58,1,2,2,83.9,3.7,Yes,No,76.9,66.3,Placed
STU07787,7.6,1,2,2,61.1,2.5,Yes,Yes,78.3,66.8,Placed
STU06008,6.07,1,2,1,71.2,2.5,Yes,Yes,67.1,76.9,NotPlaced
STU01726,8.48,1,1,1,71.8,4.2,Yes,Yes,90.3,87.4,Placed
STU01860,7.73,1,0,2,83.5,3.8,Yes,No,91.8,90.7,NotPlaced
STU09650,7.69,1,2,1,66.1,4.2,Yes,No,98.4,82.1,Placed
STU03651,7.87,0,2,0,79.8,4.4,No,No,63.4,60.3,NotPlaced
STU00080,5.71,2,1,3,85.6,3.4,No,Yes,80.4,65.2,Placed
STU04894,7.39,1,1,1,78.7,4.5,Yes,Yes,70.9,63,Placed
STU07708,7.46,1,2,2,65.9,3.4,Yes,No,49.1,69.8,NotPlaced
STU03227,6.74,0,0,1,85.7,3.2,No,No,59.3,42.6,NotPlaced
STU05704,6.96,1,1,1,73.2,4.2,Yes,No,66.6,62.8,NotPlaced
STU07808,9.05,2,3,2,70.8,5,Yes,No,76.1,71.9,Placed
STU09852,7.36,2,2,1,75.3,4.6,No,Yes,56.4,85.6,Placed
STU03866,6.84,0,3,1,66,3.2,Yes,No,85.6,94.3,NotPlaced
STU04486,6.06,1,2,1,54.6,3.7,Yes,No,76,75.8,NotPlaced
STU07101,7.3,2,3,0,74.7,3.7,Yes,No,72.9,80.8,Placed
STU04897,5.98,1,1,2,63.7,3.1,Yes,Yes,62.7,62.9,Placed
STU03015,6.97,0,1,1,57.4,4.6,Yes,Yes,56.4,44.8,NotPlaced
STU03230,7.46,2,3,2,67.7,3.2,No,Yes,77.9,71.9,Placed
STU08279,6.72,3,0,2,59.2,3.5,Yes,No,92.9,66.3,Placed
STU06121,7.4,3,2,1,80.3,2.9,Yes,No,65.9,65.8,Placed
STU06891,8.41,1,3,3,77.6,3.1,No,Yes,81.5,48.1,Placed
STU03841,6.95,0,1,1,61.4,3.2,Yes,Yes,57.4,52.3,NotPlaced
STU08337,6.63,0,3,2,69.4,2.5,Yes,Yes,70.9,82.2,Placed
STU08024,6.64,2,1,0,59.7,4.7,No,No,79.2,79.4,NotPlaced
STU01304,6.82,1,2,0,70.3,3.9,No,Yes,72.1,85.4,NotPlaced
STU08709,8.77,0,3,1,72,2.8,Yes,Yes,75.5,85.2,Placed
STU06560,8.76,1,2,2,81.9,3.8,No,No,83.8,82.2,Placed
STU05763,6.62,2,1,0,76.3,4.2,Yes,No,65.6,73.4,NotPlaced
STU07217,6.97,1,1,2,49.4,4,Yes,Yes,51.7,63.2,NotPlaced
STU02600,7.06,1,1,2,67.9,4.6,No,No,74.8,88,NotPlaced
STU06040,8.24,2,3,3,67.8,3.9,Yes,No,70.4,58,Placed
STU07917,7.25,1,3,0,85.2,2.8,No,Yes,69.1,74.6,Placed
STU01414,9.45,2,1,1,79.1,4.1,No,No,86.9,73.5,Placed
STU07384,6.78,2,4,0,52.2,4.4,Yes,Yes,79.6,40,Placed
STU06542,5.09,3,0,2,77.8,3.2,Yes,Yes,69.9,83,Placed
STU01918,6.94,1,2,0,72.7,2.5,No,No,82.6,80.2,NotPlaced
STU05289,6.96,1,2,0,58,3.1,No,No,41.8,61.1,NotPlaced
STU05903,7.36,0,1,1,82.3,3.8,Yes,Yes,88.2,61.8,NotPlaced
STU01955,6.96,1,1,2,78.9,2.1,No,No,69.6,70.1,NotPlaced
STU05625,9.04,1,2,1,94.4,2.7,Yes,No,61.7,88.4,Placed
STU09677,6.58,0,2,2,74.2,4.3,Yes,Yes,84.2,56.5,Placed
STU04573,8.23,0,0,3,71.9,3.7,Yes,Yes,84.5,70.4,NotPlaced
STU00132,7.56,1,1,0,76.9,3.1,Yes,Yes,70.1,47.3,Placed
STU04180,7.19,1,3,0,72,3.3,Yes,No,82.6,77,Placed
STU02772,6.83,0,2,3,75.4,3.1,Yes,Yes,51.6,70.6,Placed
STU00467,8.05,1,4,1,73.1,4.1,Yes,No,41.5,61.9,Placed
STU04474,7.99,3,1,2,71.3,3.6,Yes,Yes,69.9,62.6,Placed
STU06117,8.24,2,1,0,58,3.3,No,No,54.9,64.4,Placed
STU00006,7.29,0,2,1,60.4,3.9,Yes,Yes,80.4,62.6,NotPlaced
STU02288,7.27,1,1,1,86.7,4.5,Yes,No,53.1,86.5,Placed
STU00615,9.7,1,4,2,69.5,3.8,Yes,Yes,65.6,54.1,Placed
STU05514,7.73,0,3,0,73.8,3.4,No,Yes,85.5,66.8,NotPlaced
STU04710,7.47,1,1,1,67.5,3.6,Yes,No,74.6,52.4,NotPlaced
STU05777,7.91,1,3,0,65.6,4.2,No,Yes,61.9,64.2,Placed
STU05253,7.08,0,1,0,71.5,3,Yes,No,69.6,68.1,NotPlaced
STU02104,8.51,2,0,1,76.3,3.3,Yes,No,68.9,76.9,Placed
STU01577,6.05,2,1,3,66.5,4.4,Yes,No,63.1,61,Placed
STU00705,6.1,0,1,2,59.9,2,No,Yes,64.2,64.6,NotPlaced
STU05621,7.21,2,3,2,74.9,3.1,Yes,No,68,63.4,Placed
STU01087,8.43,0,0,1,64.5,3.6,No,No,83.6,67.5,NotPlaced
STU04786,7.22,0,2,2,64.2,2.7,Yes,Yes,54.5,78.6,NotPlaced
STU00118,6.45,2,1,2,81.6,3.4,Yes,No,78.5,87.3,NotPlaced
STU09076,8.89,1,3,0,71,5,No,No,54.3,58.6,Placed
STU07068,7.31,1,2,0,73.7,2.9,Yes,No,72.5,84.8,NotPlaced
STU03013,6.34,2,2,2,66.4,3.9,Yes,Yes,66.3,63.7,Placed
STU04790,7.35,1,2,1,70.9,3.3,No,Yes,82.6,62.7,Placed
STU06167,8.52,1,2,2,71.6,3.5,No,No,71.4,55.1,Placed
STU00607,6.8,1,1,2,71.4,3.2,No,Yes,70.1,73.8,NotPlaced
STU08113,5.92,2,1,1,85.9,3.9,Yes,Yes,65.6,71.6,Placed
STU03732,6.75,3,2,2,66.3,3.4,Yes,No,63.8,64.9,Placed
STU02156,6.95,0,1,1,96,5,No,Yes,66,61.9,NotPlaced
STU07568,6.4,0,0,1,80.6,2.3,Yes,Yes,50.2,57.3,NotPlaced
STU07219,6.5,3,1,1,49.4,3.8,Yes,No,85.7,70.4,Placed
STU09336,7.33,2,3,1,62.1,2,Yes,No,60.9,76.1,Placed
STU05039,8.96,1,1,2,77.1,2.1,No,Yes,53.2,72.7,Placed
STU09330,8.05,1,3,1,60.9,4.7,Yes,No,72.4,51.3,Placed
STU00336,7.37,1,2,1,84.6,3.9,No,Yes,93.7,95.7,Placed
STU04992,8.11,2,2,1,62.3,3,No,No,97.3,98.9,Placed
STU02202,7.33,1,4,2,69.5,3.5,Yes,Yes,72.1,70.3,Placed
STU06530,6.78,1,1,0,61.4,5,No,No,57.9,65.8,NotPlaced
STU06871,7.87,0,2,2,77.1,2.8,Yes,Yes,74.7,88.5,Placed
STU04513,6.97,3,4,0,57.1,3.2,No,Yes,77,73.7,Placed
STU02230,8.41,0,2,1,96.5,3.6,No,Yes,65.7,96.7,Placed
STU08657,7.18,1,3,3,72.2,2.2,No,Yes,60.1,47.8,Placed
STU09128,6.77,1,3,2,62.8,3.8,Yes,No,55.9,65.6,Placed
STU00698,6.37,1,2,0,58.7,3.7,Yes,No,65.3,72.5,NotPlaced
STU05464,6.83,1,1,1,73.5,3.7,No,Yes,64.1,66.9,NotPlaced
STU01694,6.29,2,2,1,62.4,2.7,Yes,Yes,55.8,85.3,Placed
STU00271,8.8,0,1,3,76.7,2.3,No,Yes,96.3,65.6,NotPlaced
STU05079,7.8,3,1,1,64.5,2.8,Yes,Yes,77.8,82.8,Placed
STU03379,7.96,2,2,1,68.8,3.3,Yes,No,64.6,53.2,Placed
STU01294,8.25,1,1,1,79.3,3,No,Yes,55.1,70.5,Placed
STU07571,6.52,2,0,3,69.6,1.9,No,Yes,72.6,63.3,Placed
STU07693,8.84,3,2,1,61.7,3.8,No,Yes,65.9,68.5,Placed
STU02211,6.37,1,2,1,70.4,2.7,No,Yes,59.6,79.4,NotPlaced
STU03381,9.45,1,1,1,41.3,4.7,No,No,72,68.9,NotPlaced
STU09217,8.59,0,3,2,78.2,3.3,No,Yes,75,47.1,NotPlaced
STU08749,5.74,0,2,1,84.1,4.9,Yes,No,87.8,73.3,NotPlaced
STU05544,7.32,0,1,1,84.8,4.2,Yes,No,49.1,72.5,NotPlaced
STU03646,6.5,0,1,3,83.7,1.5,Yes,No,62.1,65.5,NotPlaced
STU08354,8.19,1,1,3,70.3,3.3,Yes,Yes,87.8,76.7,Placed
STU06938,7.09,1,3,2,64.6,3.8,Yes,Yes,42.1,52.5,Placed
STU04222,8.26,0,1,1,61.5,4.1,Yes,Yes,68.6,66.3,NotPlaced
STU03963,7.54,0,1,0,60.5,4.3,No,No,63.9,83,NotPlaced
STU06468,7.07,1,2,1,68.6,2.9,No,Yes,49.5,63.3,NotPlaced
STU05414,8.29,1,2,1,82.1,5,Yes,Yes,67.7,77.9,Placed
STU04978,7.6,2,1,1,65.9,3.4,No,No,82.5,52.5,Placed
STU08025,5,2,1,2,71.6,3.3,No,Yes,75.7,67.4,Placed
STU00727,7.52,0,3,1,56.5,3.8,Yes,No,53.9,69.2,NotPlaced
STU04523,7.95,0,1,0,76.8,2.7,No,No,61.9,79.3,NotPlaced
STU01978,8.35,1,3,1,59,3.9,Yes,No,78.8,63.2,Placed
STU08785,6.42,0,2,1,77.4,3.1,No,Yes,66.9,75.5,NotPlaced
STU03806,7.96,1,3,2,74.4,3.3,Yes,No,67.9,53.8,Placed
STU09487,7.35,3,2,2,78.1,2.8,Yes,Yes,69.3,67.2,Placed
STU01042,7.09,2,1,3,65,4.4,Yes,No,70.4,80,Placed
STU03466,6.3,0,1,2,63.6,4.2,Yes,No,61.9,78.6,NotPlaced
STU05416,8.08,2,2,2,94.2,4.4,Yes,No,47.1,66.5,Placed
STU07369,6.34,1,4,2,56.3,3.3,No,Yes,64.4,61.3,Placed
STU00759,6.73,1,0,2,61.4,3.4,Yes,Yes,58.1,83.3,NotPlaced
STU09283,6.74,1,2,2,77.1,4,Yes,No,76.5,64.6,Placed
STU01887,6.77,0,2,1,62.6,3.5,Yes,Yes,61.2,59.1,NotPlaced
STU06736,7.96,1,4,3,67.3,3.2,No,No,76.2,73.5,Placed
STU02750,7.32,1,3,1,60.7,4,Yes,No,78.9,59.9,Placed
STU03582,8.7,0,2,1,67.5,4.5,Yes,No,69.3,64.7,NotPlaced
STU00372,7.95,2,3,0,76.5,3.6,No,Yes,100,83.3,Placed
STU08472,8.88,0,2,1,64.8,3.4,Yes,Yes,74.1,68.7,NotPlaced
STU06913,6.88,1,4,1,89.4,4.3,Yes,Yes,79.5,75,Placed
STU03349,8.11,3,2,3,60,3.7,Yes,Yes,77.5,68.9,Placed
STU05128,7.49,0,3,2,77.5,4.3,Yes,Yes,63.7,88.3,Placed
STU01769,7.61,1,2,0,86.8,2.9,No,Yes,67.8,82.1,Placed
STU08678,7.9,1,1,2,98.7,4.3,No,Yes,76,59.8,Placed
STU05789,5.93,0,0,1,79.2,4,Yes,No,57.9,79,NotPlaced
STU03091,5.86,0,1,1,84.9,3,No,No,83.1,65.3,NotPlaced
STU00382,6.96,1,3,1,56.8,3.9,No,No,61.9,83,NotPlaced
STU08067,8.55,1,3,1,80.4,3.6,No,Yes,77.2,80.1,Placed
STU03996,7.53,1,2,1,63.2,4.4,Yes,No,51,80.1,Placed
STU06831,7.9,1,2,0,78.6,3.6,Yes,No,88.1,84.1,Placed
STU09561,7.21,1,2,3,59.3,2.7,No,No,65,66.1,Placed
STU03407,8.11,2,4,1,79.9,3.5,No,Yes,60.7,72.1,Placed
STU07412,7.59,1,1,3,69.7,2.7,Yes,Yes,80,98.2,Placed
STU01102,5,0,1,1,64.5,2.8,No,No,66.6,81.8,NotPlaced
STU01186,8.35,0,4,2,75.4,2.9,Yes,No,65.4,71.9,Placed
STU01704,8.5,1,1,2,69.5,3.4,No,Yes,78.2,72.2,Placed
STU00116,7.77,0,1,2,92.9,3.4,Yes,No,48,96.3,NotPlaced
STU00975,7.1,1,0,0,88.2,4,No,Yes,89,40.6,NotPlaced
STU07951,6.23,1,0,1,80.7,2.6,Yes,No,71.8,78.9,NotPlaced
STU09804,6.59,2,1,0,75.4,4.2,Yes,Yes,70.7,62.2,Placed
STU07376,9.28,0,1,1,76.5,4.3,Yes,Yes,83.7,60.5,NotPlaced
STU02665,7.92,1,1,0,64.9,3.8,Yes,No,82.4,65.6,NotPlaced
STU08063,6.15,3,1,1,67.7,3.6,Yes,No,67.3,97.6,Placed
STU09956,8.13,0,3,1,86.7,3.3,Yes,Yes,69.7,89.5,Placed
STU07069,8.95,1,1,0,61,3.8,Yes,No,87,74.8,NotPlaced
STU00818,8.3,3,1,1,64.5,3.4,No,No,70.3,40,Placed
STU01021,7.97,0,0,2,86.9,2.6,Yes,Yes,78.3,75,NotPlaced
STU04402,8.46,2,2,0,70.5,1.9,No,Yes,80,96.3,Placed
STU07332,8.15,0,1,1,76.1,3.6,No,No,76.4,88.2,NotPlaced
STU03740,6.29,0,2,1,72.5,4,Yes,Yes,68.2,75.9,NotPlaced
STU03889,7.63,1,3,3,67.8,4.4,No,Yes,56.4,74.4,Placed
STU06030,6.97,1,4,2,74.6,3.1,No,Yes,73.9,72,Placed
STU06758,7.94,1,3,0,79.7,4,Yes,No,82.1,70,Placed
STU02392,6.66,1,1,1,71.7,4.1,Yes,Yes,81.9,88.7,Placed
STU05747,7.15,2,1,0,57.1,2.3,Yes,Yes,73.2,56.5,NotPlaced
STU05556,6.19,2,1,2,72.8,3.9,No,Yes,83.6,49.3,Placed
STU01666,7.48,0,2,1,85.6,3,Yes,Yes,59.7,69,Placed
STU08309,6.92,0,1,2,50.6,3.7,Yes,No,95.7,60.9,NotPlaced
STU05600,7.91,1,1,3,61.9,3.9,Yes,No,65.5,75.8,NotPlaced
STU06574,7.08,0,1,2,62.2,2.1,Yes,Yes,57.1,76.7,NotPlaced
STU04510,7.44,1,1,2,69.6,2.7,No,No,83.3,66,Placed
STU06912,8.71,0,2,2,68.1,4,Yes,Yes,73.5,67.8,Placed
STU02707,7.63,0,0,1,65.1,2.5,Yes,Yes,66.3,63.6,NotPlaced
STU07912,8.01,1,2,1,73.4,3.5,No,Yes,84.9,78.4,Placed
STU07561,6.12,1,3,2,75.2,3.8,Yes,Yes,72.8,91.2,Placed
STU09149,7.04,0,2,3,76.7,3.3,No,Yes,62.5,84.7,NotPlaced
STU05104,7.57,2,2,1,68,2.8,No,Yes,66.3,65.8,Placed
STU09660,7.62,1,0,1,68.2,2.8,Yes,No,66.7,79.7,NotPlaced
STU02106,8.98,1,1,1,73.6,3.5,No,No,92.5,66,NotPlaced
STU09013,5.23,1,1,1,58.4,3.2,Yes,No,59,50.8,NotPlaced
STU05454,6.5,3,3,0,66.7,4.5,Yes,Yes,84.7,83.2,Placed
STU08635,6.5,2,2,3,67.8,3.5,Yes,Yes,45.1,68.7,Placed
STU07371,7.69,2,0,1,61,4.6,Yes,Yes,56.9,70,Placed
STU03681,6.49,1,3,0,74.4,4.2,Yes,No,66.8,62.7,Placed
STU04282,6.14,1,1,1,86,3.3,Yes,No,78.8,70.2,NotPlaced
STU00240,8.27,2,3,1,61.3,3,Yes,Yes,69.9,84,Placed
STU06842,6.99,1,2,0,83,3.4,Yes,Yes,64.3,87.4,NotPlaced
STU00098,7.73,1,2,0,96.2,3.6,Yes,No,60.6,72.6,Placed
STU04972,7.43,2,3,1,88.8,3.2,Yes,Yes,72.3,62.8,Placed
STU03023,7.13,0,3,1,71,3.5,Yes,No,77.2,72.7,NotPlaced
STU02446,7.74,0,2,2,68.4,2.6,No,No,63.5,98.8,NotPlaced
STU04220,5.88,1,2,1,70.1,4.7,Yes,Yes,76.5,89.1,Placed
STU09778,7.65,0,1,3,71.6,2.1,Yes,No,97.3,56.2,NotPlaced
STU00091,7.59,0,0,2,72.1,1,No,Yes,88.6,73.8,NotPlaced
STU00373,8.81,1,4,3,83.4,3.4,No,Yes,68.3,62.5,Placed
STU06789,6.51,0,1,0,65.7,3,Yes,Yes,77.1,84.8,NotPlaced
STU00579,6.17,1,1,3,83.5,2.8,Yes,No,85.3,62,Placed
STU09630,9.34,1,2,0,71.3,2.8,Yes,No,61.4,68.8,NotPlaced
STU06805,6.72,0,0,1,78.3,2.9,No,Yes,62,63.3,NotPlaced
STU03616,8.16,1,2,0,72,3.3,Yes,No,53.4,68.8,NotPlaced
STU06721,8.01,1,2,2,51.3,3.7,No,Yes,89.9,66.4,Placed
STU07207,7.75,0,2,0,75.4,5,No,Yes,89.4,52.8,NotPlaced
STU00352,8.83,3,2,1,69.8,4.5,Yes,No,52.6,81.3,Placed
STU07846,8.82,1,0,1,80.2,4.5,Yes,No,85.4,56.3,NotPlaced
STU04663,6.99,1,0,2,62.7,2.4,No,No,72,74.4,NotPlaced
STU03728,8.46,1,1,2,69.3,3.8,Yes,Yes,66.2,58.6,Placed
STU01717,7.8,2,3,1,81,2.9,Yes,Yes,72.2,76.7,Placed
STU08504,7.26,1,4,0,77.3,4.2,Yes,Yes,100,83.2,Placed
STU04960,7.95,1,2,1,79.5,3.1,Yes,No,86.6,64.8,Placed
STU03787,7.78,0,2,2,64.7,4,Yes,Yes,67.9,67.1,Placed
STU06466,8.23,1,3,2,73.8,2.8,No,Yes,87.7,70.5,Placed
STU05980,7.94,1,2,2,83.8,3.4,No,Yes,72.3,67.3,Placed
STU01892,7.51,0,2,2,79.3,2.5,Yes,Yes,63.6,72.6,Placed
STU02045,6.76,1,2,2,61.1,3.6,No,No,70.3,59.8,NotPlaced
STU04729,8.93,1,0,1,67.1,3.3,Yes,No,60.9,61.3,Placed
STU06824,8,3,2,1,79.7,3.8,Yes,Yes,72.2,74.1,Placed
STU07247,7.39,0,2,0,81.8,3.8,Yes,Yes,73.7,73.6,NotPlaced
STU09654,8.87,3,1,1,78.2,5,Yes,No,73,76.9,Placed
STU02836,7.23,2,1,1,60.7,4.5,Yes,No,79,82.6,Placed
STU00954,8.8,0,3,1,92.3,3.5,Yes,No,73.1,73.3,Placed
STU04178,7.78,1,0,1,58.5,4,No,Yes,79.7,100,NotPlaced
STU00671,8.62,1,2,1,69.6,3.8,No,Yes,55.9,72.4,Placed
STU07475,7.41,1,1,3,83.5,4.2,Yes,No,69.6,72.9,Placed
STU00804,7.08,1,2,2,85.3,3,Yes,Yes,73.1,68.7,Placed
STU08645,7.73,3,2,1,65.7,3.9,No,Yes,53.4,77,Placed
STU00392,7.94,0,1,1,90.9,4.5,Yes,No,67,94.4,NotPlaced
STU03431,7.92,1,1,1,60.4,2.6,No,Yes,83.9,65.3,NotPlaced
STU08415,6.98,1,1,2,67.2,4.3,Yes,Yes,52.7,86.2,Placed
STU06123,6.81,1,1,1,85.2,2.4,No,Yes,71.9,65.6,NotPlaced
STU08112,5.76,2,1,0,100,3.4,Yes,No,86,51.5,NotPlaced
STU04603,8.97,1,1,0,70.2,3.1,Yes,Yes,91,70.2,Placed
STU00206,6.66,0,2,2,82.1,2.7,No,No,70.3,62.3,NotPlaced
STU03150,6.69,2,1,2,66.3,3.6,Yes,Yes,58.9,77.5,Placed
STU05524,6.95,1,2,0,65.4,4.6,No,Yes,66.4,69.1,Placed
STU06960,7.59,1,3,1,78.2,3.6,No,Yes,64.9,73.5,Placed
STU01382,7.06,0,1,2,58.6,4,No,Yes,75.5,71.4,NotPlaced
STU02172,7.43,1,3,2,73.4,2,Yes,Yes,70.8,64.2,Placed
STU09163,8.1,1,1,2,84.1,2.5,Yes,Yes,68.5,77.1,Placed
STU09615,7.09,2,4,0,66.9,3.7,Yes,No,75,67.7,Placed
STU06192,6.53,1,1,0,63.5,4.3,Yes,No,60.1,60.5,NotPlaced
STU04545,7.83,1,2,1,72.5,4.2,No,No,91.4,60.7,Placed
STU00961,8.08,2,2,2,64.7,4.1,No,Yes,95,70.7,Placed
STU03786,7,2,1,2,72,4.3,No,Yes,44.9,40,Placed
STU08434,8.17,0,3,2,88.7,3.9,No,No,82,71.9,Placed
STU08807,6.72,1,1,2,64,3.4,Yes,Yes,59.8,88.1,NotPlaced
STU03773,6.8,1,3,0,71.9,2.6,Yes,Yes,69.7,70.8,Placed
STU02895,7.96,2,1,2,65.2,3.2,No,Yes,59,74.6,Placed
STU03415,7,0,0,1,61.2,2.9,No,No,91.9,70.2,NotPlaced
STU02053,6.91,1,2,1,74.6,4.4,No,Yes,82.5,56,Placed
STU08316,8.19,2,0,1,84.9,3.9,Yes,Yes,56.3,87.7,Placed
STU08721,7.22,1,2,2,74.2,4,Yes,No,68.7,67.5,Placed
STU05686,6.16,2,1,1,74.9,3.4,No,Yes,72.5,58.6,NotPlaced
STU01035,7.07,1,3,1,77.4,4.7,Yes,Yes,82.2,67.2,Placed
STU07637,6.51,1,3,1,63.7,3.1,No,No,72.5,79.5,Placed
STU06985,6.37,1,2,1,58.1,3.3,Yes,Yes,53.1,54.7,Placed
STU05282,8.09,0,0,1,72.9,4.1,No,No,76.5,73.1,NotPlaced
STU03167,7.15,2,1,3,69.1,2.6,No,Yes,47.4,83.5,Placed
STU09807,7.64,2,3,1,71.5,3,Yes,No,84.1,60.1,Placed
STU02427,8.01,1,2,2,64.1,3.3,Yes,No,67.1,60.3,Placed
STU02988,7.58,0,3,3,88.4,2.2,Yes,No,60.2,67.1,Placed
STU02698,6.32,0,2,0,74.4,3.5,No,No,64.3,76.9,NotPlaced
STU05629,6.77,0,1,1,76,3.1,No,Yes,88.7,85.8,NotPlaced
STU05055,6.41,0,2,1,57.9,3,No,Yes,100,75.6,NotPlaced
STU07243,6.73,1,1,2,63.8,4,No,Yes,79,85.3,NotPlaced
STU06490,8.69,0,3,1,93.9,5,No,Yes,80.8,75.9,Placed
STU02049,7.2,2,1,1,73.8,2.5,Yes,No,60.8,87.6,NotPlaced
STU08775,8.79,1,2,1,58.2,3.8,Yes,Yes,60.4,96.7,Placed
STU08361,8.09,0,3,3,69.6,4.1,Yes,Yes,63.5,67.3,Placed
STU01508,8.36,2,3,1,73.1,3,No,No,55.7,61.4,Placed
STU09917,8.68,1,1,2,66.6,3.4,Yes,Yes,71.3,78.1,Placed
STU01800,7.52,2,0,2,59.6,5,Yes,No,87.7,69,Placed
STU00653,7.26,1,2,1,89.5,3.6,No,Yes,77.2,72.9,Placed
STU08535,8.64,2,4,2,65.4,3.9,No,No,68.7,80.7,Placed
STU07508,6.8,0,1,2,66,3.5,Yes,Yes,68.3,79,NotPlaced
STU00742,6.35,2,2,3,75.9,3.1,Yes,No,100,59.5,Placed
STU07826,8.55,1,2,0,62.3,3.7,Yes,Yes,68.6,61.4,Placed
STU08682,7.59,1,2,2,77.7,3.3,Yes,No,91.8,64.1,Placed
STU02062,7.38,2,1,0,61.2,2.7,Yes,No,59.5,78.9,NotPlaced
STU00754,8.45,0,0,0,67.8,2.9,Yes,Yes,61.2,69.3,NotPlaced
STU09632,7.41,2,1,1,96.4,2.9,No,No,96.5,74.5,Placed
STU07148,5.11,1,2,2,67.6,4.4,Yes,Yes,50.3,72.9,Placed
STU00078,7.23,0,2,2,64.8,2.3,No,No,48.9,69.3,NotPlaced
STU09745,8.02,2,2,0,71.2,4,No,Yes,65.2,76.6,Placed
STU01393,9.31,2,2,1,80.1,3.4,Yes,Yes,68.9,74.5,Placed
STU03796,7.21,1,1,0,77.9,4,No,No,59,88.3,NotPlaced
STU09923,5.95,1,2,1,70.3,4.9,No,Yes,61.2,68.6,NotPlaced
STU00977,7.09,1,4,2,82.8,2.6,Yes,No,70.6,57.4,Placed
STU08127,8.29,1,2,3,80.6,3.8,Yes,Yes,74.9,90.3,Placed
STU05978,8.06,1,2,2,65.2,3.5,Yes,Yes,74.7,75.2,Placed
STU00822,8.77,1,2,1,69.6,3.4,No,Yes,89.5,58.8,Placed
STU07057,7.26,0,3,1,73.8,2.4,Yes,No,63.1,53.1,NotPlaced
STU06414,7.8,2,2,1,66.3,2.4,No,No,75.7,74.8,Placed
STU06777,8.28,0,3,1,68.3,2.7,Yes,No,65.5,72.7,Placed
STU08126,8.3,1,0,1,67.9,2.9,Yes,Yes,83.4,64.6,Placed
STU01370,6.7,1,0,1,77.3,3.5,No,No,53.9,79.2,NotPlaced
STU00316,7.52,2,0,1,78.1,4.6,No,Yes,78.5,57.9,Placed
STU07625,9.95,1,1,1,76.3,4.6,Yes,No,80.1,89.8,Placed
STU01885,7.48,2,2,3,58,4.2,Yes,Yes,98.1,76.7,Placed
STU07859,5,3,1,2,69.4,5,Yes,Yes,89.8,83.6,Placed
STU06371,7.27,2,2,2,58.4,3.4,No,No,69.7,72.8,Placed
STU00187,7.93,1,1,2,69.9,3.5,Yes,No,49.6,77.1,NotPlaced
STU04854,7.63,1,3,1,80.2,3.5,Yes,No,52.5,40,Placed
STU05561,6.56,2,1,2,48.7,4.7,Yes,No,70.2,77.1,Placed
STU09871,7.55,2,4,1,62.2,3.7,Yes,No,77.5,71.9,Placed
STU00516,8.18,0,1,1,68.9,2.7,Yes,No,70.2,84.4,NotPlaced
STU05287,6.4,2,3,1,73.2,4.2,Yes,No,75.7,57.4,Placed
STU02888,8.75,2,3,2,76,3.9,Yes,No,72.6,70.5,Placed
STU04456,7.76,2,3,1,69.1,4.1,No,No,56.8,83.7,Placed
STU09420,7.28,2,2,2,73.4,3.4,No,No,80.5,61.4,Placed
STU09945,7.33,2,1,2,77.6,2,Yes,Yes,60.7,75,Placed
STU03780,7.42,2,1,1,81.7,3.4,No,Yes,80.1,75.4,Placed
STU02245,8.96,1,1,2,75.6,2.9,Yes,Yes,73.7,55,Placed
STU00675,6.23,1,3,0,70.1,3.1,Yes,Yes,66.7,79.2,Placed
STU05853,8.05,0,2,2,55.2,3.8,No,No,59.5,74.4,Placed
STU05800,6.92,0,4,1,73.6,3.2,Yes,Yes,65,80.6,NotPlaced
STU04300,6.79,0,3,1,55,2.3,No,No,76.4,50,NotPlaced
STU00411,8.14,2,3,0,66.3,3.5,Yes,No,77.3,70.7,Placed
STU07199,9.1,1,0,2,71.9,4.4,Yes,No,69.4,70.9,Placed
STU06275,7.14,1,2,0,82,4,Yes,No,82.5,82.6,Placed
STU02014,6.65,0,4,0,75.7,1.5,Yes,Yes,82.7,71,Placed
STU03626,6.65,2,2,0,74.9,2.9,Yes,Yes,65.3,61.2,Placed
STU02314,7.95,1,1,1,67.6,2.6,No,Yes,87.3,91.7,Placed
STU04324,6.53,1,0,1,77.9,3.4,Yes,Yes,55.6,81.7,NotPlaced
STU08374,5.3,1,1,3,87.8,3.9,No,No,73.5,68.1,Placed
STU05392,7.65,1,2,1,48.1,3.6,Yes,Yes,63.7,88.6,Placed
STU09375,6.77,1,2,2,68.5,3.7,Yes,No,70.8,73.5,Placed
STU09475,5.59,0,1,1,64.6,3.7,Yes,No,78,58.1,NotPlaced
STU03929,6.44,0,2,2,74.8,3.1,No,Yes,63.5,60.7,Placed
STU01032,6,0,1,0,69.6,2.5,No,Yes,80.7,64.4,NotPlaced
STU02381,6.63,1,1,0,58.2,2.7,Yes,Yes,64.2,78.4,Placed
STU09738,7.05,0,4,1,52.6,4,Yes,Yes,83.4,68.1,Placed
STU06899,7.46,1,1,1,75.3,3,Yes,Yes,98.4,74.5,Placed
STU09959,8.09,1,3,0,79.5,3.7,Yes,No,76.6,84.2,Placed
STU09575,7.86,2,0,2,53.7,3.9,Yes,No,82.9,53,Placed
STU04318,8.52,0,3,1,84.2,3.3,Yes,Yes,66.3,48.4,Placed
STU07916,7.5,0,4,1,71.5,4,No,No,81.4,68.2,NotPlaced
STU01980,7.87,1,1,1,71.7,2.3,No,Yes,95.9,80.2,NotPlaced
STU07524,7.91,1,1,0,80.5,2.8,Yes,Yes,87.1,78.9,Placed
STU09597,6.62,1,1,1,69.1,5,No,Yes,71.2,88.5,Placed
STU05962,9.39,1,1,1,81.7,2,Yes,Yes,69.5,67.3,Placed
STU09187,5.96,1,3,3,69,4.1,Yes,No,76.9,40,Placed
STU06411,7.9,0,2,1,86.7,4,No,Yes,76.1,72.3,Placed
STU08093,7.41,1,4,1,74.6,2.7,No,No,81.4,40,Placed
STU03549,6.5,0,1,2,74.7,3.8,Yes,Yes,70.5,79.5,NotPlaced
STU08335,8.43,2,3,0,63.9,3.9,Yes,Yes,57.8,76.2,Placed
STU08619,8.12,1,1,1,76,4,No,Yes,91.9,73,Placed
STU05411,7.03,0,0,0,64.4,2.8,No,No,71.4,47.4,NotPlaced
STU00105,7.35,0,3,0,76.2,3.5,Yes,No,62.5,84,NotPlaced
STU08108,8.24,3,2,2,81.2,3.9,No,Yes,51.3,89.8,Placed
STU00145,7.73,0,0,2,72.5,3.7,Yes,Yes,93.4,66.2,NotPlaced
STU03359,7.91,1,1,3,63.1,2.3,Yes,No,67.3,81.2,NotPlaced
STU08823,7.74,1,1,0,64.1,2.4,Yes,Yes,78.7,57.2,NotPlaced
STU01851,6.92,3,3,2,67,4,Yes,Yes,61,67.8,Placed
STU00202,8,1,1,3,69.3,3.5,Yes,No,66.7,62.4,NotPlaced
STU01376,7.31,0,2,1,75.6,3.9,No,Yes,76.4,77.3,Placed
STU01262,7.57,1,3,1,71.9,2.9,No,Yes,63.3,79.3,Placed
STU08771,7.16,1,2,0,80.2,2.2,Yes,No,61.1,72.8,NotPlaced
STU04752,7.27,1,4,1,57.1,3.1,Yes,Yes,85.8,58.7,Placed
STU00293,6.97,0,1,2,77,3.3,Yes,No,74.7,78.4,NotPlaced
STU09652,8.11,0,1,1,80.6,5,Yes,Yes,62.3,57.9,NotPlaced
STU06748,7.97,1,2,1,97.7,4.1,No,No,74.7,50,Placed
STU04344,8.42,2,1,1,71.3,4.6,No,No,61.2,78.3,Placed
STU07755,7.55,1,1,2,70.1,1,No,Yes,80.5,66.6,Placed
STU02489,7.52,0,2,2,71.8,4.7,Yes,No,70,76.2,NotPlaced
STU03462,9.21,1,3,0,69.6,2.2,Yes,No,53.9,70.4,Placed
STU08532,6.2,0,3,1,71.4,3.7,Yes,No,74.7,67.8,NotPlaced
STU08032,8.85,1,2,1,66.7,2.8,No,No,68.6,73.3,NotPlaced
STU07785,7.67,1,1,0,74.9,4.1,Yes,Yes,64.5,55.4,NotPlaced
STU09874,8.75,0,0,2,69.5,3.4,Yes,No,91.3,67.2,NotPlaced
STU06384,7.39,0,1,1,71.8,3.1,Yes,Yes,56.4,58.3,NotPlaced
STU01166,9.7,3,0,1,66,3.2,Yes,No,73,61.3,Placed
STU05538,7.18,1,3,0,76.8,2.5,No,No,78,85.9,Placed
STU06935,8.29,1,1,2,79.4,4.4,Yes,Yes,67.8,75.9,Placed
STU00169,7.28,2,0,1,80.5,3.5,No,No,85.7,77.9,Placed
STU07944,7.9,1,1,0,63.3,4.4,No,No,78,65.8,NotPlaced
STU03515,7.89,1,2,1,70.4,3.1,Yes,Yes,87.1,83.3,Placed
STU01787,7.22,1,2,0,68.3,2.9,No,No,71.6,68,NotPlaced
STU05125,8.12,1,1,2,83.6,3.4,Yes,No,68.7,50.5,Placed
STU04350,7,0,4,2,48.9,1.3,Yes,Yes,63.6,78.1,NotPlaced
STU09942,9.12,0,4,1,55.2,4.3,Yes,No,63.2,68.1,Placed
STU00866,7.15,1,3,1,59.6,3.9,Yes,Yes,70.9,79.6,Placed
STU09409,7.15,1,1,2,59.1,3.5,No,Yes,89.1,78.8,Placed
STU06838,5.91,0,1,2,76.3,3.5,No,Yes,61.4,71,NotPlaced
STU01236,8.98,2,0,2,48.2,2.8,Yes,Yes,72.9,67.7,Placed
STU01276,7.63,0,0,1,61.8,4.2,Yes,Yes,90.4,45.1,NotPlaced
STU08324,8.98,0,4,3,61.2,3.3,No,Yes,66.8,70.3,Placed
STU06284,8.42,0,2,3,65.5,4.5,Yes,No,71.1,80.3,NotPlaced
STU04957,7.32,1,2,1,45.7,3.2,No,No,71.8,84.9,NotPlaced
STU00151,7.73,1,2,3,73.9,5,No,Yes,61.3,59.2,Placed
STU04689,6.2,0,2,1,76.1,3.8,Yes,Yes,63.4,70.2,NotPlaced
STU09059,6.17,1,2,1,68.3,2.8,No,Yes,67.2,72.9,Placed
STU05876,6.62,1,1,1,76.3,3.2,No,No,78.1,73.4,NotPlaced
STU02879,7.76,1,1,3,71.5,3.3,Yes,Yes,81.8,77,Placed
STU01628,8.65,2,2,2,66.1,4,No,Yes,100,55.6,Placed
STU05758,7.2,1,3,1,81.4,3.5,No,Yes,57.3,75.5,Placed
STU06523,7.17,1,2,2,61.5,4.6,Yes,Yes,64.5,68.9,Placed
STU00442,7.47,0,1,3,70.2,4.6,No,No,95.4,69.9,NotPlaced
STU06128,8.85,1,1,2,67.2,4.1,No,Yes,72.9,77.8,Placed
STU09157,7.78,0,3,2,43,2.9,No,Yes,65.8,83,NotPlaced
STU02542,6.37,0,2,1,65.8,4.3,Yes,Yes,70.7,57.4,NotPlaced
STU00248,6.91,1,2,1,75.9,4.2,Yes,Yes,76,81.6,Placed
STU00643,7.27,1,0,3,79.5,2.9,No,No,57.7,63.7,NotPlaced
STU09449,7.16,2,1,2,59.2,4.4,No,No,68.7,43.2,Placed
STU09940,5.78,3,1,2,63.1,2.5,Yes,No,86.9,76.1,Placed
STU05646,5.93,0,1,0,58.2,3.7,Yes,Yes,68.5,73.1,NotPlaced
STU09711,6.56,2,2,2,81.4,4.1,Yes,Yes,98.4,65.5,Placed
STU06094,6.72,0,1,0,84.5,4.1,No,Yes,56.2,55,NotPlaced
STU08786,7.7,2,1,3,77.8,3.9,No,Yes,73.9,63.2,Placed
STU05198,7.2,0,0,2,71.8,3.6,Yes,Yes,60.8,62,NotPlaced
STU09907,8.07,0,0,0,70.9,3.1,Yes,Yes,95.7,70.3,NotPlaced
STU01856,6.9,0,3,1,68.8,2,Yes,No,96.7,71.9,NotPlaced
STU05834,8.24,1,2,0,73.6,3.6,Yes,No,69.4,62.2,Placed
STU05808,7.18,1,1,2,76.9,3.9,No,No,57.3,85.4,Placed
STU04704,8.02,1,2,1,86.1,4,No,No,79.3,96.4,Placed
STU08311,6.69,0,1,0,84.6,4.4,No,Yes,85.9,61.1,NotPlaced
STU03316,7.87,1,4,1,86.4,3.6,Yes,No,81.7,60.8,Placed
STU07456,6.55,1,0,2,87.9,4,No,Yes,44.6,89.9,NotPlaced
STU01756,8.74,0,3,2,68.9,2.8,No,No,70.8,83.8,NotPlaced
STU03631,8.04,1,2,1,69.5,1.9,No,Yes,55.1,72.9,NotPlaced
STU06506,7.27,1,3,3,63.2,4,Yes,No,75.2,76.3,Placed
STU00093,6.87,0,2,1,84.5,4.1,No,Yes,60,77.3,Placed
STU08931,7.17,3,2,2,74.9,3.1,No,Yes,78.8,60.3,Placed
STU02370,8.61,1,2,1,57.9,4,No,No,61.3,80.1,NotPlaced
STU01797,7.21,3,1,2,78,4,Yes,No,76.5,93.7,Placed
STU09557,6.17,1,2,1,87.4,2.5,No,No,75,68.6,NotPlaced
STU02125,7.52,1,2,2,76.4,2.9,Yes,Yes,78.9,90.9,Placed
STU01319,6.95,0,1,1,71.3,5,Yes,No,65.9,71.7,Placed
STU00133,6.54,1,0,1,59.7,3.2,No,No,81.9,58.4,NotPlaced
STU00780,8.06,1,2,1,58.9,3.6,No,No,70.2,70.1,NotPlaced
STU07505,6.9,0,2,0,60,4.2,Yes,No,62.4,96.1,NotPlaced
STU09433,7.25,0,2,2,63.7,2.7,Yes,No,78.9,86.3,NotPlaced
STU03680,7.42,0,3,1,74.5,2.6,Yes,Yes,96.8,61.3,Placed
STU09889,7.73,0,2,3,72.1,4.3,No,No,62.4,82,Placed
STU03664,7.78,1,2,1,77,3.6,Yes,No,78,40,Placed
STU03218,7.03,0,2,2,84.4,2.8,Yes,Yes,67.3,74.2,Placed
STU06006,8.25,2,1,1,59.2,3.1,No,No,71.2,74.5,Placed
STU06778,7.79,1,1,2,89.8,3.7,Yes,No,69.7,68.8,NotPlaced
STU06033,7.95,1,1,1,70.5,3.8,Yes,Yes,65.2,86.1,Placed
STU06849,9.78,2,2,1,70.2,4,No,Yes,100,73.3,Placed
STU06379,8.32,0,1,1,90.2,3.7,Yes,Yes,69.5,60.2,NotPlaced
STU02886,7.05,0,3,1,52,3.2,Yes,No,67,63.1,NotPlaced
STU03745,6.6,1,4,1,81.3,3.4,No,No,88,66.6,Placed
STU01915,5.88,1,1,2,83.2,3.4,Yes,No,67.4,61.1,NotPlaced
STU08684,8.25,1,4,2,68.6,4.3,Yes,No,62.1,69.7,Placed
STU01375,8.82,1,4,2,59.5,2.6,Yes,Yes,55.3,81.6,Placed
STU07488,7.91,0,3,1,78,3.9,No,No,98.8,69.4,NotPlaced
STU01780,6.88,1,1,1,64.4,4,No,Yes,69.9,84.7,NotPlaced
STU04780,5,1,1,1,81.9,1.8,No,Yes,75.2,60.1,NotPlaced
STU00367,7.7,0,0,3,65.4,3.4,Yes,Yes,77.2,69,NotPlaced
STU02145,7.3,1,1,1,83.1,3.1,Yes,Yes,65.6,67.7,Placed
STU04461,8.57,1,3,3,76.3,3.8,Yes,No,80.2,75,Placed
STU03205,6.64,1,4,3,71.8,5,Yes,No,71.2,79.7,Placed
STU08233,5.66,2,3,0,62.7,2.9,Yes,Yes,57.5,75.5,Placed
STU07203,8.23,1,2,1,71.5,4,Yes,Yes,55.3,53.5,Placed
STU08062,7.64,1,2,1,81.4,2.8,Yes,Yes,68.8,69.8,Placed
STU09443,6.63,1,0,1,65.6,2.2,Yes,No,71.1,58.7,NotPlaced
STU09574,5.03,0,2,0,40,3.9,Yes,No,67.1,76.1,NotPlaced
STU01052,7.86,0,0,1,58.1,4.4,Yes,No,67.5,70,NotPlaced
STU03738,7.36,2,3,3,81.3,1.1,Yes,Yes,72.9,65.6,Placed
STU09593,8.63,2,2,0,77.9,4.8,Yes,Yes,84.5,47.8,Placed
STU04691,7.43,2,0,0,61.2,3.2,Yes,Yes,75.1,64.3,Placed
STU06332,6.28,2,3,2,66.6,3,Yes,No,81.5,81.4,NotPlaced
STU08858,7.62,0,3,2,71.4,2.4,No,Yes,77.7,70.5,Placed
STU02832,6.67,2,2,2,65.3,3.6,Yes,Yes,94.6,70.3,Placed
STU00883,7.06,1,3,0,55.7,2.8,No,No,79.5,93.5,NotPlaced
STU07191,7.64,3,2,2,85.2,2.9,No,No,66.4,77.2,Placed
STU07658,5.58,0,3,2,72.8,3,Yes,No,82.6,76.5,Placed
STU05309,6.82,1,3,2,66.3,3.3,Yes,No,64.1,80.3,NotPlaced
STU08275,6.49,2,2,2,79.1,3.1,Yes,Yes,62.5,66.5,Placed
STU09364,7.63,1,4,1,74.6,3.6,Yes,No,66.7,50.8,Placed
STU04431,5.9,1,3,2,68.3,2.4,Yes,Yes,74.6,67.5,Placed
STU09842,8.7,1,1,0,73.9,1.3,No,No,78.3,77.1,NotPlaced
STU00697,7.79,1,3,2,67.6,4.1,Yes,Yes,85.5,67.2,Placed
STU04258,8.78,2,1,1,81.3,4.5,Yes,Yes,67.5,63.1,Placed
STU01669,8.26,1,1,0,77.5,3.5,Yes,No,73.1,78.3,Placed
STU02353,8.12,0,0,1,58.3,3.2,Yes,Yes,78.3,57.3,NotPlaced
STU09031,7.49,1,0,0,73,2.9,Yes,Yes,72.1,67.2,NotPlaced
STU04506,7.84,0,3,2,73.9,4.2,Yes,No,95.3,80.9,Placed
STU07797,6.29,3,2,3,65.2,2.6,No,No,81,75.7,Placed
STU03158,7.6,0,2,3,70.7,1.4,Yes,Yes,61,43.1,NotPlaced
STU06256,5.52,0,3,2,73.2,3.1,Yes,No,50.9,67,NotPlaced
STU03110,5.82,1,2,0,74.1,3.9,No,Yes,63.7,76.3,NotPlaced
STU05831,7.29,0,1,2,67.5,3.7,No,No,56.3,67.6,NotPlaced
STU09056,6.88,2,2,0,82,4.2,Yes,Yes,74.2,75,Placed
STU04255,7.71,1,1,1,84.9,3,No,Yes,54.5,81.5,Placed
STU03284,8.29,0,2,2,71,4,Yes,Yes,87,71.6,Placed
STU01372,9.04,0,4,0,64.1,3.4,Yes,No,81,71.3,Placed
STU02082,8.04,3,4,1,51.9,3.4,No,No,62.4,65,Placed
STU06143,7.49,1,2,1,55.8,4.5,Yes,Yes,66.1,84.1,Placed
STU05927,8.11,1,2,0,87.8,4.9,No,Yes,63.9,68.9,Placed
STU00371,7.52,1,0,1,67.3,3.2,Yes,No,73.7,66.5,NotPlaced
STU03216,9.1,0,0,1,79.8,2.7,Yes,No,73.6,67.1,NotPlaced
STU00552,7.36,1,2,2,67.4,3.8,No,Yes,42.5,65.3,Placed
STU03541,7.8,1,1,1,77.9,2.6,No,No,73.3,77.2,NotPlaced
STU08419,7.01,3,4,1,89.5,4.1,Yes,Yes,69.1,63.2,Placed
STU04067,7.67,2,2,2,59.7,4.8,Yes,Yes,89.4,71.6,Placed
STU00305,7.48,2,0,1,71.1,4.3,No,No,81.2,76,Placed
STU08375,7.33,3,4,2,70.5,3.2,No,Yes,72.9,51.1,Placed
STU01696,9.25,2,1,2,71.3,3.9,No,No,79.4,76.9,Placed
STU07386,7.78,1,4,0,65.8,2.7,No,No,56,75.2,NotPlaced
STU04387,6.88,1,2,2,54,3.7,Yes,Yes,53.8,88.8,Placed
STU07538,5.59,0,0,0,48.8,3.1,Yes,No,84.9,83.1,NotPlaced
STU03815,6.36,0,1,1,84.4,3,Yes,Yes,78,85,NotPlaced
STU04385,6.95,0,1,3,72.9,3.1,Yes,Yes,86.2,65,NotPlaced
STU08827,6.53,1,1,2,81.4,3.4,No,Yes,59.9,75.3,Placed
STU01459,8.66,1,2,3,73.1,2.8,Yes,No,82.5,88.3,Placed
STU07500,7.34,2,3,1,65.9,3.9,No,Yes,78.3,68.9,Placed
STU03775,5.91,0,1,1,81,3.5,Yes,No,69,74.3,NotPlaced
STU05665,7.06,1,2,3,79.8,3.8,Yes,No,65.5,56,Placed
STU04445,5.76,1,4,1,53.4,3.5,No,No,61.5,84.7,NotPlaced
STU02475,7.77,1,2,0,86.4,4.3,No,Yes,41.9,77.8,Placed
STU01661,8.69,0,2,3,92.7,3.6,Yes,No,71,63.4,Placed
STU05531,8.66,1,2,2,78.7,2.2,Yes,Yes,71.6,81.3,Placed
STU01803,6.86,2,1,2,61,3.5,No,No,85.3,74.7,Placed
STU05932,6.78,0,3,2,82.1,3.9,Yes,No,82.4,68,Placed
STU02765,7.73,1,2,2,68.7,2.2,Yes,Yes,71.2,81.3,Placed
STU00012,7.08,0,3,1,75.7,3.3,No,Yes,55,81.8,NotPlaced
STU02198,7.52,0,1,0,65.3,2.8,Yes,No,89.8,87,NotPlaced
STU09880,9.04,1,2,1,72.4,4.6,Yes,Yes,88.4,71.6,Placed
STU02210,7.5,2,1,0,52.3,3.7,Yes,No,70,85.5,NotPlaced
STU08418,7.58,0,3,2,71.4,4.4,No,No,84.2,85.8,NotPlaced
STU06981,6.32,1,2,1,70.1,2.2,Yes,No,87.1,55.4,Placed
STU00936,7.05,1,3,1,88.6,1.6,No,Yes,70.7,56.7,Placed
STU06497,8.4,2,1,0,91.4,3.1,No,Yes,60.1,70.9,Placed
STU00112,7.48,1,2,3,71.3,3.5,No,No,78.4,80,Placed
STU05229,8.04,0,1,2,80.5,5,Yes,Yes,66.8,53.7,Placed
STU01180,6.51,1,3,0,63.2,3.6,No,No,80,76.5,NotPlaced
STU08016,8.71,1,2,0,81.8,4.5,No,No,60,62.5,Placed
STU09459,8.44,0,1,0,59.2,4.4,Yes,Yes,94.3,74.5,Placed
STU04086,7.3,1,1,2,87.4,4.7,Yes,Yes,63,71.5,Placed
STU00745,7.97,0,3,1,61.7,3,No,Yes,69.8,72.9,Placed
STU04557,6.59,3,0,0,65.7,3.1,Yes,No,61.4,70.4,NotPlaced
STU00432,5.66,1,2,1,69.7,4.3,Yes,Yes,84.5,72.7,NotPlaced
STU02620,8.81,2,3,0,76.9,2.9,No,No,61.7,97.7,Placed
STU09436,6.22,1,0,1,56.5,2.4,Yes,No,78.3,72,NotPlaced
STU08175,7.08,0,3,2,73.3,2.2,No,Yes,63.5,69.4,Placed
STU08673,7.44,0,3,3,74.8,3.6,Yes,Yes,85.2,59.8,Placed
STU04185,7.07,1,2,1,63.6,2.4,No,No,88.2,97.3,NotPlaced
STU08685,8.28,2,2,1,62.4,3.2,No,No,100,40,Placed
STU04160,7.58,0,1,0,90.1,3.1,No,Yes,62.5,76.7,NotPlaced
STU06087,7.22,2,1,2,62.8,2.9,Yes,Yes,100,61.5,Placed
STU02903,6.99,2,2,2,72.3,3.1,No,Yes,74.1,48.1,Placed
STU08661,9.58,1,2,1,63.9,4,No,No,78.1,58,Placed
STU03721,8.4,1,4,1,74.7,2.9,Yes,Yes,89.3,67.2,Placed
STU05038,6.88,3,2,1,74.1,2.2,Yes,No,100,65.5,Placed
STU05252,7.02,2,1,1,63.5,5,Yes,Yes,78.2,77,Placed
STU08704,8.07,2,3,2,51.8,2.8,Yes,No,76.7,55.5,Placed
STU04991,5.61,0,3,1,79.1,2.6,No,No,73.7,65.8,NotPlaced
STU02321,7.9,1,3,1,57.5,4.5,Yes,No,66.7,81.1,Placed
STU02870,8.61,1,2,1,75.1,2.4,Yes,No,85.8,82,Placed
STU08848,7.61,1,0,2,58.5,4.6,Yes,Yes,61.3,70.7,Placed
STU05559,7.47,1,2,3,66.2,2.8,No,No,90.2,78.7,Placed
STU02835,7.28,1,4,3,97.4,3,Yes,Yes,76.2,68.3,Placed
STU00830,7.25,0,2,0,77.2,2.7,Yes,No,55.5,79.9,NotPlaced
STU06509,6.4,1,1,2,72.1,2.5,Yes,Yes,69.1,93.3,NotPlaced
STU03504,7.55,1,1,1,82.6,3.2,Yes,Yes,70.3,86.6,Placed
STU06327,7.03,2,2,3,83.1,3.4,No,No,47.6,59.2,Placed
STU06415,7.83,0,3,0,66.8,2.4,Yes,No,75.1,53.9,NotPlaced
STU08569,7.9,1,1,1,68,3.3,Yes,No,73.5,64.4,Placed
STU07736,6,1,1,2,82.1,2.8,Yes,No,69.4,80.3,NotPlaced
STU06194,8.36,1,0,1,78.2,4.3,No,No,90.7,60.1,Placed
STU02265,8.11,1,1,1,80.8,3.6,Yes,No,77.7,51.6,Placed
STU04521,7.06,0,2,1,58.5,2.8,Yes,Yes,63.8,67.2,NotPlaced
STU00576,5.51,1,4,0,77,4,No,Yes,64.3,53.7,Placed
STU07688,7.99,2,4,1,64.1,4.2,No,Yes,94.8,68.5,Placed
STU01009,8.44,1,1,3,66.2,4.7,No,Yes,77.3,65.5,Placed
STU04604,8.68,2,2,0,57.3,3.2,Yes,Yes,41.7,86.2,Placed
STU02776,7.24,1,1,1,75.3,4.2,Yes,No,83.1,63.6,Placed
STU07366,8.19,1,2,1,75.9,5,Yes,Yes,40.2,68,Placed
STU05637,9.38,1,3,1,69.9,4.2,No,No,74.2,80,Placed
STU01718,7.67,2,3,1,71.1,2.4,Yes,Yes,94.5,82.1,Placed
STU03344,8.61,1,3,2,64.3,3.4,Yes,No,80.7,51.5,Placed
STU03529,5.85,1,2,1,86.2,4.2,Yes,Yes,84.9,71.9,Placed
STU00850,7.02,2,1,1,70.4,3,No,No,60.2,83.9,NotPlaced
STU03839,6.63,1,2,1,74.9,4,Yes,Yes,53.1,68.3,Placed
STU06496,7.84,0,2,0,65.6,3.3,Yes,No,43.4,77.8,Placed
STU09199,5.26,1,2,2,69.4,3.2,Yes,No,84.6,61.9,NotPlaced
STU09234,7.38,0,1,1,60.3,2.3,Yes,Yes,91.8,60.5,NotPlaced
STU07422,7.49,1,1,2,59.7,2.3,Yes,Yes,59.5,76,NotPlaced
STU00890,8.5,2,1,1,74.9,5,No,Yes,68.4,70.6,Placed
STU05018,9.34,3,0,1,60.1,2.9,Yes,No,58,69.7,Placed
STU04043,6.05,1,2,2,73.7,5,Yes,Yes,55.9,70.2,Placed
STU07557,8.68,1,2,1,61.8,5,Yes,No,87.1,79,Placed
STU03454,7,1,1,0,66.8,3.5,No,Yes,66.1,57.2,NotPlaced
STU01406,6.82,2,0,2,62.8,4.5,Yes,Yes,78,64.8,Placed
STU02015,8.25,1,3,1,69,3,No,Yes,66.3,60.7,Placed
STU03412,7.14,0,3,1,93.1,2,Yes,No,70.9,60.3,NotPlaced
STU04731,6.43,0,1,0,83.6,2.8,Yes,Yes,43.1,90.2,NotPlaced
STU06754,7.83,1,3,0,72.8,4.3,Yes,No,78.6,78.3,Placed
STU07581,8.57,2,1,2,71.6,3.7,No,No,56,81.8,Placed
STU03281,6.72,1,0,0,57,3.3,No,Yes,70.6,78.7,NotPlaced
STU07322,7.39,2,1,3,70.1,3.3,No,No,69.4,52.1,Placed
STU07337,7.47,1,2,1,86.3,4.4,No,Yes,70.4,77.9,Placed
STU04969,7.23,0,0,1,69.3,4,Yes,Yes,77,76.3,NotPlaced
STU03242,10,0,1,2,80.8,3.4,Yes,No,51.5,70,NotPlaced
STU01833,8.36,1,1,1,79.4,2.5,Yes,Yes,68.1,40,Placed
STU04503,6.07,1,2,0,68.1,4.2,Yes,Yes,70.4,75.3,NotPlaced
STU08208,6.1,1,1,1,69.7,4.2,Yes,Yes,88.8,73.7,NotPlaced
STU04064,7.79,0,2,0,53.6,3.1,No,Yes,65.1,75.5,NotPlaced
STU06380,7.57,1,1,0,93.1,4.7,No,No,67.2,63.4,NotPlaced
STU02769,7.04,2,1,0,81.9,3.7,Yes,Yes,72.6,55.3,Placed
STU01266,6.23,3,3,0,69.1,3.5,Yes,No,77.7,68.5,Placed
STU04367,7.03,1,1,2,71.7,2.3,No,Yes,75.9,62.4,Placed
STU00214,8.09,2,2,0,59.5,3.7,No,No,97.6,67.8,NotPlaced
STU08077,7.43,1,2,1,71.9,2.9,Yes,No,84.2,51.5,Placed
STU00971,7.62,1,1,0,74.1,2.5,Yes,No,69.6,87,NotPlaced
STU01314,8,2,1,1,83.9,5,No,Yes,82.9,60.3,Placed
STU00707,6.35,1,1,1,68,3.4,Yes,No,72.1,72.9,Placed
STU06398,6.34,0,2,2,74.6,3.5,No,No,86.2,79.3,NotPlaced
STU09607,5,2,1,2,71.1,4.6,Yes,Yes,61.4,51.4,NotPlaced
STU07334,8.76,0,2,0,82.6,3.1,Yes,No,68.7,59.1,NotPlaced
STU09402,7.15,0,2,2,80.7,3,No,No,85.2,52.6,NotPlaced
STU09378,8.6,0,2,3,63.4,2.8,No,Yes,64.2,75.7,Placed
STU05743,7.52,1,3,1,89.9,3.7,Yes,No,67,92.5,Placed
STU08405,8.72,0,1,1,72.1,3.3,Yes,No,53.4,55.4,NotPlaced
STU06701,8.57,2,0,2,60.7,3.3,Yes,Yes,81.4,81,Placed
STU08512,8.03,1,2,2,80.4,4.3,Yes,No,69,57.3,Placed
STU05694,6.56,1,2,0,62.4,1.8,Yes,Yes,62.6,72.6,NotPlaced
STU05375,7.89,1,2,1,57.1,5,No,Yes,77,72.6,Placed
STU09679,7.76,0,0,1,68.5,3.2,Yes,Yes,58.3,45.8,NotPlaced
STU03451,7.07,0,1,1,68,3,No,Yes,81.3,68.5,NotPlaced
STU09219,6.69,1,0,1,64.4,4.2,Yes,Yes,84.4,75.2,NotPlaced
STU09523,8.36,0,1,3,82.7,3.6,No,Yes,81.6,89.9,Placed
STU06800,8.61,1,2,2,80.7,2.1,Yes,No,71.6,71.8,Placed
STU05049,8.51,1,3,1,54.1,3,No,No,53,88.4,NotPlaced
STU05580,7.51,1,2,3,58.2,5,Yes,Yes,96.6,73.7,Placed
STU04284,8.38,0,2,3,80.5,2.4,Yes,No,58.4,77.7,NotPlaced
STU04951,7.72,3,0,1,83.9,3,No,No,66.6,87.2,Placed
STU04744,7.87,1,0,1,81.1,3.4,No,Yes,61.2,61.6,Placed
STU07945,7.87,2,1,1,79.8,4.8,Yes,Yes,70.9,54.4,Placed
STU02556,7.98,3,3,2,75.5,3.6,Yes,No,74.1,82.3,Placed
STU09955,7.73,0,1,1,78.4,3.4,No,No,98.4,88.3,NotPlaced
STU09602,8.64,0,2,0,86.9,2,No,No,82.2,64.5,NotPlaced
STU01160,7.21,0,2,1,91.2,2.7,Yes,Yes,59.1,81.3,NotPlaced
STU04799,5.65,1,1,0,70.1,5,Yes,Yes,63.8,96.2,Placed
STU07129,7.67,1,3,1,62,2.5,No,Yes,74.6,86,Placed
STU01047,8.09,0,2,1,69.6,4.2,No,Yes,61,56.6,Placed
STU09205,6.49,1,3,0,73.6,4.9,Yes,No,70.1,73.9,Placed
STU02527,7.88,0,2,1,66.7,3,Yes,Yes,79.2,78,NotPlaced
STU04908,6.46,2,1,2,66.8,2.7,No,Yes,66,81.9,NotPlaced
STU07979,7.58,0,1,0,63.4,3.7,No,No,61.1,59.8,NotPlaced
STU06049,6.29,1,2,1,87.5,2.7,Yes,Yes,84.8,70.3,NotPlaced
STU05706,5.62,2,1,3,92.1,3.3,Yes,No,66.5,56.2,Placed
STU02830,7.17,0,1,1,70,3.3,Yes,No,69.5,89.8,NotPlaced
STU03382,8.57,2,2,2,63.5,2.9,Yes,No,71.5,85,Placed
STU00171,6.7,0,2,0,66.8,5,No,Yes,70.4,71.4,NotPlaced
STU09493,7.11,1,2,2,71,3.5,No,No,75.8,54.7,NotPlaced
STU02929,8.92,0,1,1,79.8,3.3,Yes,No,68.4,84.9,NotPlaced
STU01811,7.07,0,2,1,86.7,3.9,Yes,Yes,71,81.3,NotPlaced
STU03088,8.6,2,0,1,81.4,4.7,Yes,Yes,69.1,67.7,Placed
STU06158,6.67,1,2,2,60.2,4,Yes,No,53.9,82.2,NotPlaced
STU03772,7.05,1,2,0,70.7,4.8,Yes,Yes,94,58.1,Placed
STU05925,5.92,1,1,0,77.6,3.1,No,Yes,74.6,79.6,NotPlaced
STU04347,7.46,0,3,1,72.2,2.4,Yes,Yes,100,54.9,Placed
STU00887,8.03,2,1,1,68.6,3.1,Yes,Yes,68.7,81.3,Placed
STU05912,7.42,1,1,1,83.7,5,Yes,Yes,64.7,72.3,NotPlaced
STU03591,8.46,0,2,2,71.3,4.3,No,Yes,70.6,80.8,Placed
STU08176,8.51,3,1,0,85,3.1,No,Yes,76.2,73.1,Placed
STU09783,6.5,0,2,0,71.4,4.8,No,No,85.2,66.8,NotPlaced
STU02004,7.22,2,2,0,74.7,2.5,Yes,No,71.9,85,Placed
STU03077,8.2,1,2,0,57.6,3.1,Yes,No,81.1,83,NotPlaced
STU00798,8.11,1,0,0,68.2,3.6,No,No,67.1,77.2,NotPlaced
STU00124,6.24,0,2,0,89,3.6,No,Yes,96.1,81.3,NotPlaced
STU04524,9.37,1,1,0,86.8,4.8,Yes,Yes,56.8,72.1,Placed
STU09555,7.11,0,0,1,69.5,2.2,No,Yes,90.7,44.5,NotPlaced
STU02568,8.09,1,2,1,68.5,3.5,No,Yes,63.6,64.4,Placed
STU05871,6.93,0,2,0,57,4.7,No,No,64.4,72.1,NotPlaced
STU00976,5.8,1,2,2,47.2,2.8,Yes,No,76.9,74.1,NotPlaced
STU06975,8.71,1,2,1,72.3,4.5,No,No,59.8,88,Placed
STU03556,7.47,1,2,0,61.4,4.4,Yes,Yes,60.6,72.8,Placed
STU02521,7.66,0,1,1,70.2,4.6,No,Yes,89.5,51.9,NotPlaced
STU03289,6.94,2,1,0,71.5,3.3,No,No,65.2,83.2,NotPlaced
STU01439,7.94,1,3,3,58.8,3.4,Yes,Yes,65.6,89.5,Placed
STU07921,8.68,2,3,2,53.6,3,Yes,No,81.7,45.9,Placed
STU01781,6.23,1,1,0,52,4,Yes,No,65,80,NotPlaced
STU01015,9.06,2,2,0,77.2,3.8,No,No,73.4,89.6,Placed
STU03159,8.7,0,1,1,78.9,2,Yes,No,69.3,68.4,NotPlaced
STU00505,6.91,1,2,1,93.6,4.1,No,Yes,53.8,63.1,Placed
STU00192,8.27,0,2,1,90.1,2.6,No,Yes,81.4,85.5,Placed
STU07153,6.71,1,3,3,82.5,4.7,No,No,60.8,47.6,Placed
STU06498,8.56,2,1,1,71.3,2.4,No,Yes,82.2,50.9,Placed
STU03330,8.25,1,2,2,71.2,3.8,No,No,64,78.3,Placed
STU06410,7.66,0,2,1,75.2,5,No,No,79.3,40,NotPlaced
STU02424,7.46,1,3,0,74.3,2.4,Yes,Yes,61.1,61.3,Placed
STU00946,6.54,0,1,1,85.7,3.2,Yes,Yes,59.8,85.7,NotPlaced
STU07534,7.1,1,2,1,79.1,3.9,Yes,No,59.9,64.2,NotPlaced
STU06699,6.48,3,0,3,57.8,2.2,No,Yes,82.3,63.6,Placed
STU07361,6.82,0,1,2,87.5,4.1,No,Yes,70.1,77.4,NotPlaced
STU08196,8.4,3,0,1,76.8,2.7,No,Yes,88.9,73.6,Placed
STU07144,5.99,3,1,3,62.7,3.6,Yes,Yes,57,84,Placed
STU08616,6.62,2,2,0,63.7,4.4,No,No,81.4,72.5,Placed
STU04664,7.08,1,2,1,80.7,4,Yes,Yes,77.4,86.7,Placed
STU05447,6.29,0,2,3,77.6,5,No,No,80.1,80.2,Placed
STU09250,5.99,2,1,1,68.9,3,No,Yes,74.8,60.9,NotPlaced
STU08828,7.8,1,3,1,81.2,3.7,No,Yes,55.4,73,Placed
STU03032,6.91,1,3,3,79.5,2.1,Yes,Yes,65.9,82.7,Placed
STU01292,9.74,1,2,1,77,2.9,Yes,Yes,82.8,82.8,Placed
STU01335,7.63,1,0,2,67.4,4.4,Yes,Yes,43.5,84.4,Placed
STU04013,6.61,2,0,1,53.7,3.1,Yes,Yes,58.4,51.2,Placed
STU02578,8.4,0,1,1,59.7,2.9,No,No,78.8,73.7,NotPlaced
STU06730,9.11,2,0,2,80,3.6,Yes,Yes,83.7,41.8,Placed
STU01138,6.4,0,2,2,82,3.6,Yes,No,74.5,67.4,Placed
STU02380,7.73,1,2,0,58.2,3.2,No,No,73.8,49,NotPlaced
STU09077,7.2,0,1,1,63.2,4.5,Yes,Yes,93.6,77.9,Placed
STU01721,7.96,1,4,1,88.9,3.2,Yes,Yes,63.7,75.5,Placed
STU02829,8.36,1,2,1,72.1,2.9,Yes,Yes,71.1,69.5,Placed
STU06933,7.72,0,1,1,75,3.4,Yes,No,93.8,88.2,NotPlaced
STU02622,8.21,3,2,2,71,3.7,No,Yes,71,82.3,Placed
STU04473,8.67,1,2,0,72.7,4.1,No,Yes,69.4,76,Placed
STU07437,6.8,1,3,2,79.6,3.5,Yes,Yes,78.4,64.9,Placed
STU02333,6.13,1,0,2,62,2.7,Yes,Yes,61.1,73.9,NotPlaced
STU05220,6.42,1,1,0,72.6,3.9,No,Yes,67.5,82.7,Placed
STU06463,7.35,0,3,1,75,3.4,Yes,Yes,85.8,66.3,NotPlaced
STU09817,7.6,1,0,2,67.5,2.6,No,Yes,46.7,50.7,NotPlaced
STU08373,7.72,1,2,1,64.3,3.4,No,Yes,83.2,91.8,Placed
STU08961,7.91,1,2,1,80.3,4.6,Yes,Yes,75.2,71.3,Placed
STU01265,7.65,0,0,3,47.6,3.7,Yes,Yes,89.7,59.5,Placed
STU01055,7,0,1,1,58.6,2.4,No,Yes,84.1,52.6,NotPlaced
STU08981,7.22,2,2,2,86.7,3,Yes,Yes,70.2,61,Placed
STU02083,6.2,0,2,1,80.1,4,Yes,Yes,61.5,81.2,NotPlaced
STU07201,7.63,1,1,0,60.7,4.6,Yes,No,71.4,66.2,NotPlaced
STU05530,7.4,2,2,1,57.6,3.4,Yes,Yes,65.7,57,Placed
STU07886,7.93,1,3,1,76.8,3.1,No,No,66.2,68.4,Placed
STU01645,6.54,1,2,0,74.5,3.5,Yes,Yes,78.1,63.9,Placed
STU02361,6.57,1,1,3,73.7,3.6,No,Yes,73.1,55.1,Placed
STU01451,7.78,3,3,1,80.6,4.4,Yes,No,70.5,78,Placed
STU01455,8.01,1,2,1,68.6,5,Yes,Yes,73.3,47.2,Placed
STU00654,6.5,1,2,1,47.7,2,No,Yes,60.2,75.7,NotPlaced
STU00847,7.76,0,1,0,84.8,4.7,No,No,51.4,69.7,NotPlaced
STU01121,8.49,1,1,2,71.7,3.1,Yes,Yes,65.3,91.1,Placed
STU09549,6.94,0,0,1,80.6,4.2,Yes,No,89,61.4,NotPlaced
STU00652,8.51,1,1,3,61.4,3.1,Yes,Yes,61.7,88.1,Placed
STU01748,7.95,1,1,1,73.2,2.4,Yes,No,80.7,61.5,Placed
STU08292,9.49,1,3,0,68.7,3.2,Yes,Yes,58,76.9,Placed
STU04490,7.5,1,3,0,70.8,4.4,No,No,48.2,65.5,Placed
STU03064,7.02,2,2,1,78.2,4.9,No,No,75.2,84.2,Placed
STU04016,6.98,2,2,1,65.2,3.3,Yes,No,73.5,59.5,Placed
STU08257,8.51,2,3,1,63.5,3.4,Yes,No,87,77.5,Placed
STU08098,8.55,0,3,1,78.8,3.6,Yes,Yes,73.3,73.4,Placed
STU02054,7.23,0,1,0,76.1,3.3,Yes,Yes,53.5,65.4,NotPlaced
STU06863,9.24,2,2,2,84.5,3.9,Yes,No,50.3,54.4,Placed
STU08537,8.07,0,2,2,77,3.8,No,Yes,72.6,86.3,NotPlaced
STU02040,5.91,1,2,0,78.8,4.5,Yes,Yes,65.9,62.2,Placed
STU04106,7.72,1,2,1,63.2,3.1,No,No,91.2,65,NotPlaced
STU03898,8.14,2,3,1,73.7,3.1,Yes,No,59.9,79.3,Placed
STU08334,8.14,1,0,2,84.7,4.2,No,No,60.2,58.6,NotPlaced
STU04958,8.45,1,1,3,78.7,4.4,Yes,Yes,78.3,54.8,Placed
STU06558,8.5,0,1,1,76.1,4,No,No,83,87.7,NotPlaced
STU04853,7.98,1,2,1,81.8,4.3,Yes,No,98.8,48.9,Placed
STU04150,7.72,0,0,1,70.2,4.4,No,No,52.5,60.6,NotPlaced
STU08733,7.76,1,2,2,86.4,4.3,No,No,63.7,85.7,Placed
STU04926,7.05,0,2,3,66,3.4,Yes,No,70.3,70.8,NotPlaced
STU08691,7.96,0,2,1,65.1,4.6,Yes,Yes,82.5,70.5,Placed
STU02282,6.89,1,3,2,61.1,5,No,Yes,75.5,82,Placed
STU04886,7.07,1,0,2,69.3,2.2,No,Yes,89.3,84.3,NotPlaced
STU02158,7.21,0,1,3,75.7,3.2,Yes,No,40,67.8,NotPlaced
STU05199,6.74,0,1,2,54.3,3.5,No,Yes,49.6,65.4,NotPlaced
STU00644,6.15,1,2,0,78.2,2.9,Yes,No,92.1,77,NotPlaced
STU06674,7.61,1,3,2,65.2,4.3,Yes,No,66.3,75.1,Placed
STU09260,7.27,2,4,2,75.1,2.6,No,No,57.1,81,Placed
STU02783,6.42,1,3,1,52.8,3.2,No,Yes,72.7,65.3,Placed
STU00905,7.67,2,4,2,55.8,3.2,Yes,No,67.4,92,Placed
STU07971,8.94,2,0,1,66.2,4.2,No,Yes,64.9,75.1,Placed
STU04955,7.79,2,0,1,70.2,3.9,No,Yes,65.8,75.2,Placed
STU04054,7.68,1,3,1,72.2,3.2,Yes,Yes,82.3,57.5,Placed
STU04017,7.07,0,2,1,80.3,4.3,Yes,Yes,68.5,74.2,NotPlaced
STU01699,7.96,3,0,1,73.3,3.6,No,No,62.1,58.9,Placed
STU09570,7.16,2,1,1,60.6,3.8,Yes,Yes,66.8,72.2,Placed
STU03189,8.3,2,2,3,67.3,4.3,Yes,No,59.7,83.2,Placed
STU08839,8.78,2,1,2,79.3,4,Yes,No,70.5,72.8,Placed
STU09177,8.63,2,2,3,81.5,3.6,Yes,No,73.3,66.6,Placed
STU02588,7.32,2,3,2,72.2,4.2,No,Yes,65,82.1,Placed
STU09272,8.65,2,2,1,79.1,4.2,Yes,No,80,83.3,Placed
STU06840,7.27,2,3,2,62,5,No,No,83.1,58.6,Placed
STU07767,9.84,1,3,1,67.8,3,No,No,64.9,64.3,Placed
STU03729,6.42,1,1,1,74.4,1.4,No,Yes,60.6,83.9,NotPlaced
STU08833,7.06,1,1,2,71,3.8,Yes,No,64.1,91.4,NotPlaced
STU03390,7.63,3,1,1,79.3,3.3,Yes,Yes,54.1,70.3,Placed
STU08101,5.34,1,1,2,65,3,No,Yes,77.4,74.2,NotPlaced
STU03199,7.16,2,1,2,51.2,4.2,Yes,Yes,64.1,83.5,Placed
STU02203,8.15,0,2,1,72.7,2.4,No,No,63.4,74.1,NotPlaced
STU06964,7.19,0,2,1,60.1,3,Yes,No,74,80.3,NotPlaced
STU01023,7.48,1,1,2,58.9,5,Yes,No,77.6,69.8,Placed
STU02001,6.89,1,1,1,77.1,3.3,Yes,No,84.9,55.1,Placed
STU04726,5,2,3,1,85.1,2.7,No,Yes,79.3,58,Placed
STU07721,7.35,2,1,2,84.7,3.2,Yes,Yes,47.5,83.7,Placed
STU04025,6.89,2,3,2,80.9,4.1,No,Yes,69.7,67.2,Placed
STU04884,7.93,0,1,2,84.3,2,Yes,Yes,76.5,100,NotPlaced
STU08707,7.68,1,0,1,61.5,4.5,Yes,Yes,74.1,52.8,Placed
STU09873,7.21,2,2,1,60.2,3.5,Yes,No,75.6,88.8,Placed
STU07162,7.45,1,2,1,75.3,2.8,No,No,61.3,41.5,Placed
STU09488,8.58,1,4,2,58.3,3,Yes,Yes,73.4,64.3,Placed
STU03274,8.15,0,2,0,70.5,2.9,Yes,Yes,48,75.2,NotPlaced
STU05742,6.61,1,3,2,64,2.5,No,No,67.8,82.4,NotPlaced
STU05192,7.46,1,1,1,77.3,3.9,No,No,67.9,71.4,NotPlaced
STU02399,7.69,0,1,2,91.7,2.7,No,No,47.5,84.5,NotPlaced
STU02357,7.17,0,1,1,77.1,2.1,No,Yes,64.3,83.4,NotPlaced
STU07307,8.42,2,1,1,93.9,3.2,Yes,Yes,60.7,65,Placed
STU07627,8.49,1,3,1,60.3,2.9,Yes,Yes,64.9,48.8,Placed
STU09329,7.7,1,3,2,63.8,2.5,Yes,No,60.2,74.9,Placed
STU06475,5.85,1,3,2,65,3.4,Yes,No,81.6,83.3,Placed
STU06930,6.53,1,1,2,82.3,4.2,Yes,Yes,64.9,63.8,Placed
STU07020,7.55,1,3,0,69.6,3.2,Yes,Yes,96.1,75.6,Placed
STU01298,7.24,1,2,3,75.1,3.4,Yes,Yes,40,78.4,Placed
STU05702,7.3,2,2,0,89.7,4,Yes,No,64.8,77.6,Placed
STU01521,8.6,0,3,0,79.7,3.6,No,Yes,71,65.1,Placed
STU02798,5.89,1,3,1,82.2,3.5,Yes,Yes,98.5,68.1,Placed
STU01016,7.68,1,1,2,75.7,3.6,Yes,No,56.9,73,NotPlaced
STU08930,7.61,3,1,3,70.2,4.4,Yes,No,69.2,63.3,Placed
STU06627,7.84,3,0,0,63.8,4.6,No,Yes,88.1,44.8,Placed
STU07409,5.81,0,2,2,78.2,3.7,Yes,No,48.6,61.2,NotPlaced
STU08638,6.48,2,2,0,64,2.8,Yes,No,60.4,80.6,Placed
STU01150,6.74,1,1,1,50.3,3.7,Yes,Yes,57.7,52.9,NotPlaced
STU03938,6.3,1,1,2,76.9,4.2,Yes,Yes,83.2,53.2,Placed
STU02411,8.24,0,1,1,73.1,4.2,No,No,76.6,50.5,NotPlaced
STU00089,7.02,1,3,3,60.9,3.9,No,Yes,87.6,69.3,Placed
STU07752,7.79,1,2,1,63.9,2.3,Yes,Yes,95.3,87.5,Placed
STU02882,5.59,2,2,1,74.2,2.5,Yes,Yes,98.8,77.8,Placed
STU09997,5.7,2,2,1,65.4,4.2,No,Yes,66.1,72.4,Placed
STU00640,6.33,2,1,1,75.5,3.3,Yes,Yes,91.8,72.9,Placed
STU00178,8.81,0,1,1,57.9,3.6,Yes,No,73.1,73.9,NotPlaced
STU06150,7.73,0,2,2,66.8,4,No,Yes,64,63.9,Placed
STU06716,7.91,1,3,3,83.5,4.7,No,Yes,54.9,61.5,Placed
STU09123,8.11,1,2,1,84,2.6,Yes,Yes,70.3,64.3,Placed
STU09305,8.4,3,1,0,49.3,4.3,Yes,Yes,69.7,95.9,Placed
STU09339,7.53,1,2,3,70.5,3.7,No,Yes,63.1,78.4,Placed
STU03539,7.46,2,2,1,67.1,3.6,No,Yes,65.3,72.7,Placed
STU07448,7.06,1,1,2,70.5,4.8,Yes,Yes,90.7,64.8,Placed
STU01794,8.1,2,2,2,75.6,2.9,No,No,56.8,83,Placed
STU05463,8.48,1,1,1,73.3,3.2,Yes,No,66.6,56.8,Placed
STU06044,7.18,1,1,0,63.8,3.3,Yes,No,62,64,NotPlaced
STU03282,7.53,2,2,0,85.3,4.1,No,No,73.4,82.8,Placed
STU03554,9.76,1,1,2,72.3,3.5,No,No,99.5,69.9,Placed
STU03834,6.22,1,2,0,77.9,3.4,Yes,Yes,71.1,58.4,NotPlaced
STU05424,7.42,1,1,2,54.1,2.6,Yes,No,59.3,76.2,NotPlaced
STU05503,7.65,1,1,0,82.8,3.7,Yes,No,81.5,70.8,Placed
STU03247,7.9,2,4,1,61.7,2.2,No,Yes,88.6,83.1,Placed
STU02526,7.93,0,1,0,67.1,3.5,No,Yes,72,60.2,NotPlaced
STU05717,7.91,1,2,1,88.7,4.7,Yes,No,61.6,63.7,Placed
STU02871,6.93,1,2,0,73.1,4.3,Yes,No,74.6,73.4,NotPlaced
STU02311,7.21,1,2,1,93.3,3.2,No,Yes,68.5,56.8,Placed
STU03985,7.72,1,1,2,72.1,1.4,No,Yes,76.5,49.7,NotPlaced
STU00296,6.88,0,3,1,69.9,2.4,Yes,No,64.6,82.1,NotPlaced
STU06328,8.06,0,2,1,65.1,2.4,Yes,Yes,74,96.4,NotPlaced
STU03194,6.94,3,0,0,65.1,2.7,Yes,Yes,66.7,63.4,Placed
STU09536,7.08,2,1,1,63.2,2.4,No,Yes,75.6,88.5,NotPlaced
STU03857,6.24,1,1,1,74.6,3.9,Yes,No,92.2,70.4,NotPlaced
STU04425,6.69,3,3,1,71.4,3.1,Yes,No,79,63.5,Placed
STU06373,8.51,1,3,1,93.5,3.2,Yes,Yes,86.1,81.2,Placed
STU03307,7.98,1,2,0,68.6,2.4,No,No,55.9,66.2,NotPlaced
STU06546,7.17,0,4,1,80.7,4.1,No,No,72.7,89,Placed
STU09967,7.06,1,0,1,79.8,3.3,Yes,No,82.6,69.7,NotPlaced
STU04000,7.82,2,2,3,61.5,4.2,No,Yes,58.8,51.8,Placed
STU00813,8.8,1,0,2,59.9,3.3,Yes,No,74.3,72.2,NotPlaced
STU06851,6.49,0,3,3,73.8,1.2,Yes,Yes,71.6,71.8,Placed
STU08095,7.54,1,3,3,61.5,2.8,No,Yes,69.5,65.7,Placed
STU04221,5.35,0,2,2,81.3,4.1,Yes,Yes,78.9,66.8,Placed
STU01850,7.88,1,4,1,57.5,2.5,No,No,69.1,59.1,Placed
STU04745,8.94,0,2,3,66.4,4.6,Yes,No,75.1,74,Placed
STU05232,7.96,1,3,1,70.9,2.2,Yes,Yes,73.2,56.2,Placed
STU02689,8.18,1,1,1,84,3.5,Yes,No,67.3,61.8,Placed
STU05028,7.1,1,1,1,70.9,4.5,No,No,53.4,82.3,NotPlaced
STU05245,8.37,1,2,1,68,3.9,Yes,No,91.5,65,Placed
STU08388,7.83,1,4,2,65.9,2.9,No,No,70.1,56.8,Placed
STU05958,8.04,1,1,2,45.5,4.6,Yes,Yes,83.8,73.1,Placed
STU04596,7.64,1,2,1,82.3,4.9,No,Yes,66.9,72.4,Placed
STU09367,7.21,2,3,2,84.3,3.4,Yes,No,63.3,65.9,Placed
STU08034,8.21,1,4,1,58.5,3.3,No,Yes,58.3,86.9,Placed
STU07117,9.08,1,0,2,71.7,2.5,No,Yes,63.1,76.7,NotPlaced
STU00938,8.14,0,2,1,75.2,2.6,Yes,No,71.5,66.3,NotPlaced
STU03187,6.42,0,1,3,76.2,3.9,Yes,Yes,73.5,73.8,Placed
STU07544,8.71,0,1,2,61.1,4.1,Yes,Yes,73.7,65.6,NotPlaced
STU02810,7.01,1,3,3,90,3.3,Yes,Yes,62.5,74,Placed
STU09756,8.44,0,4,1,57.6,3,Yes,No,57.4,67.5,Placed
STU01501,8.2,0,4,2,76.1,3.8,No,Yes,100,74.9,Placed
STU05890,7.18,1,2,0,70.5,2.3,Yes,Yes,83.3,70,Placed
STU02331,7.24,1,2,3,57.1,4.3,Yes,No,82,68.8,Placed
STU09232,8.09,0,3,1,64.8,4,Yes,Yes,100,79.5,Placed
STU06432,5.14,1,2,1,81.9,2.9,Yes,Yes,62,73.5,Placed
STU09984,7.72,1,2,2,89.3,1.9,No,No,84.7,59.8,NotPlaced
STU06969,7.45,0,1,1,82.5,4.4,Yes,Yes,81.5,77.6,Placed
STU00826,8.81,1,2,1,69.8,3.7,Yes,No,76.4,67.5,Placed
STU02079,7.37,1,0,1,80.8,4.3,Yes,Yes,78.9,72.6,NotPlaced
STU06362,8.51,0,2,1,82.1,2.9,No,No,56.3,63.1,NotPlaced
STU02280,7.92,1,3,1,74.6,4.1,Yes,No,76,75.9,Placed
STU03794,7.28,2,0,0,79,3.2,No,Yes,73.2,66.3,NotPlaced
STU04338,7.95,2,1,0,70,3.5,Yes,No,57.6,92.1,Placed
STU05471,8.86,0,1,1,57.6,4.5,No,Yes,76.3,64.2,NotPlaced
STU07354,8.56,1,2,3,80.4,3.2,Yes,No,73.1,56,Placed
STU04751,8.49,1,1,1,63.2,2.2,Yes,Yes,70.9,79.9,Placed
STU08496,8.17,0,1,3,72.6,4.3,Yes,No,66.9,74.3,NotPlaced
STU06345,7.53,1,0,1,72.5,4.6,No,Yes,73.8,72.5,NotPlaced
STU05803,7.13,1,2,2,75.3,3.9,Yes,Yes,58.9,64.1,Placed
STU05496,6.35,2,1,1,56.1,2.7,No,No,63.9,84,NotPlaced
STU03679,8.57,1,1,2,72.2,3.6,No,No,68.3,74.1,Placed
STU04462,9.16,2,2,3,75.1,2.3,No,Yes,84.4,69.6,Placed
STU01329,6.41,2,2,2,73.7,3,No,Yes,89,78.2,Placed
STU02555,6.72,3,1,3,64.5,3.5,No,Yes,77.8,47.1,Placed
STU04139,8.3,1,1,0,75.1,4.8,Yes,No,70.8,88.5,Placed
STU08630,6.88,1,1,0,74.2,3.5,No,Yes,55.6,85.1,NotPlaced
STU02959,8.52,1,3,0,77.5,4.1,No,Yes,71.6,76,Placed
STU07799,7.63,0,1,1,78.1,2.7,Yes,No,94.6,83.7,NotPlaced
STU03476,6.34,3,3,0,77,4.2,No,No,68.1,54.4,Placed
STU00167,8.24,1,0,0,79.3,3.3,Yes,No,73.8,71.7,NotPlaced
STU09105,6.61,1,2,1,69,2.1,Yes,No,58.5,75.8,NotPlaced
STU08634,8.53,2,3,1,66.3,3.9,Yes,No,85,74.2,Placed
STU09992,7.67,1,0,0,94.4,5,Yes,Yes,69,100,Placed
STU08119,7.29,1,1,1,68.8,3,No,No,68.7,70.5,NotPlaced
STU07922,8.55,1,3,2,61.8,4.9,Yes,Yes,54,63,Placed
STU06009,8.53,3,2,2,68.7,2.5,No,Yes,75.1,72.1,Placed
STU02032,6.62,1,1,3,81.8,4.4,Yes,Yes,82.9,78.3,Placed
STU05785,7.38,1,2,2,81.6,3,No,No,85.7,70.7,NotPlaced
STU02611,8.09,1,1,3,60.9,2,No,No,68.7,66.7,Placed
STU04210,6.49,1,2,1,75.9,4.4,Yes,No,61.9,78.9,Placed
STU04965,6.91,1,4,2,71.4,3.3,Yes,No,76.1,57.3,Placed
STU08147,8.06,0,4,0,78.7,4.5,Yes,Yes,76.5,43.6,Placed
STU02626,6.73,1,2,0,65.4,2.6,Yes,No,59.2,64.8,NotPlaced
STU07890,7.26,1,3,1,68.8,3.1,Yes,Yes,56.1,83.5,Placed
STU05349,5.7,1,2,1,63.9,3.4,Yes,Yes,68.6,65.8,NotPlaced
STU04566,6.99,2,1,3,78.5,4.2,No,Yes,55.8,78.8,Placed
STU08793,7.56,1,0,2,75.8,3.6,No,No,72.3,74.7,NotPlaced
STU03524,8.97,0,3,1,60.1,4.2,No,Yes,69.2,76.3,Placed
STU02641,9.13,2,2,0,63.3,3.3,Yes,Yes,75.9,59.3,Placed
STU05013,7.51,1,1,3,79,4,No,No,71.9,64.4,Placed
STU08607,6.22,1,3,3,61.3,3.9,No,Yes,65.8,68,Placed
STU03594,6.17,2,3,2,74.9,2.6,Yes,No,78.2,65.6,Placed
STU00547,8.02,0,2,2,66.1,4.3,Yes,Yes,61.6,77.5,Placed
STU00817,7.74,2,1,1,80.2,4.3,No,Yes,79,76.1,Placed
STU03708,8.72,0,2,2,55.9,3.3,Yes,Yes,67.7,60.2,Placed
STU03008,6.11,2,3,1,72.6,2.7,Yes,No,67.7,75.9,Placed
STU00361,7.97,0,0,1,69.4,3.6,No,No,53.6,63.6,NotPlaced
STU02601,5.81,0,1,2,84,3.5,Yes,Yes,74.1,64.3,NotPlaced
STU02402,7.66,2,2,1,76.7,3.7,No,No,59.4,98.9,Placed
STU06096,8.16,1,3,0,70.1,4.8,Yes,Yes,61.8,68.2,Placed
STU09259,9.99,0,3,0,84.3,4.3,Yes,Yes,75.8,72.8,Placed
STU05997,8.54,0,2,0,70.1,5,Yes,Yes,90.6,70.5,Placed
STU05217,7.76,0,1,0,87,2.7,Yes,Yes,53.2,80.3,NotPlaced
STU04199,5,2,2,2,55.7,3.1,No,Yes,66.6,52,NotPlaced
STU04901,7.15,2,2,2,74.8,4.4,Yes,Yes,95.3,78.4,Placed
STU05591,7,2,2,3,73.2,3.6,Yes,No,80.2,54.4,Placed
STU06172,7.62,0,0,2,75.1,2.8,No,No,46.6,74.4,NotPlaced
STU04427,7.82,2,1,1,55.5,4.3,No,Yes,85.1,41.2,Placed
STU00632,8.88,0,1,1,66,4,Yes,No,73.6,68.5,NotPlaced
STU07463,6.44,1,1,1,67.1,3.2,Yes,No,59.3,79.7,NotPlaced
STU08505,6.26,0,2,1,81.8,3.7,No,Yes,86,67.8,NotPlaced
STU00403,7.5,1,2,1,87.2,3.1,Yes,No,80.3,67.8,Placed
STU00802,7.04,1,1,1,71.6,3.3,Yes,Yes,74.6,62.5,NotPlaced
STU04768,7.27,1,1,1,79.5,3.7,Yes,Yes,40.1,55.5,Placed
STU05613,8.43,3,2,0,77.6,1.3,No,Yes,66.9,58.8,Placed
STU08416,7.77,2,2,0,85.6,3.3,No,No,69.1,66.9,Placed
STU02968,6.99,0,4,2,68.2,4.8,No,Yes,58.2,81.3,Placed
STU04635,6.89,0,4,1,68.4,2.7,No,No,88.3,87.8,NotPlaced
STU04807,6.83,1,0,1,71.2,2.4,No,No,66.9,46.8,NotPlaced
STU07379,8.02,1,1,1,73.1,4.3,No,Yes,83.8,84.6,Placed
STU01466,8.03,1,2,3,66.8,4.8,No,No,54,65.9,Placed
STU06027,8.46,1,2,1,70.1,3.1,Yes,No,66.5,64.6,Placed
STU01774,7.68,1,0,1,72.3,3.4,No,Yes,74.2,65.5,NotPlaced
STU07821,8.04,2,0,2,57.7,3.4,Yes,Yes,83.4,74.8,Placed
STU07615,8.85,1,1,1,82.1,4.4,No,Yes,63.7,77.6,Placed
STU03339,7.95,1,0,2,72.9,3.3,No,No,57,87.4,NotPlaced
STU01677,8.6,3,2,2,65.8,3.5,Yes,No,87.2,81.1,Placed
STU06119,8,0,2,3,70.7,3,Yes,No,78.8,42.4,NotPlaced
STU09270,7.11,0,3,0,82.1,4,No,Yes,73.5,83.6,NotPlaced
STU07655,8.48,1,2,3,69.5,3.7,No,Yes,65.4,52.6,Placed
STU03705,7.37,1,2,3,72.6,2.7,Yes,Yes,84,75.8,Placed
STU05230,8.36,2,1,1,47.9,4.1,Yes,Yes,72.2,72.4,Placed
STU05023,7.33,0,2,2,56.5,3.2,No,No,84.1,71,NotPlaced
STU08065,6.71,1,2,2,62.6,5,Yes,Yes,49.7,58.2,Placed
STU01199,7.7,2,1,0,77.6,4.6,Yes,Yes,71.6,70.7,Placed
STU05775,7.78,3,2,1,72.8,3.2,Yes,No,57.9,58.4,Placed
STU08750,7.22,3,3,0,76.3,3.8,No,No,84.3,78.7,Placed
STU06197,6.21,1,2,3,89.1,3.5,No,No,60.4,71.4,Placed
STU00509,7.54,2,2,2,76.3,3.6,No,Yes,63.1,87.9,Placed
STU04298,7.61,1,1,2,81.2,4,Yes,No,68.4,90.3,Placed
STU00323,6.76,2,1,1,65.1,2.8,No,No,59.8,69,NotPlaced
STU03291,8.78,1,3,3,78.4,4,Yes,Yes,66.9,61.1,Placed
STU05593,6.82,1,1,1,79.6,3,No,Yes,78.2,72.3,Placed
STU09734,6.38,0,2,1,82.2,4.3,Yes,No,60.3,66.1,NotPlaced
STU07750,8.75,2,3,1,76.8,3.6,No,Yes,64.5,62.8,Placed
STU05611,8.09,0,1,2,72.9,4,Yes,Yes,50.9,79.8,Placed
STU01072,7.93,2,3,2,84.6,3,No,Yes,63.7,75,Placed
STU06503,7.89,1,1,2,60.1,2.3,No,No,81.3,77.6,NotPlaced
STU07595,8.8,1,2,2,73.6,4.5,Yes,No,75.2,87.5,Placed
STU02859,8.56,2,1,2,74.5,3.2,No,No,79.2,67.5,Placed
STU07779,7.3,0,2,2,77.3,3.1,Yes,No,64.6,69.5,NotPlaced
STU08491,8.64,3,2,1,71.9,2.9,Yes,No,54.3,80.5,Placed
STU02413,6.49,1,4,2,67.1,3.7,No,Yes,80,71.6,Placed
STU07972,8.08,0,1,2,57.1,3.6,Yes,No,54.7,97.3,NotPlaced
STU05481,9.26,1,0,1,75.7,4.3,Yes,Yes,82.2,73.5,Placed
STU08333,7.64,2,1,3,68.4,3.5,No,Yes,68.6,56,Placed
STU06747,6.64,1,2,1,60.5,3.4,No,Yes,80.9,66.9,NotPlaced
STU06612,8.37,1,2,2,59.8,3.5,Yes,No,94.3,69.3,Placed
STU02481,6.95,2,1,1,76.9,2.6,Yes,Yes,62.6,97.4,Placed
STU01912,9.51,0,0,1,65.6,3.2,No,No,61.3,59.5,NotPlaced
STU00787,8.25,1,2,0,92.2,3.8,No,No,65,64.4,Placed
STU08669,7.85,1,1,2,66.7,3,Yes,Yes,87,80.7,Placed
STU09008,8.38,2,4,0,63.2,5,Yes,Yes,79.6,60.7,Placed
STU06003,6.65,1,0,2,73.6,4.7,Yes,No,40.4,63.1,NotPlaced
STU04928,7.71,1,2,1,74.4,4.7,No,Yes,70.7,64.9,Placed
STU09262,8.84,0,0,0,61.4,3,No,No,70.4,82.4,NotPlaced
STU02159,8.65,1,2,3,59.8,4.1,No,Yes,74.6,70.9,Placed
STU03610,7.13,1,4,0,61.3,3.9,Yes,No,66.8,54.4,Placed
STU00054,8.05,0,2,1,63.4,2.9,Yes,Yes,61.9,54.1,NotPlaced
STU00710,9.03,3,3,1,69.7,4.1,Yes,No,88.2,63.7,Placed
STU05648,8.91,2,2,0,75,3,Yes,Yes,90,55,Placed
STU00559,7.86,1,2,1,68.2,2.8,Yes,Yes,77.1,78.9,Placed
STU00470,6.98,0,3,2,60.1,3.9,Yes,No,63.3,60.1,NotPlaced
STU01093,8.15,0,1,1,65.8,3.4,No,No,63.6,71,NotPlaced
STU04797,7.94,1,2,0,80.3,3.1,No,No,86,69.8,NotPlaced
STU06089,7.74,0,1,2,64.9,4.2,Yes,No,79.6,75.4,NotPlaced
STU09347,7.8,1,2,3,63.8,3.9,Yes,No,57.3,83.6,Placed
STU03166,5.92,0,1,0,75.8,2.6,Yes,No,66.3,62.1,NotPlaced
STU01556,7.83,1,3,0,61.7,4.9,Yes,No,62.4,56.8,Placed
STU05749,7.48,0,1,2,71.5,3,Yes,Yes,81.9,68.6,Placed
STU07205,5.93,1,2,1,70.6,3.1,No,Yes,83.3,56.9,Placed
STU07355,8.68,1,2,2,86.3,3.6,Yes,Yes,81.1,87.1,Placed
STU01635,7.2,0,3,0,80.2,2.6,Yes,No,69,84.6,NotPlaced
STU07943,6.2,1,3,0,70.3,3.7,No,No,54.8,80.9,NotPlaced
STU09341,6.66,1,4,0,57.9,2.1,Yes,No,76.6,53.7,Placed
STU07169,8.48,1,1,3,72.8,2.9,No,No,63.4,71,Placed
STU06180,8.29,1,1,0,56.2,3.5,No,No,87.3,53.7,NotPlaced
STU04095,8.61,0,3,0,74.4,1.9,Yes,No,93.2,54.2,NotPlaced
STU07796,8.57,0,2,2,84,4.5,No,No,62.2,67,Placed
STU09098,6.39,3,1,3,75.1,4.1,No,No,61.5,81.8,Placed
STU09131,8.6,1,1,0,80.3,3.6,Yes,Yes,56.1,75.7,NotPlaced
STU05929,8.56,0,0,2,72.8,3.3,No,No,60.1,66.9,NotPlaced
STU07823,7.06,3,1,1,83.8,4.5,Yes,Yes,61.3,65,Placed
STU03846,8.25,1,2,1,76.6,4,No,Yes,71.9,65.5,Placed
STU01961,7.45,1,3,1,57.9,2.8,Yes,Yes,67.5,70,Placed
STU04925,7.9,0,1,1,66.3,3,No,No,69.9,72.4,NotPlaced
STU03622,7.82,0,3,2,68.1,2.7,Yes,Yes,66.3,82.3,NotPlaced
STU02011,6.05,1,3,1,51.2,3.8,No,Yes,55.4,73.7,NotPlaced
STU05429,6.81,0,1,1,66.4,2.4,No,Yes,74.4,62.3,NotPlaced
STU01151,6.61,1,2,1,59.7,2.9,Yes,No,79.8,71.2,NotPlaced
STU06516,6.87,3,1,1,71.1,2.2,No,No,76,68.2,NotPlaced
STU03650,7.11,1,1,1,84.7,3.2,Yes,No,69.5,70.4,Placed
STU07518,7.28,0,1,3,94,3.1,Yes,No,65.8,69.4,NotPlaced
STU09729,7.08,2,3,1,81.9,3.9,Yes,No,81.2,88.4,Placed
STU06111,8.44,2,3,1,62.5,4.3,Yes,No,74.2,54.4,Placed
STU05116,7.97,0,3,0,68.8,3.2,Yes,Yes,57.7,65.7,Placed
STU07481,7.3,1,2,3,76.4,4,Yes,Yes,50.7,82.6,Placed
STU06581,7.24,3,0,1,74.6,4.1,No,Yes,82.1,71.5,Placed
STU03720,7.4,1,1,1,59.8,3.6,Yes,No,70.7,52.7,NotPlaced
STU05741,7.8,1,1,1,78.3,2.8,Yes,Yes,73.7,84.5,NotPlaced
STU09521,8.43,2,1,2,71.7,3.7,Yes,No,46.7,70.9,Placed
STU02460,7.92,1,2,1,82.6,2.7,Yes,No,72.7,55.3,Placed
STU04172,7.36,2,3,2,53.2,4.5,Yes,No,80.4,45.6,Placed
STU04371,5.93,3,1,0,63.8,2.9,Yes,Yes,77.4,95.7,Placed
STU06243,8.7,1,1,2,57.3,3.6,Yes,Yes,62.3,79.7,Placed
STU04041,7.68,1,2,1,63.2,3.5,Yes,Yes,66.9,78.9,Placed
STU00746,6.85,0,3,0,59.5,3.5,Yes,Yes,61.9,96.6,Placed
STU04598,8.66,0,1,1,74.2,4,No,Yes,71.3,59.1,NotPlaced
STU02685,7.8,1,2,2,64.7,3.9,Yes,No,76.8,62.3,Placed
STU02902,7.12,1,2,2,64.8,2.9,Yes,No,92.6,59.6,Placed
STU09762,6.73,1,1,3,53,2.3,Yes,Yes,72.8,73.1,Placed
STU08056,7.92,0,3,1,68,4.2,Yes,Yes,84.5,74.6,Placed
STU03223,8.73,0,4,1,74.2,4.4,No,No,64.3,50.1,NotPlaced
STU04112,6.8,1,2,2,63.7,3.8,Yes,Yes,70.2,82.9,Placed
STU09446,5.93,2,1,0,73.7,4.6,No,No,80.4,84.7,Placed
STU06363,7.04,2,2,1,81.2,4.9,Yes,No,64.1,61.6,Placed
STU01662,7.39,0,1,1,69.9,4.1,Yes,Yes,88.2,83.8,NotPlaced
STU01050,8.74,2,1,1,63.2,4,No,No,40,97,Placed
STU03577,6.75,1,1,2,70.4,3.6,No,Yes,60.4,86.6,NotPlaced
STU05554,8.07,1,0,1,69.1,3.3,No,No,93.9,70.2,NotPlaced
STU09765,7.63,0,2,1,85,4.7,No,Yes,72.8,75.5,Placed
STU00972,6.89,1,1,2,76.5,2.4,No,Yes,76.3,71.8,Placed
STU04852,9.79,1,2,2,75.4,3.3,No,No,73.4,66.8,Placed
STU01538,7.02,1,2,1,77.1,3,Yes,Yes,58.7,88.2,Placed
STU00540,6.98,2,3,2,78.9,4.1,Yes,No,57.9,68.9,Placed
STU09136,7.02,2,1,1,89.1,5,No,Yes,78.4,79.1,Placed
STU08557,7.18,0,2,1,72.2,4.2,Yes,Yes,72.5,64.6,NotPlaced
STU01135,7.28,3,1,0,82.3,3,Yes,No,69.9,91.1,Placed
STU07582,8.1,1,2,2,81.7,4.7,No,Yes,89.7,76.1,Placed
STU03506,6.26,2,2,2,50.4,3.6,Yes,No,58.4,74.9,Placed
STU08379,8.23,1,1,0,77.3,3,Yes,No,73,64.7,NotPlaced
STU01674,6.67,0,1,2,70.5,4.9,Yes,Yes,60.3,67.5,NotPlaced
STU08446,6.73,0,2,1,63.1,2.2,Yes,No,55.5,91.6,NotPlaced
STU07091,7.07,1,1,1,64.5,3.6,No,Yes,99.6,73.2,NotPlaced
STU04715,7.57,0,2,1,80.5,2,No,Yes,53.4,74.6,NotPlaced
STU07631,8.47,2,2,1,80.7,4.4,Yes,Yes,62.8,60.1,Placed
STU00082,7.82,1,1,2,63.1,2.7,Yes,Yes,80.8,97.1,Placed
STU04126,6.51,1,2,1,58.1,2.5,Yes,No,67.4,57.4,NotPlaced
STU04665,8.15,0,3,2,87.4,2.5,No,Yes,62.3,74.4,Placed
STU06500,7.18,1,3,1,72,4.7,Yes,Yes,55.7,74.7,Placed
STU03338,7.37,0,3,1,64.5,3.9,Yes,Yes,61.5,86.5,Placed
STU05069,7.48,1,1,0,58.6,4.2,No,Yes,83.4,74.7,NotPlaced
STU05656,6.77,0,0,2,84.4,3.1,No,No,73.6,74.9,NotPlaced
STU05422,6.43,0,2,3,77.6,2.1,No,No,87.2,70.1,NotPlaced
STU07698,6.23,2,1,2,70.2,3.8,Yes,No,85.2,82.1,Placed
STU04931,8.49,2,4,1,76.7,3.8,No,Yes,83.8,74,Placed
STU08210,7.81,1,1,2,74.9,4,Yes,Yes,61.9,57.2,Placed
STU01746,7.71,0,2,2,70.7,4.3,No,Yes,63.2,72.4,Placed
STU06217,7.51,2,3,0,90.8,3.8,Yes,No,65.3,78.8,Placed
STU00656,7.55,1,2,0,65,3.9,Yes,No,69.7,67.3,NotPlaced
STU02582,7.85,0,1,1,85.1,4,Yes,No,60.4,70,NotPlaced
STU01590,7.58,2,0,1,78.1,3.9,Yes,Yes,55,65.5,Placed
STU09001,8.19,0,2,1,83.4,3.8,Yes,Yes,87.5,57.1,Placed
STU01639,9.36,0,0,0,79.6,3.2,Yes,Yes,64,55.5,NotPlaced
STU02932,7.09,0,0,3,76.5,4.2,Yes,No,100,68.6,NotPlaced
STU01533,7.79,1,3,1,55,3.1,Yes,No,87.7,61.5,NotPlaced
STU08086,7.71,1,2,1,82.1,4.2,No,Yes,71.4,62.6,Placed
STU01083,7.21,0,3,2,58.9,3.6,No,Yes,71.1,80.9,Placed
STU01462,6.4,0,4,1,83.5,2.9,Yes,No,72.6,75.4,Placed
STU03093,7.41,0,3,1,69.1,3.6,No,Yes,81.9,92.3,NotPlaced
STU04822,7.33,2,2,3,59.4,4.1,No,Yes,72,72.5,Placed
STU07044,6.13,0,1,1,69.9,3.1,No,No,58.1,67.1,NotPlaced
STU07074,8.56,1,3,0,99.8,3.5,Yes,No,60.8,95.9,Placed
STU01983,6.94,0,1,0,63.9,3.1,Yes,No,78,79,NotPlaced
STU05488,7.89,1,1,3,83.8,3.6,Yes,Yes,55.5,73.9,Placed
STU03352,7.19,3,1,0,77.6,3,No,No,67.8,73.9,Placed
STU01457,8.18,1,1,2,70.7,2.9,Yes,Yes,73.7,72.2,Placed
STU02966,7.27,1,2,1,79.8,3.9,Yes,Yes,71.7,87.1,Placed
STU02570,7.29,1,2,0,75.6,3.3,No,No,67.6,68.5,NotPlaced
STU08825,8.3,1,2,1,42,3.9,Yes,No,84.8,96.7,Placed
STU07749,8.16,2,2,3,82.5,3.5,Yes,Yes,88.6,80.6,Placed
STU00424,8.37,1,0,0,68.9,2.5,Yes,Yes,74.4,74,Placed
STU06431,6.93,0,1,2,90.3,3.7,Yes,Yes,63.3,96.2,NotPlaced
STU01197,7.48,1,3,1,66,3.2,Yes,Yes,67.1,74.9,Placed
STU01802,7.45,0,2,1,71.8,4.4,No,Yes,69.9,66.6,NotPlaced
STU08314,6.73,2,4,0,73.6,2.8,Yes,Yes,50.2,74.7,Placed
STU04702,6.2,0,2,2,71.7,3.5,No,No,87.9,76.2,NotPlaced
STU03383,7.69,2,0,2,79,4,No,Yes,61.6,66.2,Placed
STU01543,9,0,2,1,74.2,5,No,Yes,74.5,53.4,Placed
STU01907,6.09,1,2,2,51.4,5,No,No,90.8,88,NotPlaced
STU00917,8.05,0,2,1,68,4.7,No,Yes,78.7,69.6,NotPlaced
STU08133,7.75,1,2,1,85.6,3.8,Yes,No,67.1,65.9,Placed
STU04898,6.49,1,1,2,60.5,3.7,Yes,No,71.1,58.3,NotPlaced
STU05453,9.03,2,2,1,64.5,4.9,Yes,No,55.8,62.1,Placed
STU01305,7.98,2,1,0,82.8,4.2,Yes,Yes,82,75.4,Placed
STU01145,7.34,1,2,1,65.1,3.9,Yes,No,62.6,80,NotPlaced
STU06417,6.34,2,1,2,68,3.7,Yes,No,62.9,92.4,Placed
STU04305,6.32,1,2,1,56.6,3.4,Yes,Yes,81.5,63.2,Placed
STU05993,6.6,0,3,3,77.2,3.5,Yes,No,71.8,69.4,NotPlaced
STU06501,8.6,0,1,2,70.6,3.2,Yes,No,87.4,63.2,NotPlaced
STU00129,7.59,2,2,1,78.8,2.7,No,Yes,71,71.2,Placed
STU03003,7.13,1,2,1,78.7,4.5,No,No,74.9,64.5,Placed
STU01560,7.26,0,2,1,62.4,3.3,No,Yes,64.1,89.5,NotPlaced
STU00193,7.69,1,2,2,89.9,3,Yes,No,66.8,79.4,Placed
STU09581,8.82,2,1,2,74.6,3.5,Yes,Yes,76.4,82.3,Placed
STU07065,7.71,1,1,3,71.6,2.9,No,Yes,64.2,69.9,Placed
STU02019,8.07,1,2,0,58.5,3.5,Yes,Yes,59.9,81.7,Placed
STU09069,8.84,1,4,2,77.8,2.7,No,No,66.5,68.5,Placed
STU04494,7.09,1,2,1,77,2.7,No,Yes,79,57.2,NotPlaced
STU06383,7.04,0,1,1,68,3,Yes,Yes,85.2,69.7,NotPlaced
STU04394,7.02,1,2,2,83.9,2.8,No,Yes,78.2,83,NotPlaced
STU07883,8.66,1,2,0,86.9,3.2,No,No,75.3,53.2,Placed
STU06308,8.27,2,0,0,71.6,4.2,No,No,62.2,71.3,NotPlaced
STU00059,7.8,2,1,1,64.5,4,Yes,No,51,74.2,Placed
STU01862,8.23,1,4,1,75.7,2.1,Yes,Yes,55.7,58,Placed
STU00706,8.05,1,2,1,75.1,3.1,Yes,Yes,68.9,82.1,Placed
STU03502,6.94,1,1,1,68.3,3.3,No,Yes,84.3,62.4,NotPlaced
STU05091,5.86,0,3,1,64.1,4.4,No,No,75.5,69.2,NotPlaced
STU07899,6.29,1,4,1,81.3,3.4,No,No,81.6,63.4,NotPlaced
STU04594,5.55,1,1,2,70.1,4.9,Yes,No,75.5,80.9,NotPlaced
STU06145,8.03,0,0,2,69.7,1.3,No,Yes,74.6,71.6,NotPlaced
STU01966,7.58,1,0,3,65.9,3,Yes,Yes,77.1,57.5,Placed
STU03092,8.18,0,1,1,75.8,4.8,No,No,57.6,44.6,NotPlaced
STU03998,7.21,0,2,1,76.5,3.8,Yes,No,69.3,71.8,NotPlaced
STU02899,7.24,1,1,1,70.3,3.1,No,No,61.5,47.4,NotPlaced
STU05667,8.12,1,1,2,80.4,4.2,Yes,Yes,42.3,98.8,Placed
STU04408,7.15,0,1,1,78.3,2.1,No,No,72.8,69.4,NotPlaced
STU07105,8.07,0,1,0,79.3,3.9,Yes,Yes,63.4,68.1,Placed
STU09631,9.3,0,1,2,71.5,3.2,Yes,Yes,66.6,81.5,Placed
STU06157,7.36,1,1,1,76.1,3.1,Yes,Yes,65.5,83.6,Placed
STU07043,7.91,1,2,3,82.4,2.2,No,No,79.5,61.3,NotPlaced
STU08160,6.81,0,3,1,74.4,3.6,No,No,68.4,51.7,NotPlaced
STU07591,6.74,1,2,1,89.2,4.4,Yes,No,78.9,71.9,Placed
STU04048,10,2,3,1,70.3,5,Yes,No,94.2,75.9,Placed
STU08173,7.74,0,2,1,80,3.4,Yes,Yes,65.6,75.2,Placed
STU05928,7.65,2,1,2,79,3.6,Yes,Yes,82.4,57.2,Placed
STU05860,6.93,0,0,3,71.7,2.3,Yes,Yes,74.2,71,NotPlaced
STU01553,6.71,1,3,2,79.4,5,Yes,No,56.4,68.5,Placed
STU08503,9.21,2,1,1,94.4,4.9,Yes,Yes,71,66.3,Placed
STU00618,8.15,3,2,2,56.8,2.7,Yes,Yes,71.7,76.7,Placed
STU04355,7.86,1,1,1,68.4,3.1,No,Yes,79.7,65.3,Placed
STU06540,6.58,3,2,1,68,4.9,Yes,Yes,81.7,60.6,Placed
STU08561,7.14,0,3,1,76.8,3.9,No,Yes,69.5,82.1,Placed
STU09340,7.52,2,2,2,81.1,1,No,No,61.7,53.1,Placed
STU00166,7.87,1,2,2,53.9,2.3,Yes,Yes,75.8,82,Placed
STU01317,6.54,3,1,1,60.2,3.3,No,No,69.1,79.6,Placed
STU04038,7.3,0,2,0,78.8,3.7,No,Yes,56.3,64.6,NotPlaced
STU03433,7.97,1,1,1,69.2,2.7,No,Yes,87.2,61.2,NotPlaced
STU05269,6.3,1,3,1,64.2,3.5,Yes,No,64.2,56.3,NotPlaced
STU06001,6.5,3,1,2,75.2,4.8,Yes,No,91.9,51.9,Placed
STU00356,6.6,1,1,1,74.8,2.8,No,No,72.6,60,NotPlaced
STU02732,9.02,1,3,3,78.2,3.8,No,Yes,92.1,71.2,Placed
STU04037,7.97,1,0,1,75.1,4,No,Yes,65.7,56.4,NotPlaced
STU01362,8.02,0,4,2,71,2,No,Yes,64.2,56.5,Placed
STU02785,7.06,3,2,1,84.9,1.4,Yes,Yes,63,65,Placed
STU05956,8.27,1,2,1,72,4.7,Yes,No,68.6,77.9,Placed
STU00218,7.29,0,3,2,83.8,2.8,Yes,Yes,59.5,75,Placed
STU07242,7.1,2,1,0,81.2,4.3,No,Yes,94.9,57.6,Placed
STU08737,7.69,0,3,2,63.7,3.5,Yes,Yes,84.5,52.4,Placed
STU00161,6.62,1,1,1,48.4,2.9,Yes,No,74,58,NotPlaced
STU07803,6.78,1,2,2,66,3.2,Yes,No,79.4,78.8,Placed
STU02101,7.84,0,1,1,75.4,3.2,Yes,No,85.6,55.8,NotPlaced
STU01893,7.11,1,2,2,76.7,4.1,Yes,No,61.1,68.9,Placed
STU01147,6.51,1,1,2,71.9,3.8,No,No,47.5,91,NotPlaced
STU09518,8.57,1,1,2,87.2,4.4,Yes,No,58.8,73.6,Placed
STU08383,7.58,1,1,2,54.6,3.6,Yes,Yes,72.3,76.9,Placed
STU04570,7.51,1,1,2,70.4,3.4,Yes,No,67.9,53.3,Placed
STU08039,7.42,2,1,1,89.4,3.1,No,No,81.6,62.1,Placed
STU05410,8.51,1,1,2,71.1,3.4,Yes,Yes,76.1,75.6,Placed
STU09664,7.7,0,3,2,65.7,3.2,Yes,No,65.7,73.1,NotPlaced
STU06228,7.85,1,2,1,83.3,2.4,Yes,Yes,74.7,48.6,Placed
STU04578,9.14,1,2,1,82.4,3.7,Yes,No,70.8,44.3,Placed
STU00811,7.33,1,2,1,67.9,2.9,No,Yes,57.5,61.3,Placed
STU03677,7.57,1,1,0,85.1,3.3,Yes,Yes,81.8,85.5,Placed
STU01900,7.23,2,4,2,90.6,4.4,Yes,Yes,58.8,60.4,Placed
STU02694,7.38,0,2,3,58.6,3.9,No,Yes,41.3,60.4,NotPlaced
STU01777,6.95,1,1,2,66.6,4.2,Yes,Yes,76.3,61.5,Placed
STU06705,7.28,1,2,1,74.6,2.8,No,No,79.4,78,NotPlaced
STU03107,6.34,3,3,3,61,4.4,No,No,75.8,77.5,Placed
STU00553,8.55,1,2,1,71.9,3,Yes,No,74.8,84.7,Placed
STU00249,9.09,1,4,0,87.7,3.3,No,No,83.5,73,Placed
STU00561,7.76,0,1,1,65.3,3.7,Yes,Yes,49.4,74.2,NotPlaced
STU05124,7.44,1,3,2,75.2,3.2,No,No,90.1,71.1,NotPlaced
STU05113,7.46,0,2,0,77,4.2,No,No,67.9,79,NotPlaced
STU04534,6.71,1,0,0,66.7,3.5,Yes,No,59.4,57.8,NotPlaced
STU02069,8.78,0,2,0,83.9,3.4,Yes,No,67.1,71.6,NotPlaced
STU01328,7.37,1,3,2,77.2,2.8,Yes,Yes,92.9,65.6,Placed
STU01092,7.47,1,0,2,63.3,3.8,No,No,74,66.8,NotPlaced
STU00621,6.79,0,3,0,57.6,3.4,Yes,Yes,55.3,69.2,Placed
STU06841,6.93,3,4,0,59,3,Yes,Yes,66,80.4,Placed
STU08289,6.93,1,1,0,70.7,4.2,No,Yes,84.8,71.9,NotPlaced
STU09704,7.51,2,2,1,50,2.4,Yes,No,69.6,64.3,Placed
STU05473,7.16,1,0,2,64.5,3.7,Yes,No,84.8,99.9,NotPlaced
STU04750,7.59,1,2,2,63.1,2.4,Yes,No,82.2,69,Placed
STU02962,6.95,0,2,2,64.7,2.3,Yes,No,73.7,63.7,NotPlaced
STU07347,6.76,1,1,0,76.7,2.4,Yes,Yes,54.3,75,NotPlaced
STU03580,6.54,1,2,1,72.7,3.3,No,Yes,68.8,76,Placed
STU04875,6.95,1,2,1,66.7,3.1,No,Yes,78.3,71.6,NotPlaced
STU02997,7.73,1,4,0,73.4,3.4,Yes,Yes,94.7,92.1,Placed
STU03116,7.73,1,3,0,68.6,3,Yes,Yes,58.1,58.7,Placed
STU07585,8.1,2,2,1,78.7,4.1,No,No,77.5,73.1,Placed
STU03776,7.92,1,2,0,63.6,4.7,Yes,No,66.1,77.3,Placed
STU07766,7.47,2,0,0,71.5,4.4,No,Yes,69,70.8,NotPlaced
STU04270,8.34,0,3,1,72,2.6,No,No,79.6,85.1,NotPlaced
STU04756,7.77,3,2,2,60.8,2.3,Yes,No,75.3,60.3,Placed
STU05093,6.25,1,2,0,77.1,4.2,No,No,60.8,76.1,NotPlaced
STU00937,6.58,0,1,0,60.9,3.7,Yes,No,70.8,64.2,NotPlaced
STU07996,9.49,1,3,1,84.1,3.7,No,No,69.7,69.2,Placed
STU01417,7.55,0,4,1,74.3,3,No,No,76.3,46.1,NotPlaced
STU05951,7.62,1,2,2,89.9,3.8,Yes,No,57.8,83.7,Placed
STU03991,5.98,0,3,1,73.8,3.1,Yes,Yes,66.7,85.5,Placed
STU06689,5.92,1,1,1,81.4,4.2,Yes,Yes,65.4,54.7,Placed
STU03686,6.73,3,2,2,74.5,3.2,No,No,91.3,77.4,Placed
STU00723,6.29,0,3,2,51.9,2.9,No,Yes,78.3,70,NotPlaced
STU02594,7.55,2,1,2,68.6,3.6,Yes,No,56.7,82.4,Placed
STU02691,6.58,1,1,2,80.9,4.1,Yes,Yes,64.8,76.1,Placed
STU06147,7.56,1,3,1,69.3,3.7,No,Yes,61.9,71.9,Placed
STU03318,6.62,1,2,1,91.7,2.8,Yes,Yes,78.6,77.8,Placed
STU05508,5.22,2,2,1,80.8,2.6,Yes,No,71.9,66.4,Placed
STU00919,7.1,2,2,1,80.5,3.3,No,No,82.1,67.4,Placed
STU00969,7.46,2,4,1,67.9,3.2,Yes,No,81,65.5,Placed
STU06629,6.97,1,2,1,77.2,4.8,No,No,58.8,80.9,Placed
STU05056,6.49,2,1,3,77.8,3.3,Yes,Yes,85.1,44.1,Placed
STU03055,9.06,2,1,1,82.1,4.4,Yes,Yes,100,72.8,Placed
STU00142,8.68,1,3,1,82.8,3.5,No,No,86.2,76.6,Placed
STU06846,7.89,1,4,1,68.7,3,Yes,No,85.7,77.6,Placed
STU01433,8.27,1,2,1,81,3.5,Yes,Yes,70.4,77.1,Placed
STU00526,5.88,1,1,2,82,3.9,Yes,Yes,56.2,71.1,Placed
STU04391,7.96,1,2,3,64.5,2.7,No,Yes,78.6,72.6,Placed
STU00313,8.24,0,2,1,68.8,4.3,Yes,Yes,83.5,76.3,Placed
STU07603,7.94,1,1,0,67.7,3,Yes,Yes,56.6,74.5,Placed
STU07514,7.08,1,3,1,60.1,3.5,Yes,Yes,89.6,59.8,Placed
STU08262,9.05,0,3,1,72.3,4.4,No,Yes,65.1,81.5,Placed
STU02244,6.09,1,1,1,72.9,3.6,Yes,No,64.2,76,NotPlaced
STU07431,7.54,2,3,2,71,2.4,Yes,Yes,54.4,85,Placed
STU06169,7.35,0,1,1,71.4,4.3,Yes,Yes,72.6,72.5,Placed
STU06421,6.48,2,1,2,64.1,3.5,No,Yes,84.9,66.3,Placed
STU09891,8.63,1,0,2,58,3.8,No,No,66.2,100,NotPlaced
STU04026,7.21,0,0,2,77.1,4.4,Yes,Yes,63.2,54,NotPlaced
STU01201,7.61,1,0,2,84.5,3.9,Yes,Yes,79.7,68.7,Placed
STU07781,7.15,1,0,3,60.6,2.5,Yes,Yes,53.1,61.2,Placed
STU05076,7.59,2,3,2,74.8,3.1,Yes,No,62.1,54.7,Placed
STU03974,7.58,0,2,3,56,3.3,No,No,56.4,66.8,NotPlaced
STU05280,7.57,1,1,2,84.2,3.9,Yes,Yes,80,61.2,Placed
STU02340,6.91,1,1,3,85.6,2.6,No,No,44.1,59.8,NotPlaced
STU03336,6.29,0,1,1,51.8,2.9,No,No,55.4,55.5,NotPlaced
STU06642,9.12,1,1,1,80.2,2.6,Yes,No,79.9,84,NotPlaced
STU03432,8.71,2,1,2,74.3,2.9,No,No,53.1,72.4,Placed
STU04766,7.72,0,2,0,88.3,2.6,Yes,Yes,77.7,91.5,NotPlaced
STU06320,7.4,0,2,1,69.5,3.5,No,Yes,60.2,84.3,NotPlaced
STU08644,7.67,2,3,0,93.9,4.9,Yes,Yes,58.9,52.1,Placed
STU02562,7.58,2,2,2,81.6,3.4,Yes,No,78.4,72.1,Placed
STU06280,7.55,1,1,1,77.5,4,Yes,Yes,88.5,63.1,Placed
STU04633,7.85,1,1,2,74.2,4.2,Yes,Yes,85.1,47.7,Placed
STU01540,5,2,2,2,67.9,3,No,Yes,63,63.6,Placed
STU02000,6.83,1,2,2,56.9,3.1,Yes,Yes,72.1,86.9,Placed
STU07560,7.31,0,2,0,64.8,3.5,No,Yes,64.1,57.8,NotPlaced
STU05680,7.05,2,3,1,73.8,3.9,No,No,73,44.3,Placed
STU02728,8.71,1,1,1,91.3,4,Yes,Yes,60.3,79,Placed
STU06784,7.26,1,2,3,69.7,3.1,No,No,56.8,51.6,Placed
STU07898,7.39,1,2,1,76.9,2.5,No,Yes,75.3,71.6,Placed
STU02690,8.05,2,2,3,63.3,2.4,Yes,No,63.7,56.8,Placed
STU09485,6.16,3,3,0,79.9,3.6,No,Yes,71.2,82.4,Placed
STU07239,6.66,1,1,2,94.9,4.2,No,Yes,61.5,76.8,Placed
STU07261,9.29,2,2,1,82.1,4.1,No,No,99.4,71,Placed
STU08467,8.04,1,2,2,51.2,4.3,Yes,No,67.2,53.8,Placed
STU03424,7.88,1,3,2,69.5,3.7,No,Yes,66.5,63.2,Placed
STU03322,6.69,1,0,1,82.2,3.6,Yes,No,67.3,79.6,NotPlaced
STU01680,7.11,1,1,2,67.5,4.1,Yes,Yes,77.9,68,Placed
STU08933,7.52,3,1,3,75.7,3.8,No,Yes,64.2,79.1,Placed
STU09158,8.02,1,2,2,62,3.1,Yes,No,60.7,69.2,Placed
STU08177,8.94,3,3,1,69.1,2.5,Yes,Yes,57.5,93.6,Placed
STU06041,8.36,3,3,3,69.1,3.6,Yes,No,53.9,80.2,Placed
STU00676,6.8,1,3,1,60.2,4.3,Yes,No,64.4,84.1,NotPlaced
STU04200,8.01,0,0,1,59.8,3.1,No,No,56.6,61.5,NotPlaced
STU05099,6.81,0,1,3,70.6,3.6,No,No,71.3,81.7,NotPlaced
STU07111,6.62,1,2,1,76.7,3.4,Yes,No,70.7,85.2,NotPlaced
STU08229,7.28,2,3,3,80.2,4,No,No,69.5,50.3,Placed
STU02263,8.61,0,2,2,68.1,4.1,No,Yes,72.2,45.7,NotPlaced
STU03826,8.55,1,2,1,78.9,3.6,No,No,53.2,80,Placed
STU00425,8.08,0,2,0,71.2,3.4,Yes,No,72.2,71.4,NotPlaced
STU01060,7.17,2,0,1,65.6,3.5,No,No,94.4,68.2,NotPlaced
STU05380,7,0,1,2,78,2.8,Yes,Yes,66.9,50.5,NotPlaced
STU01127,7.77,2,1,0,74.2,3.9,No,No,78.1,63.4,NotPlaced
STU02692,7.28,1,1,0,76.7,4.3,Yes,Yes,70.9,66.5,NotPlaced
STU03482,5.16,2,2,1,81.5,4.5,No,No,73.1,68,Placed
STU01043,8.47,1,2,2,69.4,3.7,Yes,Yes,87.7,40.8,Placed
STU03445,8.13,1,2,2,82.6,4.2,Yes,Yes,64.1,65.8,Placed
STU08475,7.93,0,3,0,79.1,3.9,Yes,Yes,72.4,58.1,Placed
STU09371,6.14,1,1,1,66.3,4.4,Yes,Yes,58.7,84.6,NotPlaced
STU08779,8.54,2,2,2,60.8,3.8,Yes,No,72.4,72.1,Placed
STU09043,7.86,2,1,2,62.2,2.1,No,No,85.4,54.8,Placed
STU09671,7.67,2,2,1,77.5,3.4,Yes,Yes,93.2,56.8,Placed
STU09168,6.6,3,3,2,81.6,2.3,No,Yes,75,67.4,Placed
STU08473,6.91,2,0,1,74.1,3,Yes,Yes,62,70.4,NotPlaced
STU06545,7.57,1,3,2,56.8,3.9,Yes,Yes,77.3,69.2,Placed
STU01731,7.3,2,1,0,55.5,3,Yes,No,52.6,81.2,NotPlaced
STU07850,7.21,2,3,1,49.2,4.4,No,No,72,46.1,Placed
STU02242,8.03,0,1,0,70.7,3.2,Yes,Yes,73,56.8,NotPlaced
STU03527,7.32,3,1,2,100,3.7,Yes,No,73.9,58.4,Placed
STU06511,8.9,1,2,1,71.9,4.2,Yes,No,75.8,63.4,Placed
STU03461,9.03,2,2,2,76.3,3.8,Yes,Yes,74.1,50.4,Placed
STU05398,8.16,2,0,0,69.5,4.3,Yes,No,67.4,64.1,NotPlaced
STU09946,5.9,0,1,2,81.9,2.6,Yes,Yes,50.8,70.2,NotPlaced
STU08927,6.28,1,3,2,63.3,4.4,No,No,79.4,68,Placed
STU04850,7.93,1,3,2,77.2,3.2,No,No,62.2,64.7,Placed
STU07328,7.87,2,4,2,64.2,3.8,Yes,Yes,67.8,82.3,Placed
STU04078,5.69,1,3,1,71.6,2.7,Yes,No,72.7,65.8,NotPlaced
STU05657,8.41,0,4,1,77.4,3.1,Yes,No,68.8,55.7,Placed
STU08965,8.1,1,0,0,81.9,3.4,No,Yes,71.9,56.2,NotPlaced
STU06971,6.54,1,1,1,79.7,4.4,No,Yes,63.6,78.3,NotPlaced
STU06002,6.93,3,2,0,71.4,4.8,No,Yes,55.5,75.2,Placed
STU00898,7.63,1,2,1,71.6,3.4,No,Yes,80.9,74.1,NotPlaced
STU09359,7.14,1,0,1,71.8,3.9,No,No,47.6,86.2,NotPlaced
STU00748,6.82,1,2,1,59.2,3,Yes,No,80.8,42.6,NotPlaced
STU05832,7.39,0,1,2,66.7,3.4,Yes,No,77.3,69.5,NotPlaced
STU02425,6.12,1,1,2,68.6,3.4,Yes,No,74.7,76.3,NotPlaced
STU08347,7.16,0,1,1,57.1,2.7,Yes,No,84.8,71,NotPlaced
STU08282,8.74,0,0,2,69.2,4.3,No,Yes,92.1,76.1,NotPlaced
STU08386,6.19,1,1,2,86.4,5,No,No,80.7,71.3,Placed
STU08670,8.22,0,2,0,60.8,3.2,No,Yes,73.5,67.2,NotPlaced
STU03345,6.63,1,1,1,71.8,2.5,Yes,Yes,86.5,47.4,Placed
STU03172,8.05,2,1,1,64.1,3.2,Yes,Yes,59.7,84.6,Placed
STU06026,7.6,1,1,0,69,4.2,Yes,No,78.8,56.5,NotPlaced
STU06905,7.17,2,2,3,91.8,3.1,No,No,75.7,44.9,Placed
STU02523,7.83,3,3,2,68.2,4.8,Yes,No,70.7,73.5,Placed
STU02917,7.34,0,2,2,84.3,3.7,Yes,No,51.8,82.4,NotPlaced
STU09782,8.46,1,3,2,79,2.1,No,No,70.7,67.1,Placed
STU04520,6.69,3,3,1,50.9,3.6,Yes,No,73.5,57.1,Placed
STU08204,6.78,1,1,1,60.6,4.3,Yes,Yes,77.1,81.8,Placed
STU02258,7.12,0,2,2,74.8,1.3,Yes,Yes,72,59.4,NotPlaced
STU07032,7.02,1,2,2,70.6,3.9,Yes,Yes,65.8,82,Placed
STU05475,7.35,1,2,2,69.5,3,No,Yes,92.5,94.9,Placed
STU09106,7.19,1,1,1,58.8,3.2,No,Yes,65.8,72,NotPlaced
STU01097,7.57,2,1,0,72.4,3.7,No,No,82.5,72.7,Placed
STU01234,9.82,2,3,2,61.9,2.7,Yes,No,81.3,50.6,Placed
STU01517,8.86,1,1,1,62.7,4.2,No,Yes,66.7,70.8,Placed
STU04207,7.94,1,0,0,84.4,2.6,Yes,No,63.5,65,NotPlaced
STU04964,7.78,1,1,2,89.9,2.8,No,Yes,79.9,63,Placed
STU07157,8.55,1,0,0,65.1,3.9,Yes,Yes,41.9,71.5,NotPlaced
STU06060,8.04,0,1,0,57.5,2.4,No,No,76,76.3,NotPlaced
STU05407,6.12,0,3,1,63.2,3.7,No,Yes,65.6,83.6,Placed
STU08663,8.22,1,2,2,69.9,3.6,Yes,Yes,93,73.6,Placed
STU01026,7.89,0,4,1,66.2,3.4,Yes,No,66.7,73.1,Placed
STU07248,7.51,2,1,0,71.1,4.5,Yes,Yes,66.6,59.6,Placed
STU02209,7.22,0,4,0,69.5,2.9,Yes,No,69.9,76.3,NotPlaced
STU06973,9.22,0,1,2,71.4,3.4,No,Yes,68,79.9,NotPlaced
STU08615,7.49,1,1,0,71.7,4.3,No,Yes,65.2,64.5,NotPlaced
STU02239,7.13,1,4,2,54.2,3.1,Yes,Yes,69.8,50.9,Placed
STU09112,7.99,0,2,0,67.9,2.9,Yes,No,82.6,89.8,NotPlaced
STU01829,7.41,2,1,1,71.7,2.7,Yes,Yes,79.3,81.1,Placed
STU01570,7.02,0,1,1,84.1,5,Yes,Yes,67.9,68.7,NotPlaced
STU06983,7.25,0,1,3,79.2,3.3,No,No,87.7,69.4,NotPlaced
STU00848,9.71,1,2,2,69.4,3.5,Yes,Yes,64.7,87.2,Placed
STU00429,8.45,0,2,1,82.3,2.1,Yes,Yes,83.7,79.9,NotPlaced
STU04553,8.29,0,1,1,61.4,2.6,Yes,Yes,56,66.3,NotPlaced
STU09319,7.08,2,4,0,60.1,5,No,Yes,76.8,81.5,Placed
STU02194,6.27,1,2,3,84.7,5,Yes,No,66.3,69.7,Placed
STU04349,6.65,1,2,2,78.7,5,Yes,No,59,64.4,Placed
STU02289,6.96,2,2,0,72.4,3.2,Yes,No,87.6,85.3,Placed
STU09242,7.44,2,1,1,75.7,3.6,No,Yes,67.3,66.7,Placed
STU04421,8.73,1,1,0,69.9,3.5,Yes,No,56,57.2,NotPlaced
STU08814,8.12,0,3,2,60.1,4.9,Yes,Yes,80.2,61.2,Placed
STU08195,7.6,1,0,1,71.1,3.2,Yes,No,64.4,43.8,NotPlaced
STU02212,8.04,0,0,1,73.5,3.8,No,Yes,76.8,77,NotPlaced
STU07138,6.95,2,3,0,53.7,4,No,No,86.8,52,Placed
STU07462,7.47,1,1,3,90.5,3.9,No,Yes,73.1,80.9,Placed
STU07718,8.56,0,1,2,61.1,3.8,Yes,Yes,87.3,79.3,NotPlaced
STU02719,6.97,0,2,0,67.9,4.1,Yes,Yes,83.8,82.4,NotPlaced
STU08688,8.74,0,3,3,60.9,3.8,Yes,No,55.7,85.2,Placed
STU00982,7.88,1,1,1,95.6,3.4,Yes,Yes,53.2,92.2,Placed
STU03743,7.79,1,2,1,88.8,4.7,No,Yes,74.4,57.1,Placed
STU08574,8.59,1,2,2,85,4.6,Yes,Yes,66.5,75.4,Placed
STU06315,8.49,0,1,0,71.7,3.5,Yes,No,70.9,73,NotPlaced
STU04560,8.09,2,0,2,79.7,3.9,No,No,66.8,76.6,Placed
STU07575,6.84,2,3,0,74.8,3,No,Yes,80.8,66.3,Placed
STU08366,7.82,0,2,3,63.3,4.3,Yes,No,64.3,79.4,Placed
STU08916,7.89,1,3,2,76.3,3.3,Yes,No,58.1,82.9,Placed
STU06859,6.94,1,4,3,68.4,3.1,No,Yes,72.4,47.5,Placed
STU00667,7.27,1,4,3,80.7,3.5,No,No,64.1,86.6,Placed
STU08146,7.48,1,1,1,69.2,3.3,Yes,No,88.7,84.5,Placed
STU01450,7.52,0,2,1,67.8,3,Yes,No,73.5,57,NotPlaced
STU03517,6.78,0,2,2,78.6,3.3,Yes,No,88.5,86.3,NotPlaced
STU01229,8.37,1,2,2,75.4,3,Yes,No,65.8,88.6,Placed
STU01735,8.22,0,1,0,63.6,3.7,Yes,No,71.9,40,NotPlaced
STU02659,7.65,1,0,0,79.3,4,No,Yes,63.9,66.2,NotPlaced
STU01764,6.06,2,2,3,54.8,3.2,Yes,Yes,55.4,72.1,Placed
STU08248,7.14,1,0,2,76.2,4,Yes,Yes,85.2,63.2,Placed
STU05689,6.36,0,1,3,56.2,3,Yes,No,56.2,73.1,NotPlaced
STU08141,6.93,1,2,2,85.2,4.8,No,Yes,89.2,82,Placed
STU04283,8.54,3,0,2,63.4,4.9,Yes,Yes,72.1,56.6,Placed
STU02128,8.5,2,2,0,45.3,4,Yes,Yes,56.7,56,Placed
STU09868,7.6,1,2,2,63.9,2.6,No,No,77.7,59.7,NotPlaced
STU08905,7.12,1,4,0,74.5,3,Yes,No,74.2,58,Placed
STU08527,7.21,2,2,1,70.5,3.9,No,Yes,80,75.7,Placed
STU00758,7.67,2,3,3,62.2,4.2,Yes,No,73,73.4,Placed
STU01701,7.82,3,0,2,63.6,2.9,No,No,59.1,77.7,Placed
STU07259,6.97,3,1,2,72.3,4.2,Yes,No,68.5,95.6,Placed
STU01442,8.56,0,2,2,88.2,2.9,Yes,Yes,78.4,44.7,Placed
STU01518,8.07,1,4,3,54.8,4.5,No,No,73.1,82.3,Placed
STU05300,7.75,1,2,3,63,4,Yes,No,63,67,Placed
STU03694,8.45,0,2,1,74.7,4.1,No,No,41.8,64.3,Placed
STU01277,9.59,0,0,1,64.2,2.2,Yes,Yes,77.9,69.8,Placed
STU00066,8.72,0,1,2,64.5,3.3,Yes,Yes,79.5,55.9,NotPlaced
STU02553,9.18,2,3,2,67.1,4.3,Yes,No,77.4,78.2,Placed
STU01074,6.35,0,1,3,74.5,2.4,No,Yes,79,57.2,NotPlaced
STU08662,6.24,2,1,1,99,4,No,Yes,72.4,64.3,Placed
STU08353,7.89,1,0,2,70.1,3.5,Yes,No,73.5,67.1,Placed
STU09370,7.83,0,2,0,88.9,2.1,No,Yes,70,41.9,NotPlaced
STU07298,6.55,0,0,1,57.8,3.6,No,No,54,64.6,NotPlaced
STU08601,7.15,3,1,0,54.5,3.7,No,No,54.8,72.2,Placed
STU09377,5.64,1,3,0,86.7,3.9,Yes,Yes,48.1,60.1,Placed
STU08224,7.9,1,3,3,67.7,3.9,Yes,Yes,97.9,78.5,Placed
STU09612,8.07,1,1,1,62.2,3.7,Yes,No,86,61.9,NotPlaced
STU09049,7.33,0,2,1,72.3,4.5,Yes,Yes,77.3,50.1,NotPlaced
STU07125,8.71,1,3,0,82.7,3.5,No,Yes,81.9,68.5,Placed
STU06791,7.42,0,2,1,73.8,3.7,Yes,Yes,86.9,43.2,Placed
STU09584,7.74,0,2,1,61.9,3.2,Yes,Yes,73,67.2,NotPlaced
STU05854,6.62,1,3,1,57.8,2.3,Yes,Yes,100,63,Placed
STU01109,6.94,1,2,2,57.9,1.5,Yes,Yes,78.7,64.7,NotPlaced
STU08355,9.47,1,2,2,77.6,2.7,Yes,Yes,68.1,61.3,Placed
STU00011,7.08,1,2,3,45.9,4,Yes,Yes,84.2,40,Placed
STU05856,5.88,3,1,1,84,4.6,No,Yes,62.9,90.1,Placed
STU04816,7.28,0,2,2,74.1,3.2,Yes,Yes,48.4,65.8,Placed
STU01807,7.74,1,3,2,82.1,4.3,Yes,Yes,76,93.8,Placed
STU03477,8.38,1,1,1,76.5,3.7,Yes,Yes,75.5,69.1,Placed
STU07954,6.25,2,1,1,79.3,4,No,Yes,60.3,85.1,Placed
STU04755,7.02,0,1,0,68,4,Yes,No,80.6,69.6,NotPlaced
STU03605,8.2,2,1,1,87.8,2.9,Yes,Yes,71.1,65.4,Placed
STU04361,7.78,1,4,3,75.2,1.4,Yes,No,64.5,95,Placed
STU09284,8.13,2,1,1,81.5,4.3,No,No,57.2,68,Placed
STU00122,6.68,1,3,3,59.2,3.1,Yes,Yes,84.5,62,Placed
STU00199,7.55,1,3,1,96.2,4.6,No,No,66.9,77.6,Placed
STU07341,6.96,1,2,1,85.1,3.6,No,Yes,46.1,90.4,Placed
STU08580,7.89,0,1,1,86.7,4.2,Yes,Yes,87.7,71.2,NotPlaced
STU09492,7.46,1,2,2,73.7,4,Yes,No,60.5,72,Placed
STU07271,5.95,1,1,0,87.9,3.8,Yes,Yes,66.6,61.1,Placed
STU06798,8.92,0,1,3,74,2.6,Yes,Yes,63.3,55.9,NotPlaced
STU03685,8.04,0,1,2,80.7,1.8,No,Yes,62.7,73.9,NotPlaced
STU01497,9.36,1,2,0,92.8,3.4,Yes,Yes,73.8,78.1,Placed
STU00730,6.8,1,2,1,85.1,3.3,Yes,Yes,73.3,73.4,Placed
STU05431,6.88,0,2,2,80,3.9,Yes,No,87.9,65.7,NotPlaced
STU08801,6.77,1,2,1,77.1,3.3,No,No,79.2,68.3,NotPlaced
STU04131,7.28,0,4,0,70.6,2.9,No,No,71.9,97.2,Placed
STU00518,6.62,2,2,3,78,4.1,Yes,Yes,68.9,57.5,Placed
STU02468,7.53,0,1,2,83.5,3.2,Yes,No,55.4,64.8,NotPlaced
STU00962,8.7,3,2,0,64.3,2.7,No,No,94.2,70.1,Placed
STU01273,6.52,0,3,1,73,4.2,No,Yes,97.1,66.1,Placed
STU01831,8.14,1,2,2,75.4,4.4,Yes,No,78.8,68.3,Placed
STU00760,8.13,2,2,1,73.6,4,Yes,Yes,64.7,72.2,Placed
STU09952,7.7,0,3,1,81.1,2.9,No,Yes,61.5,58.9,NotPlaced
STU02097,8.1,2,2,0,85,4.1,Yes,No,71.8,75.8,Placed
STU02312,9.12,1,2,3,88.2,3.6,Yes,Yes,75.6,98.1,Placed
STU08260,7.74,0,2,1,64.2,4,Yes,Yes,85.7,79.7,Placed
STU01812,7.63,0,1,2,73.7,3.3,Yes,No,78,86.3,NotPlaced
STU03171,6.65,2,2,2,76.7,1.9,Yes,Yes,83.7,69.3,Placed
STU04089,8.53,1,2,0,74.6,4.3,No,No,76.3,60.8,Placed
STU09685,6.8,2,3,1,53.3,2.6,No,Yes,54.9,86.3,Placed
STU04499,5.55,1,3,3,56.4,2.2,Yes,Yes,61.2,66,Placed
STU04088,7.57,1,1,1,78,3.5,Yes,Yes,61.5,76.4,NotPlaced
STU08338,6.28,1,0,3,89.6,2.9,Yes,Yes,93.3,47.5,Placed
STU07042,7.13,1,1,1,74.2,3.8,Yes,Yes,80.7,71.4,Placed
STU06911,5.6,1,0,0,63.8,4.9,Yes,No,73.5,87.3,NotPlaced
STU08734,5.81,1,0,2,60.9,2.9,Yes,No,75,69.6,NotPlaced
STU02355,8.59,0,2,0,69.4,3,No,Yes,63.8,81.5,NotPlaced
STU04051,6.84,0,2,2,65.7,3,Yes,No,73.4,62.8,NotPlaced
STU00722,5.96,0,1,2,70.8,2.6,Yes,Yes,76.4,64.4,NotPlaced
STU02818,7.83,2,3,2,56.3,3.8,No,No,63.1,75.1,Placed
STU06915,8.46,2,2,1,71.2,2.5,No,Yes,74.2,71.6,Placed
STU04912,8.69,1,0,1,79.2,2.9,Yes,No,70.7,78.4,NotPlaced
STU07993,8.98,1,3,1,83.7,4.5,No,Yes,89.3,66.7,Placed
STU07092,9.01,1,0,0,65,3.2,No,Yes,69.8,43.3,NotPlaced
STU02984,7.76,0,3,1,58.8,4.2,Yes,No,58.6,66.9,Placed
STU07009,8.71,1,1,1,60,2.2,No,No,75.4,90.5,Placed
STU05020,7.86,2,1,1,57.4,3.8,Yes,Yes,83.2,76,Placed
STU07075,8.16,1,2,1,63.8,5,Yes,No,49.4,77.2,Placed
STU05899,7.53,1,3,2,63.8,5,No,Yes,83.8,73.7,Placed
STU04179,9.13,2,3,1,66.7,3.1,Yes,Yes,66.9,83.8,Placed
STU04512,8.45,2,3,1,80,2.6,Yes,Yes,56.8,63.5,Placed
STU07774,7.9,0,3,2,79.7,3.6,No,No,71.6,41.3,Placed
STU00601,8.18,3,2,0,68.1,3.7,Yes,No,58.1,84.9,Placed
STU05077,7.54,1,0,1,87,3.2,Yes,Yes,87.8,77.4,Placed
STU09139,6.95,0,2,2,74.5,3.8,No,No,83.1,67.6,NotPlaced
STU06164,6.12,1,1,1,77.8,3,Yes,No,65.3,72.4,NotPlaced
STU04650,7.29,1,2,0,80.1,1,Yes,No,64,79.4,NotPlaced
STU07301,6.91,1,1,0,77,3.7,Yes,Yes,68.8,63.8,NotPlaced
STU05675,6.31,2,2,1,69.3,2.7,Yes,Yes,75.6,53.7,Placed
STU02700,8.7,1,1,0,73.1,3.7,Yes,Yes,67.3,77.9,Placed
STU05923,8.08,0,3,1,70.8,3,No,No,58,71.7,NotPlaced
STU05607,6.36,1,2,0,73.2,3.2,Yes,Yes,73.9,66.5,Placed
STU00172,6.77,0,0,2,77.5,3.1,No,Yes,77.6,55.6,NotPlaced
STU09437,7.6,0,0,0,66.1,4.3,No,No,46.2,78.5,NotPlaced
STU07396,5.85,2,0,2,78.3,4.1,No,No,53,67.2,NotPlaced
STU08984,8.24,1,1,2,91.7,3.3,Yes,Yes,60,63.9,Placed
STU05379,8.05,2,1,2,75.3,2.9,No,Yes,77,88.4,Placed
STU04608,7.94,1,0,1,71.1,4.6,No,Yes,80.2,40,NotPlaced
STU06489,7.86,0,1,0,66.1,4.9,Yes,Yes,72.4,65.7,NotPlaced
STU08247,7.52,1,2,0,86.9,2.9,Yes,Yes,72.1,71.7,NotPlaced
STU07533,7.58,0,3,2,77.3,4.6,Yes,Yes,55.5,73.4,Placed
STU02509,6.28,1,4,2,70.9,4.8,Yes,No,74.6,53.7,Placed
STU08754,7.16,0,2,1,86.2,4.4,No,Yes,66.3,58.9,Placed
STU09301,7.88,2,3,1,68.5,4.1,No,Yes,90.4,81.9,Placed
STU09462,7.46,1,1,1,71.8,3.1,No,Yes,72.1,62.3,NotPlaced
STU04274,6.53,0,1,3,81.1,3.3,No,Yes,65.7,62.2,NotPlaced
STU03742,7.97,2,2,2,69,3.7,No,Yes,72.1,71.1,Placed
STU09116,8.32,2,1,0,70.9,4.2,Yes,Yes,62.2,62.1,Placed
STU07470,8.06,0,3,2,60.8,2.8,Yes,No,53.1,77.7,Placed
STU02667,8.26,1,2,1,54.7,3.4,Yes,Yes,56.8,65.8,Placed
STU09670,7.74,0,3,0,69.5,2.6,Yes,No,70.9,71.9,NotPlaced
STU07711,7.8,1,2,1,91.6,2.8,Yes,Yes,52.7,79.2,Placed
STU04589,7.09,0,1,0,62.9,1.8,Yes,No,68.6,83.6,NotPlaced
STU08088,7.26,0,3,2,68.6,3.5,Yes,Yes,99.4,82.2,Placed
STU00472,5.43,0,3,2,70.4,3.7,Yes,Yes,62.7,59,NotPlaced
STU06388,6.22,3,1,2,70,4,No,No,80.5,74.9,NotPlaced
STU07164,6.29,0,3,1,75.6,4.3,Yes,Yes,56.7,49.1,Placed
STU03254,8.45,2,3,1,69.6,2.8,Yes,Yes,86.6,97.3,Placed
STU06577,6.95,3,0,0,74.2,4.3,Yes,No,100,52.5,Placed
STU00220,7.57,1,0,0,47.4,2.9,No,No,44.4,65.8,NotPlaced
STU09651,8.51,1,2,0,74.6,3.6,No,No,76.3,85.7,NotPlaced
STU09647,7.95,3,0,1,73.6,3.2,Yes,No,80.1,48.7,Placed
STU04157,7.97,1,3,0,75.4,4.1,No,No,94.7,61.7,Placed
STU00768,9.09,3,2,2,71.4,3.5,Yes,No,71.2,93.3,Placed
STU03447,7.4,2,0,0,76.2,3.8,Yes,Yes,79.7,70.2,Placed
STU06370,7.12,1,1,0,70.9,3.8,Yes,Yes,71.1,55.5,NotPlaced
STU00585,7.66,1,3,1,67.3,4,No,No,92.8,84.1,Placed
STU04765,6.61,1,1,1,68.5,5,No,No,71.2,59.8,NotPlaced
STU05219,7.04,1,0,1,91.5,4.5,No,Yes,74.5,80.2,NotPlaced
STU07909,8.2,2,0,2,86.7,3.6,Yes,Yes,73.7,73.2,Placed
STU07458,8.18,0,3,0,84.8,4.5,Yes,No,89.8,81.7,Placed
STU01567,7.56,2,1,1,82.3,4.5,Yes,No,65.2,47.6,Placed
STU06635,6.82,3,1,1,82.2,3.2,No,Yes,57.4,68.5,Placed
STU04844,7.37,1,1,2,87.7,2.6,Yes,No,87.4,61.8,Placed
STU02360,7.87,1,3,1,68.7,3.1,Yes,No,77.1,79,Placed
STU07720,6.39,1,3,1,55.6,4,Yes,No,85.8,73.1,Placed
STU00345,7.08,1,1,1,54.4,1.9,Yes,No,76.6,47.8,NotPlaced
STU04959,7.45,1,2,0,82.1,2.5,Yes,No,78.9,74.5,Placed
STU07509,6.78,2,1,0,64.3,2.7,No,Yes,74.5,75.3,Placed
STU01572,6.37,0,2,1,75,3.7,Yes,Yes,51.6,76.7,NotPlaced
STU06215,6.7,1,3,2,72.3,4.2,No,Yes,66.7,91.3,Placed
STU05421,7.53,1,3,2,62.6,4.6,Yes,No,65.8,61.5,Placed
STU03891,8.12,2,0,0,73.3,3.6,No,No,64.8,76.5,NotPlaced
STU02652,8.87,1,2,0,63.6,2.5,Yes,No,86.3,68.2,NotPlaced
STU00128,6.99,3,3,3,59.9,2.8,Yes,Yes,74.3,70,Placed
STU05265,8.57,1,2,3,75.4,3.5,No,Yes,54.2,61.5,Placed
STU06484,7.2,1,2,1,75.3,4.1,Yes,Yes,49.7,71.1,Placed
STU03624,7.54,0,1,2,66.9,3.4,Yes,Yes,71.3,74.9,NotPlaced
STU07893,6.43,0,2,2,95.9,4.2,Yes,Yes,70.3,72.2,NotPlaced
STU02642,7.3,0,2,1,60.9,3,No,No,92.2,73,NotPlaced
STU09441,5.92,1,1,0,64.8,4.6,Yes,Yes,65.5,70.4,NotPlaced
STU05511,7.62,1,1,3,74,2.8,Yes,No,65.3,71.4,Placed
STU08186,6.31,3,0,1,72.3,3.9,Yes,No,93.3,75.4,Placed
STU01184,6.09,1,1,3,100,3.3,No,No,73.6,64.3,Placed
STU01263,7.98,1,0,1,85,3.4,Yes,Yes,63.7,71.1,Placed
STU04090,7.15,2,3,2,82.3,3.8,No,Yes,50.6,68.6,Placed
STU06786,7.12,1,1,2,79.2,4.3,Yes,No,82.2,50.6,NotPlaced
STU03969,9.31,2,2,2,75.9,4.1,Yes,Yes,83.3,84.4,Placed
STU06522,7.43,1,1,1,53,3.3,Yes,Yes,82,51.1,NotPlaced
STU09311,9.23,3,2,1,70.5,3.7,No,No,100,71.8,Placed
STU08004,8.14,1,2,1,64.4,3,Yes,Yes,53.7,78.7,Placed
STU07104,7.23,2,0,2,61.9,3.8,No,Yes,84.9,61.4,Placed
STU02967,7.82,1,2,1,80.3,3.1,Yes,Yes,66.2,83.6,Placed
STU07439,6.14,2,0,1,84.6,5,No,Yes,73.2,57.4,Placed
STU01967,7.32,1,1,2,77.4,4,Yes,Yes,72.4,62.3,Placed
STU06554,6.83,3,2,1,64.3,3.4,Yes,Yes,67.2,76,Placed
STU05017,5.61,1,1,0,71.4,4.1,Yes,Yes,67.2,58.8,NotPlaced
STU04789,5.62,2,2,1,59.4,3.3,Yes,Yes,61.7,64,Placed
STU09646,7.24,1,3,2,82.3,2.4,Yes,No,40,53.6,Placed
STU00396,7.08,3,2,1,82.1,2.5,No,Yes,71.4,67.4,Placed
STU09126,7.56,2,1,3,71.3,4.7,No,Yes,59.3,58.3,Placed
STU02645,6.52,0,2,1,67.6,2.4,Yes,No,63.1,71,NotPlaced
STU02081,7.5,0,2,3,72.6,3.9,No,No,87.5,43.1,NotPlaced
STU03105,6.84,0,1,1,74.4,4.1,No,No,60.5,85.7,NotPlaced
STU06890,7.41,0,2,1,83.2,4.1,Yes,Yes,98.3,68.3,Placed
STU01112,7.7,1,2,2,82.3,4.2,Yes,Yes,70.6,77.2,Placed
STU09960,7.88,1,1,1,72.4,3.7,No,Yes,68,82.2,NotPlaced
STU09067,6.69,1,3,1,69.9,2.9,No,Yes,65.6,78.6,Placed
STU01650,9.83,0,1,0,60,2.9,Yes,No,77.7,68,NotPlaced
STU05030,7.51,2,2,3,84.7,2.9,Yes,Yes,80.1,81.3,Placed
STU00137,6.8,2,3,0,54,3.5,Yes,Yes,79.6,71.8,Placed
STU04239,8.81,1,1,1,68,4,Yes,No,77.4,75.9,NotPlaced
STU02482,9.05,0,0,1,68.9,3.6,No,No,72.5,57.8,NotPlaced
STU00506,7.06,2,3,0,76.6,3.3,Yes,No,49.4,76.1,Placed
STU01817,5.56,0,3,1,68.8,3.5,No,Yes,70.6,59.7,NotPlaced
STU03448,6.78,2,0,2,83.7,4.9,Yes,Yes,81.8,72.6,Placed
STU08956,8.45,1,2,1,51,3,Yes,No,75.5,80.8,NotPlaced
STU05129,7.63,1,3,0,89.5,3.5,No,No,71.5,67.4,Placed
STU02389,8.3,0,3,1,83.3,4.2,Yes,No,66.4,70.6,Placed
STU09134,7.75,1,2,2,55.5,4.9,No,No,73.7,60.7,Placed
STU01647,7.33,2,1,2,73.3,4.8,Yes,Yes,72.8,79.1,Placed
STU06304,8.51,0,3,1,76.1,4.1,Yes,Yes,65,68.7,Placed
STU09102,8.42,1,2,0,65.7,4.4,Yes,Yes,68.8,85.6,Placed
STU07924,8.66,2,1,1,91.2,3.1,Yes,No,76.5,86.9,Placed
STU01849,8.37,1,2,1,69.6,3.5,Yes,No,66.2,75.2,NotPlaced
STU07834,7.26,1,3,1,81.1,4.6,No,Yes,63.7,59.9,Placed
STU09208,5.84,0,3,3,86.2,4,No,Yes,82.5,70.8,Placed
STU09012,6.33,0,2,1,63,2.7,Yes,No,62.2,69.3,NotPlaced
STU05363,7.56,1,4,2,76.8,4.7,No,No,54.3,72.9,Placed
STU09233,7.56,1,2,2,63,3.5,No,Yes,83.1,79.2,Placed
STU04053,7.91,1,3,2,72.3,4.6,Yes,No,56.9,72.1,Placed
STU05066,7.32,1,1,1,64.8,3.9,No,No,58.9,67.3,NotPlaced
STU05678,8.71,2,1,3,72.8,2.6,No,No,100,57.7,Placed
STU02141,7.65,1,1,3,82.2,3.4,Yes,No,69.3,70.3,Placed
STU09812,6.87,0,2,1,73.3,3.1,No,Yes,47.1,71.6,NotPlaced
STU09986,7.15,2,2,2,60.4,4,No,No,56,66.6,Placed
STU02324,9.01,1,1,2,54.7,4.3,Yes,Yes,68.2,79.7,Placed
STU05434,7.19,1,2,1,86.1,4.6,No,No,84.7,56.2,Placed
STU07133,8.03,2,2,2,73.6,4.2,Yes,Yes,75.9,56.4,Placed
STU04932,5.53,2,2,2,88.7,3.4,No,No,65,40,Placed
STU01871,6.5,2,1,1,89.3,3.2,Yes,Yes,75.9,86.3,Placed
STU00210,10,1,2,0,61.1,2.4,Yes,Yes,71.3,71.4,Placed
STU02756,7.09,1,0,1,59.7,3.1,Yes,Yes,71.5,64,NotPlaced
STU01175,6.82,0,3,2,65.8,3.3,Yes,No,56.7,58.4,NotPlaced
STU06857,7.64,1,1,3,73.7,4,Yes,Yes,62.5,73.3,Placed
STU07903,7.85,1,3,0,87.2,4.5,No,Yes,92.7,62,Placed
STU07102,7.39,1,1,2,93.6,3.1,No,No,61.1,78.4,Placed
STU00504,8.01,1,1,1,69.3,2.9,Yes,Yes,100,73.8,Placed
STU09243,7.49,1,3,3,70.1,4.7,Yes,No,81.3,62.4,Placed
STU08031,7.13,3,0,1,86.9,3.7,No,No,75.7,61.2,Placed
STU05835,7.67,1,1,2,60,4.4,No,Yes,72.6,73.9,Placed
STU03468,7.62,1,2,1,68.3,2.8,Yes,No,67.8,75.4,NotPlaced
STU05003,5.88,0,2,2,80.1,4,Yes,No,72.4,68.5,NotPlaced
STU06273,7.42,1,1,2,71.3,3.7,No,No,46.6,71.1,Placed
STU09214,7.98,1,2,1,72.2,4.2,Yes,No,53.9,93.6,Placed
STU07599,8.39,1,1,2,75.7,2,Yes,No,80.8,65.9,Placed
STU01383,9.44,1,1,1,73.2,4.3,No,Yes,71.2,51.8,Placed
STU01520,9.17,3,2,3,80.9,4.6,No,No,93.7,44.4,Placed
STU02561,6.59,2,3,2,64.2,4.9,No,No,75.6,55.6,Placed
STU06539,7.04,3,1,0,61.9,2.8,Yes,Yes,65.9,61.5,Placed
STU01238,7,1,1,1,67.9,3.4,Yes,Yes,59.4,71.3,Placed
STU08124,7.49,2,3,0,75.9,3.5,No,Yes,59.3,72.6,Placed
STU07405,6.81,1,1,3,71.1,3.6,Yes,No,83.7,70.6,NotPlaced
STU03585,7.56,0,4,1,67.8,3.2,Yes,No,70,81.4,Placed
STU04209,6.73,0,2,1,76.6,4.2,No,No,71,43.3,NotPlaced
STU03628,8.19,1,2,3,62.5,2.7,Yes,Yes,77.6,67.3,Placed
STU04930,7.37,0,3,1,72.8,4.1,Yes,No,63.4,50.2,Placed
STU03691,7.98,1,1,0,87.9,2.3,Yes,Yes,90.1,78.6,Placed
STU04989,7.67,0,1,0,71.9,3.9,Yes,Yes,48.6,66.5,NotPlaced
STU08199,9.49,2,2,1,76.7,3.1,No,Yes,71.2,55.6,Placed
STU00568,6.59,2,1,1,71.5,4.6,No,Yes,94.9,80.4,Placed
STU09929,8.12,2,4,3,68.8,4.5,Yes,Yes,92.3,80.1,Placed
STU03763,6.77,0,2,3,67.3,2.3,No,No,54.4,88.2,NotPlaced
STU00107,9.2,1,3,2,85.2,4.1,Yes,Yes,73.7,74.2,Placed
STU06292,8.82,2,0,2,73,3.1,No,No,78.4,68.3,NotPlaced
STU02752,8.92,1,3,1,75.4,4,No,Yes,59.1,63.3,Placed
STU08183,7.5,0,2,0,55.7,3.5,Yes,Yes,60.8,47,NotPlaced
STU00598,6.62,3,1,1,72.8,2.4,No,Yes,45,100,Placed
STU01795,7.69,0,1,1,79.2,4.8,Yes,No,71.4,42.2,NotPlaced
STU08131,7.25,1,2,1,70.4,3.2,No,Yes,62.7,75.8,Placed
STU00147,6.39,0,2,2,76.6,2.7,Yes,No,68.6,75.7,NotPlaced
STU03832,7.02,2,3,3,76.5,2.2,No,Yes,87.1,51.7,Placed
STU04384,7.68,0,0,2,53,4.9,Yes,No,89.5,50.4,NotPlaced
STU09981,7.1,1,2,2,74.9,2.7,Yes,No,72,70.7,Placed
STU09693,9.78,1,3,2,62.8,2.6,Yes,Yes,69.8,78.2,Placed
STU05948,8.55,1,0,1,70.9,3.5,No,No,73.6,46.8,NotPlaced
STU05027,6.57,0,1,2,86.8,3.8,Yes,No,77,80.5,NotPlaced
STU00460,6.42,1,1,1,89.9,4.7,Yes,Yes,79.9,65.5,Placed
STU02183,7.34,2,3,1,63.9,3.7,No,Yes,83.1,78,Placed
STU09430,9.32,1,1,1,65.2,2.6,Yes,No,64.9,62,Placed
STU09666,8.65,2,3,2,71.7,4.5,No,Yes,63,94.8,Placed
STU07402,8.02,1,4,3,82,5,Yes,No,73.9,71.5,Placed
STU09844,6.37,1,0,0,70.1,4.1,No,Yes,79.5,73.9,NotPlaced
STU01933,7.08,0,2,2,64.6,3.2,Yes,Yes,58.6,61.6,Placed
STU01962,7.76,0,0,0,65.8,3.5,No,No,73.9,80.2,NotPlaced
STU02144,7.72,1,2,1,47.2,4.9,No,No,58.1,61,NotPlaced
STU05437,7.45,1,1,0,60,2.1,Yes,Yes,40,69.2,NotPlaced
STU00318,7.22,2,3,2,75,2.6,Yes,No,63.2,71.3,Placed
STU03443,7.63,1,3,1,71.7,4.1,Yes,Yes,69.4,68.3,Placed
STU01384,6.95,1,1,3,71.1,3.1,No,Yes,61.8,65.1,NotPlaced
STU09065,7.91,1,1,0,80.2,3.7,Yes,Yes,54.1,71.6,Placed
STU08476,6.98,1,1,1,69.9,4.8,Yes,Yes,85.1,55.4,Placed
STU03228,8.62,1,3,0,59.6,2.6,No,No,62.1,63.7,NotPlaced
STU08963,7.73,2,0,2,83.5,3.8,Yes,Yes,76.1,57.8,Placed
STU08921,9.01,1,2,1,77.3,4.7,Yes,Yes,71.5,69.7,Placed
STU09005,7.36,1,2,2,40,2.9,Yes,Yes,76.4,73.6,Placed
STU03756,5.73,1,2,0,49.5,4.2,No,Yes,56.7,73.2,NotPlaced
STU00088,7.8,2,2,0,76.6,4.8,No,Yes,76.1,67,Placed
STU00756,9.87,1,3,1,71,4.9,No,No,68.2,77.3,Placed
STU07178,6.63,0,1,3,68,4.1,Yes,No,64.2,79.3,NotPlaced
STU07292,6.92,1,2,2,76.8,3.3,Yes,Yes,75.4,71.5,Placed
STU03501,8.56,1,2,1,74.4,3.4,Yes,No,81,68.3,Placed
STU03157,6.39,0,2,0,74.7,3.9,Yes,No,58,77.4,NotPlaced
STU09075,9.35,1,2,2,66.2,2.9,Yes,No,74.4,62.8,Placed
STU05264,7.88,1,1,3,64.5,3.4,Yes,Yes,92,75.5,Placed
STU03323,6.11,1,3,3,60.7,1.4,No,Yes,65.5,78.9,Placed
STU02153,7.52,1,1,1,74.6,3,Yes,No,76.6,53.3,NotPlaced
STU09934,6.85,3,2,1,84.1,2.9,Yes,No,81.6,61.6,Placed
STU04583,7.49,0,0,1,80.4,5,No,Yes,65.6,46.4,NotPlaced
STU04176,7.94,1,0,0,78.6,4,Yes,Yes,56.1,68.7,NotPlaced
STU01818,6.85,1,3,1,50.7,2.8,Yes,Yes,51.8,95.7,Placed
STU09413,8,2,3,0,62,3.2,No,Yes,73.5,75,Placed
STU03269,7.71,1,1,2,76.1,4,No,No,80,74.3,NotPlaced
STU03136,7.9,1,2,2,81.2,4.4,Yes,Yes,73.5,54.8,Placed
STU00947,6.13,1,2,3,71.5,2.5,Yes,No,88.1,64.2,NotPlaced
STU02452,6.75,1,1,0,66.6,3.9,Yes,Yes,55.2,83.5,NotPlaced
STU01365,8.58,2,1,1,71.4,2.7,Yes,Yes,89.6,58.6,Placed
STU00881,9.77,2,4,1,71.7,3.8,No,Yes,52.9,68.6,Placed
STU01857,8.75,1,3,2,67.8,3.7,Yes,No,86,56.4,Placed
STU08917,9.09,0,3,1,66,4.1,No,No,73.4,62.5,NotPlaced
STU07064,7.61,1,1,2,76.7,2,Yes,Yes,72.4,54.1,NotPlaced
STU00343,7.72,1,4,2,57.5,3,Yes,No,65.1,66.4,Placed
STU08964,7.29,1,3,1,51.9,1.9,Yes,No,76.2,51.9,NotPlaced
STU01838,7.6,1,1,2,85.1,3.7,No,No,67.3,72.9,NotPlaced
STU00160,8.09,0,3,1,67.1,3.6,Yes,No,76.9,75.5,Placed
STU07633,8.37,2,3,1,84.5,4,No,No,75.9,83.3,Placed
STU07680,6.71,0,2,2,63.8,2.1,No,No,66.1,59.7,NotPlaced
STU02436,7.17,1,0,1,61.5,4.1,No,No,76.6,54.1,NotPlaced
STU08128,6.65,2,3,1,83.4,3.7,No,No,58.6,60.9,Placed
STU03263,6.69,0,1,0,69.7,3,Yes,No,83.3,62.4,NotPlaced
STU03724,5.89,1,3,1,68.8,2.6,Yes,Yes,74.1,70.4,Placed
STU07036,8.6,1,3,0,69.6,3.8,No,No,100,81.7,Placed
STU00155,7.76,0,2,1,65.7,4.1,Yes,Yes,54.2,62.6,Placed
STU04145,6.13,2,3,2,80,5,No,Yes,92.8,48.4,Placed
STU06867,8.49,0,2,1,82.4,3.1,Yes,Yes,62.6,79,NotPlaced
STU05572,7.02,1,1,1,73.5,3.7,No,Yes,60.6,57.4,Placed
STU07478,7.68,1,1,1,77,3.1,Yes,No,63.7,69,NotPlaced
STU01018,7.06,0,1,2,68,3.2,No,No,59.5,62.8,NotPlaced
STU05191,6.93,1,2,3,60.6,3.9,Yes,Yes,58.4,84.6,Placed
STU04242,8.3,0,3,2,66.3,2.4,Yes,Yes,71.2,90.9,Placed
STU06146,7.3,0,3,1,62.2,5,Yes,Yes,90.1,67.6,Placed
STU09159,8.76,1,3,1,74.1,3.4,Yes,Yes,57.9,70.5,Placed
STU00590,6.73,1,0,1,85.2,2.4,Yes,Yes,91.9,82.1,NotPlaced
STU01004,6.92,0,3,1,45,3.7,Yes,Yes,67,68.8,NotPlaced
STU04651,7.28,2,1,0,60.1,3,Yes,No,66.6,65.8,NotPlaced
STU01904,7.83,2,1,0,65.7,2.5,Yes,Yes,64.2,54.9,NotPlaced
STU09869,7.84,1,2,1,78.6,3.9,No,Yes,51,59.7,Placed
STU04241,5.84,2,3,1,69.7,4.2,Yes,No,88.7,96.5,Placed
STU09435,8.89,0,2,1,77.5,4.1,Yes,Yes,70.7,75.6,Placed
STU00638,7.57,1,2,2,76,2,Yes,No,69.1,96.7,Placed
STU08885,9.06,1,0,2,66.3,3.9,No,Yes,77.4,84.4,Placed
STU04125,7.78,3,0,1,81.7,4.2,No,Yes,45.9,86.9,Placed
STU06590,7.74,0,2,0,61.6,4.1,Yes,No,90.2,76.4,NotPlaced
STU03257,6.71,0,2,1,71.4,4.8,Yes,No,70.9,70,NotPlaced
STU06750,7.34,2,3,0,78.3,5,No,No,81,79.8,Placed
STU07949,8.38,0,2,1,79.2,5,No,Yes,75.1,100,Placed
STU01583,6.59,0,2,1,93.1,4.8,No,Yes,67.1,84.1,NotPlaced
STU03396,6.25,0,3,0,81.1,3,Yes,No,67.7,92.9,NotPlaced
STU04279,7.44,2,2,1,70.5,3.7,Yes,Yes,74.8,65.1,Placed
STU09203,7.06,1,2,2,71.1,3.9,No,Yes,67.2,46.1,Placed
STU07914,7.99,0,3,1,70.2,3,Yes,Yes,61.8,65.9,NotPlaced
STU00941,6.35,0,2,1,57.8,5,Yes,Yes,100,84,NotPlaced
STU01991,8.22,0,0,2,71.2,3.3,Yes,Yes,99.4,78,NotPlaced
STU04640,5,2,3,1,44.5,2.8,Yes,No,48.8,76.8,NotPlaced
STU01381,8.11,2,2,0,46.2,3.7,Yes,No,65.5,66.7,Placed
STU03039,6.63,1,2,1,75.7,4.6,Yes,Yes,62.5,61.4,Placed
STU02544,7.22,1,0,2,71.2,4,Yes,Yes,71.7,89.7,Placed
STU05327,7.03,1,3,2,74.4,3.7,No,Yes,60.1,66.9,Placed
STU02683,7.2,0,2,2,54.6,3.6,No,No,80.2,77.4,NotPlaced
STU04541,6.56,1,2,2,88.9,4.6,No,No,91.7,81.2,Placed
STU03943,6.96,1,2,0,74.2,2.5,Yes,No,56.2,73.4,NotPlaced
STU04680,7.73,1,1,3,63.2,2.5,Yes,No,82.1,66.7,NotPlaced
STU02761,8.07,2,1,0,73.4,3.7,No,Yes,98.9,79.5,Placed
STU04706,7.38,1,2,3,79.3,2.9,Yes,Yes,85.4,68.7,Placed
STU08890,7.26,1,0,2,73.6,4.4,Yes,No,69,87.6,Placed
STU09414,7.14,1,4,1,71.5,3.7,No,Yes,46.4,89.9,Placed
STU02749,7.85,0,2,0,62.5,3.4,Yes,No,82.6,100,NotPlaced
STU03531,8.85,1,3,0,45.6,2.8,No,No,90.4,73.3,NotPlaced
STU02220,7.28,0,0,2,64.3,3.2,No,No,74.6,68.8,NotPlaced
STU02391,5.84,0,2,2,63.4,4,Yes,Yes,48.3,54.7,NotPlaced
STU03475,6.85,2,3,1,61.4,3.2,No,Yes,78.7,55.5,Placed
STU05406,7.51,2,2,0,82.7,3.6,Yes,Yes,51.8,64.7,Placed
STU08805,7.86,1,2,1,71.4,4.1,Yes,Yes,71.1,59.9,Placed
STU07650,6.55,1,1,1,73.6,3,No,Yes,73.7,66.4,NotPlaced
STU07109,5.37,1,1,0,63.8,3.4,Yes,No,86,69.5,NotPlaced
STU06403,7.17,0,3,1,72.1,4.4,Yes,Yes,81.3,54.6,Placed
STU07403,7.4,1,1,2,72.5,3.8,Yes,No,67.4,69.1,Placed
STU04938,8.61,1,0,2,76.9,3.7,Yes,Yes,78.7,69.9,Placed
STU05764,6.24,2,1,1,66.8,2.6,Yes,Yes,59.5,88.2,Placed
STU07671,8.17,1,2,1,60.5,3.8,No,Yes,89.3,76.5,Placed
STU07660,6.74,2,4,3,81.9,3.6,No,Yes,61.4,70.5,Placed
STU07747,8.78,1,0,1,62.4,3.3,No,No,62.5,63.3,NotPlaced
STU04235,6.09,1,1,0,78.4,3.4,Yes,Yes,81.6,77.6,Placed
STU03563,5.53,0,3,3,80.5,3.7,No,Yes,86.5,53.5,NotPlaced
STU05660,6.9,0,1,1,74.1,2,Yes,No,57.4,40,NotPlaced
STU06995,6.93,0,3,2,73.2,4.4,Yes,Yes,66.3,75.9,Placed
STU04542,9.25,2,2,0,63.1,4.2,Yes,Yes,77.3,71.4,Placed
STU05479,7.07,1,3,3,67.9,3.5,No,Yes,75.3,65.8,Placed
STU02070,8.33,2,2,0,56.7,4,Yes,Yes,71.6,75.1,Placed
STU05162,5.63,1,1,1,66.2,1.4,Yes,Yes,78,77,NotPlaced
STU00286,5.74,0,1,1,78.1,4.9,Yes,No,65.1,67.3,NotPlaced
STU04888,8.95,0,1,1,86,3.6,No,No,63.5,83.3,NotPlaced
STU04767,6.44,0,0,1,64.2,3.8,No,No,66.5,85.2,NotPlaced
STU05493,7.16,1,2,3,65.2,1,Yes,No,90.3,62.9,NotPlaced
STU03317,7.45,1,4,2,73.5,3.9,Yes,Yes,87.4,60.4,Placed
STU05111,7.07,1,2,2,73.3,2.2,No,No,75.4,73.6,NotPlaced
STU02754,7.36,1,3,2,71.1,4,Yes,No,81.3,79.1,Placed
STU06781,8.58,0,0,1,62.6,3.6,Yes,No,47.6,92,NotPlaced
STU07576,6.24,2,4,2,58.2,3.9,No,Yes,70.8,76.3,Placed
STU01237,9.01,1,1,2,72.8,3.5,No,Yes,83.3,86.2,Placed
STU09975,8.86,0,2,2,81,4.9,No,Yes,77.4,70.3,Placed
STU01214,8.31,1,2,0,60.5,2.5,No,Yes,70.2,93,Placed
STU00482,6.64,2,2,1,81.7,3.9,No,Yes,68.9,71.5,Placed
STU05954,8.23,1,2,0,75.1,3.8,No,No,75.8,73.7,NotPlaced
STU09939,6.36,2,2,1,62.6,2.9,No,No,66.5,59.2,NotPlaced
STU07857,6.41,2,2,1,51.8,2.9,Yes,Yes,96.5,80.1,Placed
STU05045,8.25,2,1,1,65.1,2.8,Yes,Yes,72.6,58.8,Placed
STU09415,6.4,1,2,3,100,3.9,Yes,Yes,67.6,49.7,Placed
STU09191,6.65,1,1,1,74.6,3.2,Yes,No,67.3,73.1,NotPlaced
STU09045,7.23,2,0,0,86.7,2.6,Yes,No,63.5,64.6,NotPlaced
STU07626,8.26,2,3,2,69.8,1.9,No,Yes,69.2,66.3,Placed
STU00819,7.57,1,2,2,74.4,3.5,No,No,70.2,62.6,Placed
STU07360,9.25,0,3,1,89,5,Yes,Yes,67.7,61,Placed
STU09970,6.84,0,2,2,66.6,3.4,Yes,No,89.7,67.6,NotPlaced
STU09021,7.67,1,1,0,75.1,4.3,No,No,53,67.7,NotPlaced
STU02597,6.95,1,2,1,57.6,3.6,Yes,No,60.1,78.5,Placed
STU00120,8.18,3,4,1,53,2.9,Yes,No,76.7,76.6,Placed
STU05907,7.34,0,1,3,67.3,4.3,Yes,Yes,63,76,NotPlaced
STU01558,6.78,1,1,1,75,2.1,No,Yes,86,54.8,NotPlaced
STU09387,6.78,1,2,1,85.9,2.9,No,No,58.8,61.8,NotPlaced
STU04682,6.98,0,2,1,69.4,3.4,No,No,74.4,64.4,NotPlaced
STU04400,8.35,3,2,0,86.1,3.3,Yes,No,91.9,57.6,Placed
STU01771,7.54,1,0,1,61,2.3,Yes,No,70.5,74.4,NotPlaced
STU04028,7.27,1,1,0,51,3.9,Yes,No,77.4,68.3,NotPlaced
STU04798,5.75,1,1,2,100,3.3,Yes,No,72.8,80.1,Placed
STU03192,8.14,1,3,2,65.1,3.8,No,No,57,56.8,Placed
STU00979,6.07,1,3,2,77,3.6,Yes,Yes,67.1,84.2,Placed
STU00291,7.31,1,0,0,62.4,3.7,Yes,No,78.2,50.4,NotPlaced
STU09534,6.96,0,2,2,72.7,3,Yes,Yes,70.4,60.1,NotPlaced
STU01202,7.11,1,1,0,90.6,4.5,Yes,Yes,88.7,64.5,Placed
STU01321,7.55,0,1,0,63.8,3.6,No,Yes,71.8,86,NotPlaced
STU08298,7.84,1,3,1,70.6,4,No,Yes,44.2,67.3,Placed
STU09579,6.53,1,3,1,79.3,3.5,Yes,No,57.1,57.7,Placed
STU04323,8.6,0,2,2,63.2,4.5,Yes,Yes,58.7,52.9,Placed
STU09204,7.25,1,3,1,62.1,3,No,Yes,75.4,74.3,Placed
STU02672,8.02,0,3,2,65.1,2.3,Yes,Yes,60.4,79.4,NotPlaced
STU02956,9.07,1,1,0,63.7,3.7,Yes,Yes,58.6,58.8,Placed
STU09668,7.16,3,4,0,71,3.1,No,Yes,75,66.6,Placed
STU04275,5.68,1,1,0,66.5,5,Yes,Yes,69.2,89.1,NotPlaced
STU05859,7.23,0,1,1,70.8,4.2,No,No,68.2,62.5,NotPlaced
STU04543,5.86,2,0,3,75.8,4.9,Yes,No,60.1,73.8,Placed
STU03854,6.5,2,2,0,76.3,3.4,Yes,Yes,61.1,78.2,Placed
STU04398,6.63,1,1,2,62.2,3.6,No,No,46.3,71.4,NotPlaced
STU05133,7.85,3,0,0,80,3.4,Yes,No,70.2,81.2,Placed
STU07390,8.25,0,0,0,67.7,2.8,Yes,No,78.4,58.4,NotPlaced
STU06835,7.85,1,2,2,62.8,4.3,Yes,No,77.9,83.5,Placed
STU01418,7.74,1,1,2,65.9,3,Yes,No,74.8,60.8,Placed
STU03099,7.38,1,0,2,67.3,1.9,No,Yes,79.6,56.7,NotPlaced
STU05551,6.62,0,1,2,89,4.8,Yes,Yes,89.3,89,Placed
STU05330,5.93,1,1,2,66.1,4,No,Yes,81.2,67.6,Placed
STU06464,8.04,1,4,2,82,2.9,Yes,No,56.2,70,Placed
STU03152,7.17,0,2,2,60.1,3,No,No,80.7,89.8,NotPlaced
STU06742,7.15,1,2,2,75.7,3.4,Yes,Yes,49.2,66.9,Placed
STU01063,8.53,1,3,0,62.8,3.8,No,No,72.6,43,NotPlaced
STU05161,7.75,1,0,0,84.8,5,No,No,79.7,59.3,NotPlaced
STU02608,5.51,1,4,0,87.6,2.6,Yes,Yes,92.8,62.5,Placed
STU09156,7.08,0,2,2,75.6,3.5,No,Yes,68.9,72.4,Placed
STU03095,6.72,1,1,1,74.3,4,No,Yes,65.9,65.6,NotPlaced
STU04181,7.75,1,1,3,82.1,2.8,Yes,No,91.3,78.8,Placed
STU00944,7.41,2,2,1,59.3,3.9,Yes,Yes,61.8,60.4,Placed
STU03076,9.14,1,1,1,81.1,3.4,No,Yes,81,45.5,Placed
STU05377,9.81,2,2,1,74.4,2.9,Yes,Yes,48.3,59.7,Placed
STU04277,6.96,0,1,0,71,2.7,No,Yes,73.3,88,NotPlaced
STU07250,6.18,0,1,2,68.1,2.7,Yes,Yes,78.6,68.9,NotPlaced
STU01591,6.54,0,4,1,53.6,4.6,No,No,94.1,75.2,NotPlaced
STU08111,6.63,1,3,2,100,2.5,Yes,Yes,92.9,85.1,Placed
STU08488,6.61,1,0,1,71.9,3.1,Yes,No,82.6,70.5,NotPlaced
STU02914,8.18,1,3,0,72.2,4.2,Yes,No,70.7,77.7,Placed
STU05739,6.93,2,3,2,71.8,4.4,Yes,No,86.7,75.9,Placed
STU03329,6.52,1,4,0,63.7,2.2,No,Yes,100,58.3,Placed
STU06928,6.48,1,1,2,75.2,4.5,Yes,Yes,97.8,89.9,Placed
STU00099,7.5,1,0,3,81.4,3.2,Yes,Yes,94.1,73.1,Placed
STU02257,8.3,1,0,1,67.5,4.6,Yes,Yes,81.2,66,NotPlaced
STU04787,8.16,1,1,2,67.5,4,No,No,88.7,65.4,Placed
STU04331,8.11,1,1,3,73.5,3.2,Yes,Yes,73.6,81.1,NotPlaced
STU09321,7.1,1,2,1,68.4,4.1,No,Yes,53.4,71.3,Placed
STU08384,8.62,0,1,0,57.8,2.4,No,Yes,57.8,65.2,NotPlaced
STU07147,8.03,1,1,2,77.1,3.6,Yes,Yes,56,59,Placed
STU08696,8.32,0,3,1,83.3,3.7,Yes,Yes,91.7,69.1,Placed
STU07654,7.93,1,3,0,59.3,3.7,No,No,67.6,87.4,NotPlaced
STU01438,8.95,0,2,3,63.8,3,No,Yes,77.3,78.2,Placed
STU06204,9.18,1,2,1,58.8,3.9,Yes,Yes,86,65.5,Placed
STU00894,8.55,1,3,2,54.3,2.4,No,No,67.7,78.8,NotPlaced
STU02551,6.07,0,1,2,70.2,3.6,Yes,Yes,70.2,67,Placed
STU01747,8.38,1,3,1,64.5,4.7,Yes,No,54.3,61.6,Placed
STU09759,7.39,1,3,2,72.7,3.2,Yes,No,63.8,57.6,Placed
STU07757,6.64,2,3,0,65.4,3.1,Yes,No,63.3,81.8,Placed
STU06793,8.3,1,2,1,74,3.4,Yes,Yes,75.6,49.9,Placed
STU09066,7.17,3,4,1,91.3,4.7,Yes,No,71.4,83.7,Placed
STU06400,6.21,0,3,3,84.8,4,Yes,Yes,75.4,95.8,Placed
STU00362,8.88,0,1,3,69.3,4.7,Yes,No,74.2,67.7,Placed
STU09124,7.51,0,2,0,72.8,4,No,Yes,95.3,74.9,NotPlaced
STU02864,8.11,1,2,1,96.2,3.8,No,Yes,48.8,66,Placed
STU02846,6.51,1,2,2,78.8,3.3,Yes,No,82.2,68.9,Placed
STU04742,7.95,1,1,0,65.1,3.1,Yes,No,66.6,94.6,NotPlaced
STU09081,7.4,0,3,0,66.2,3.5,No,Yes,84.3,77.5,NotPlaced
STU09978,6.69,0,2,2,74.1,2.7,Yes,No,59.6,84.8,NotPlaced
STU06941,7.11,1,2,3,62.8,4.2,Yes,Yes,72.7,80.6,Placed
STU06184,9.26,0,1,1,66.7,2.3,Yes,Yes,76.3,58.3,NotPlaced
STU06387,7.48,1,3,0,78.5,2.5,Yes,No,86.4,76.3,Placed
STU01162,9.56,1,4,0,61.5,3,No,Yes,80.5,67.6,Placed
STU04020,7.42,1,1,2,66,4.6,Yes,No,66.5,54.2,Placed
STU02844,6.45,2,1,2,65.6,3.4,No,Yes,77.4,59.7,Placed
STU00863,8.89,2,0,3,68.7,3.4,No,Yes,72.7,50,Placed
STU06441,5.79,3,2,1,67.3,3.6,Yes,Yes,78.3,67.6,Placed
STU04550,7.29,2,1,1,59,4.8,Yes,Yes,67.3,58.9,Placed
STU06120,7.19,2,3,3,84,3.6,No,Yes,66.8,60.7,Placed
STU06945,5.89,0,2,1,81.8,2.5,Yes,No,74.1,79.2,NotPlaced
STU06738,7.8,0,2,0,71.6,3.5,No,No,80.3,69.5,NotPlaced
STU00127,6.61,1,3,2,71.6,2.7,No,Yes,61.4,61.9,Placed
STU04587,8.42,1,1,2,74.1,4,Yes,Yes,92.3,63.9,Placed
STU04381,7.64,1,3,2,74.2,2.7,Yes,Yes,57.8,61.7,Placed
STU08778,8.53,1,1,2,65,4.6,Yes,Yes,93.8,62.7,Placed
STU07913,7.31,2,2,1,68,4.1,Yes,No,77.5,65.6,Placed
STU02538,8.33,1,0,0,75.2,3.4,No,No,83.8,60.5,NotPlaced
STU04896,7.49,0,3,1,69.5,4.4,Yes,Yes,80.7,70.4,Placed
STU03749,8.79,3,0,0,79.1,3,Yes,Yes,59.6,64.2,Placed
STU09832,6.77,1,2,1,71.6,4.4,Yes,No,51.5,87.4,Placed
STU04961,7.21,1,0,0,48.5,2.6,No,Yes,53.9,50.7,NotPlaced
STU09300,6.54,2,3,1,68.3,1.5,No,Yes,87.5,68,Placed
STU09176,7.16,0,1,1,78.2,3.6,Yes,No,50.8,81.3,NotPlaced
STU00904,8.65,0,2,0,71,3.5,Yes,No,93.9,60,Placed
STU06144,8.11,3,1,1,66.3,2.5,No,No,88.8,92.3,Placed
STU06797,8.89,2,0,1,64.8,4.2,Yes,Yes,54.2,69.8,Placed
STU04087,8.27,1,2,1,46.2,3.9,Yes,No,88.4,48.4,Placed
STU01483,9.05,1,2,2,58.9,4,Yes,No,94.9,55.9,Placed
STU08883,8.38,1,3,1,74.6,5,Yes,Yes,59.7,78.9,Placed
STU00070,6.92,1,1,1,76.6,5,Yes,Yes,82.2,76.4,Placed
STU07984,9.2,1,2,1,77.2,2.9,No,No,62.7,63.5,Placed
STU03937,8.62,0,3,2,81.3,3.1,No,Yes,58.3,87.5,Placed
STU05218,7.04,1,1,0,87.7,3.4,No,No,80.1,88.7,NotPlaced
STU03393,7.43,1,2,2,64.4,3.8,No,No,92.3,72.3,Placed
STU06156,7.9,2,2,0,69.2,4.4,No,Yes,77.4,68.2,Placed
STU06437,6.29,1,3,1,74.7,3.5,Yes,No,68.6,71,NotPlaced
STU03697,6.99,0,1,1,71.8,4.3,No,Yes,72.2,75.9,NotPlaced
STU06013,7.68,0,2,3,75.8,3.2,No,Yes,80.5,76.8,Placed
STU09467,8.79,1,1,2,75.7,4.6,Yes,No,89.6,56.4,Placed
STU04940,6.24,1,2,0,79.9,3.8,Yes,Yes,60.6,78.3,NotPlaced
STU02630,7.07,0,1,3,65.8,3.6,No,Yes,88.7,64.9,NotPlaced
STU02320,6.51,2,1,1,91.8,5,No,No,80.4,72.2,Placed
STU05908,5,1,3,1,76.9,3,Yes,Yes,74.4,59.3,NotPlaced
STU02923,7.32,1,3,0,75.8,2.6,No,No,55,88.6,NotPlaced
STU07991,8.59,0,2,2,71.1,3.4,No,Yes,84.1,88.1,NotPlaced
STU02352,8.06,1,3,2,93.7,4,Yes,No,72.3,94.3,Placed
STU09090,6.98,2,2,2,83,4.9,Yes,Yes,66.6,68.3,Placed
STU04717,9.65,1,3,2,95.6,2.9,No,No,85.7,73.9,Placed
STU07401,6.93,1,2,1,74.7,3.8,Yes,No,49.8,78.6,Placed
STU05338,6.78,0,2,2,67.8,2.9,Yes,Yes,50.7,40.9,NotPlaced
STU08317,7.33,2,1,0,64.8,3.7,No,Yes,83.6,65.4,Placed
STU06382,6.21,1,0,3,71.9,3.9,Yes,No,70,78.4,NotPlaced
STU01397,6.29,2,0,1,91.9,3,Yes,Yes,70.4,69.8,Placed
STU07252,6.84,2,1,2,80.9,3.7,Yes,No,68.1,65.6,Placed
STU01943,7.74,1,2,2,81.6,5,No,Yes,72,86.1,Placed
STU03033,7.91,0,2,0,65.2,3.9,No,Yes,58.2,54.3,NotPlaced
STU03941,7.84,0,1,1,82.9,4.4,Yes,No,67.6,66.5,NotPlaced
STU06618,9.63,2,2,0,56.1,3.5,No,Yes,83.5,64,Placed
STU05035,8.14,1,3,2,65.1,5,No,No,77.8,86.8,Placed
STU08470,6.99,1,3,2,67,2.9,Yes,Yes,82.1,63.7,Placed
STU05968,8.6,1,3,0,42.9,2,Yes,No,80.2,74,Placed
STU09901,8.34,0,0,1,86.5,2.8,Yes,Yes,60.3,56.6,NotPlaced
STU03956,6.95,2,0,2,70.7,4.3,No,No,85.6,69.3,Placed
STU03923,7.19,1,3,1,51.6,4.4,Yes,Yes,53.6,63.8,Placed
STU08328,7.28,0,3,1,69,3.2,No,Yes,61,76.4,NotPlaced
STU08449,6.79,1,1,0,65.1,3.8,No,Yes,81.5,76.1,NotPlaced
STU06254,7.77,0,2,1,71.8,4.2,No,No,60.8,68.8,NotPlaced
STU09998,6.87,0,2,2,76.3,4.6,No,No,67.3,66,NotPlaced
STU07925,7.21,1,1,1,67.4,3.8,Yes,No,47.5,72.4,NotPlaced
STU08894,6.53,0,0,2,74.5,3.7,Yes,Yes,68.2,67.2,NotPlaced
STU04203,6.61,1,1,3,78.2,4.9,Yes,No,74.9,49.2,Placed
STU01511,6.47,0,3,0,79.5,3.2,No,Yes,73.9,52.9,NotPlaced
STU05672,7.54,1,2,1,71.6,3.7,No,No,87.2,65,NotPlaced
STU05021,7.45,1,1,2,75.9,2.9,No,No,67,72.2,NotPlaced
STU01302,8.39,1,1,1,83.1,2.7,No,Yes,79.1,42.3,Placed
STU06312,8.59,0,3,3,59.6,3.6,No,Yes,64.6,74.7,Placed
STU01936,6.15,0,3,2,82.6,3,Yes,Yes,76,67.6,Placed
STU01946,7.17,1,2,1,71.1,3.7,No,Yes,97.4,41.4,NotPlaced
STU04775,5.41,2,4,0,49.2,2.9,No,Yes,53.6,79.1,NotPlaced
STU09980,5.92,0,1,3,72.6,3.2,Yes,Yes,78.2,80.6,NotPlaced
STU07765,8.82,1,1,1,78,4.2,Yes,No,63.2,69.6,Placed
STU03286,8.85,1,1,2,79.9,3.5,Yes,No,82.2,59.3,Placed
STU02256,7.83,1,4,0,78.6,4.2,No,Yes,77.1,72.2,Placed
STU02431,8.01,1,2,0,74.8,3.5,Yes,No,79.9,91.8,Placed
STU06206,8.92,0,1,0,83.1,4.7,Yes,Yes,70.4,77.6,NotPlaced
STU07090,8.28,1,1,2,85.4,3.5,Yes,No,61.5,72.7,NotPlaced
STU08451,5.92,0,2,1,71,2.4,Yes,No,67.8,69.2,NotPlaced
STU03200,7.89,2,3,0,81,3.8,No,Yes,89.9,97.1,Placed
STU09882,7.28,1,2,1,71.4,2.1,Yes,No,66.1,65.1,NotPlaced
STU05241,7.41,1,2,3,76.9,3.3,No,Yes,76.7,59.5,Placed
STU07471,8.35,2,3,0,56.2,2.7,No,Yes,64.3,76.5,Placed
STU06678,6.69,1,1,2,79.3,4,Yes,Yes,55.8,72.7,Placed
STU03193,9.55,0,2,0,75,4.6,Yes,Yes,68.7,51.6,Placed
STU05234,7.27,1,2,1,75.8,2.8,Yes,Yes,81.6,63,Placed
STU08840,8.03,1,2,1,64.3,4.6,No,Yes,52.2,76.2,NotPlaced
STU02996,7.57,1,1,1,71,3.9,No,No,75.5,56,NotPlaced
STU09135,6.13,1,2,1,66.4,4,Yes,No,63.5,67.5,NotPlaced
STU07958,9.44,0,2,2,86.2,2.7,Yes,Yes,77.7,86.4,Placed
STU06616,7.5,1,0,3,81,3,Yes,Yes,70,83.5,Placed
STU03111,6.45,0,2,2,68.8,4.4,No,No,66.7,62.1,NotPlaced
STU02137,7.59,0,2,3,66.4,4.9,Yes,No,80.2,68.4,NotPlaced
STU02944,7.33,1,1,0,84,4.6,Yes,No,100,63.5,NotPlaced
STU08792,7.12,1,1,2,60.3,2.3,Yes,Yes,83.6,62.5,Placed
STU00852,7,0,3,2,81.6,4.1,No,Yes,58.6,63.4,Placed
STU03207,6.8,1,2,1,54.6,4.3,Yes,Yes,65.9,77.2,NotPlaced
STU05064,6.29,1,1,0,54.6,4.3,Yes,Yes,68.9,50.1,NotPlaced
STU06876,6.69,0,1,1,76.6,4.1,No,No,88.3,72.9,NotPlaced
STU08303,6.85,3,3,1,68.5,4.3,No,Yes,81.7,59.2,Placed
STU01249,7.71,2,2,2,61.2,5,Yes,Yes,60.3,59.6,Placed
STU08907,8.16,3,4,1,58.8,4.2,No,Yes,67.7,67.4,Placed
STU07173,7.35,3,2,1,79.9,3.2,Yes,No,73.5,73.2,Placed
STU09244,6.5,0,3,0,64.8,4.7,No,Yes,87.7,63,NotPlaced
STU00401,6.07,2,3,1,62,3.7,No,No,56.4,71.7,Placed
STU07810,5.77,1,2,3,79.2,2.6,No,Yes,69.1,86,NotPlaced
STU04984,7.37,0,0,0,63.3,4,Yes,Yes,53.6,69.6,NotPlaced
STU02393,6.15,0,0,1,60.8,3.2,No,No,71.6,65.8,NotPlaced
STU03717,10,2,1,0,65.9,4.1,Yes,No,100,68.4,Placed
STU01205,7.54,1,3,1,70.1,2.5,Yes,Yes,60.2,64.3,Placed
STU05640,7.71,1,0,1,73.3,3.3,Yes,No,89.7,69.5,NotPlaced
STU02178,7.67,2,1,2,78.6,3.4,Yes,No,85.1,57.6,Placed
STU05360,7.25,2,1,1,57.3,2.4,Yes,No,76.3,74.5,Placed
STU09718,6.54,0,2,1,74.4,3.9,Yes,No,57.2,63,NotPlaced
STU00876,9.12,2,4,1,72.9,2.8,No,Yes,95.8,71.3,Placed
STU01709,7.38,2,2,0,69.9,2.9,Yes,No,74.4,95.2,Placed
STU08841,6.86,1,3,1,61.6,3.2,No,No,68,79.2,NotPlaced
STU07230,8.1,1,1,1,68.9,4.1,No,Yes,59.4,97.4,Placed
STU02208,7.82,1,1,1,60.6,3.2,No,No,82.8,59.7,NotPlaced
STU08783,8.57,2,0,1,69.5,2.7,Yes,No,75.6,90.8,NotPlaced
STU02410,6.47,1,1,1,66.8,4.7,Yes,Yes,61.3,92.4,Placed
STU07970,8.52,1,1,1,83.8,4.5,Yes,Yes,57,82.1,Placed
STU09720,6.95,0,1,2,64.5,4.9,No,No,82.1,91.3,NotPlaced
STU00867,7.76,1,1,1,81,4.3,Yes,No,66.8,71.6,NotPlaced
STU06069,8.28,1,2,1,52.2,4.5,Yes,No,89.9,53.5,NotPlaced
STU06643,6.73,2,2,1,63.3,2.2,Yes,Yes,67.6,75.4,Placed
STU06183,5.94,3,2,1,63.5,3.7,No,No,88.5,63.8,Placed
STU07170,7.53,1,1,0,70.2,3.9,No,No,58.6,64.5,NotPlaced
STU02804,6.6,2,2,1,70.4,2.9,Yes,No,80.3,77.3,Placed
STU05507,6.55,2,1,1,76.6,2.9,Yes,Yes,98.3,77.7,Placed
STU09221,7.76,2,1,0,68.6,4.1,No,No,61.4,59.3,Placed
STU08121,8.53,0,1,0,75.9,3.3,No,No,77.2,57.8,NotPlaced
STU01574,6.28,2,2,1,79.7,4,Yes,Yes,68.5,90.3,Placed
STU03250,5.83,1,2,0,74.1,2.5,No,No,71.2,70,NotPlaced
STU01924,7.72,3,2,2,63.1,2.4,Yes,No,66.7,77.8,Placed
STU01979,6.8,2,2,2,54.5,2.9,Yes,No,40,96.1,Placed
STU01609,7.79,0,2,1,67.4,3.6,No,Yes,71.2,69,NotPlaced
STU08155,8.33,2,1,1,58.4,4.5,Yes,Yes,86.5,73.7,Placed
STU02519,7.29,1,2,0,75.4,2.6,No,Yes,65.4,69.8,Placed
STU05670,8.7,0,2,2,69.2,4.1,Yes,No,83.7,51.6,Placed
STU01931,6.39,1,2,1,85.2,2.1,No,Yes,74,85.2,NotPlaced
STU07960,7.16,2,1,3,65.1,5,No,No,86.3,61.8,Placed
STU09899,8.95,0,1,2,70.4,3.3,No,Yes,68.3,55.2,Placed
STU09833,7.09,1,0,0,68.8,5,Yes,No,70.3,74.3,NotPlaced
STU06775,6.51,0,2,2,54.7,3.7,No,Yes,75.7,62.8,NotPlaced
STU08914,7.75,1,2,1,79.4,3,No,No,71.7,48,Placed
STU08221,6.01,2,2,2,97.2,3.2,Yes,Yes,53.7,86.9,Placed
STU01655,7.8,1,1,2,73.5,4.5,No,No,50.9,59.7,Placed
STU08842,8.15,1,1,2,77.7,4.6,Yes,No,56.3,57.7,NotPlaced
STU03011,7.42,2,2,0,67.3,2.6,Yes,No,61.3,75.8,NotPlaced
STU03293,8.65,1,3,1,55.2,4.4,No,No,100,44.1,NotPlaced
STU03849,7.37,1,2,3,61.6,2.8,No,No,95.9,63.7,Placed
STU08789,8.11,0,1,1,80,3.4,No,Yes,58.2,74.8,NotPlaced
STU06680,7.01,1,2,1,64.8,5,Yes,Yes,89.6,67.1,Placed
STU03348,8.93,1,1,1,68.7,3.7,Yes,Yes,77.5,62.2,Placed
STU01820,6.61,2,3,1,60.9,4.7,Yes,Yes,82.2,81.2,Placed
STU09179,6.58,1,1,1,69.9,4.7,Yes,Yes,51.4,66.9,Placed
STU05249,8.24,1,2,1,60.4,4.3,Yes,No,61.9,93.2,Placed
STU00246,7.2,0,2,0,65.1,3.8,Yes,No,48.3,79,NotPlaced
STU06746,6.67,1,2,1,76.2,3,Yes,No,80.2,55.1,NotPlaced
STU05852,7.08,1,2,0,87.9,2.8,No,No,66.2,67.3,NotPlaced
STU00521,6,3,0,1,65.4,3.3,Yes,No,54.2,75.7,Placed
STU09456,6.84,2,2,0,77.9,3.8,No,Yes,61.5,68.4,Placed
STU00682,6.48,1,2,1,89.9,3,No,Yes,61.4,77.5,NotPlaced
STU02422,8.55,1,2,2,87.7,2.9,Yes,Yes,64,49.7,Placed
STU03676,7.57,1,1,1,61.9,2.1,No,No,65.5,71.1,NotPlaced
STU05632,8.28,1,1,1,57.2,3,Yes,No,73.7,63,NotPlaced
STU03509,7.95,1,2,1,68.2,2.5,No,No,88.1,68.1,NotPlaced
STU07666,8.08,1,2,2,58.3,3.3,Yes,Yes,45.7,78.9,Placed
STU08711,7.4,1,1,3,61.6,4.3,Yes,No,88.9,55.2,NotPlaced
STU04256,8.43,1,1,2,74.2,3.2,No,Yes,94.7,82.8,Placed
STU04906,8.34,0,2,1,75,3.4,No,No,86.2,62.4,NotPlaced
STU07748,7.76,0,1,2,77.3,3.4,Yes,Yes,70.4,75.7,NotPlaced
STU04773,8.08,1,2,0,74.8,2.4,Yes,Yes,93.6,71.1,Placed
STU05278,6.36,1,3,1,70.2,2.8,No,Yes,77.1,66.8,Placed
STU02893,8.19,1,3,1,79.5,2.7,Yes,No,87,98.8,Placed
STU00258,6.86,1,2,1,80.8,4.2,Yes,Yes,69.9,67.1,Placed
STU02477,7.29,1,0,1,50.1,2.7,Yes,No,75.7,43.4,NotPlaced
STU07569,8.56,0,2,1,76.8,2.1,Yes,Yes,93.7,83.1,Placed
STU03144,6.96,0,3,0,60.2,2.7,No,Yes,82,71.8,NotPlaced
STU09469,6.88,0,2,1,78,2.7,Yes,Yes,70.7,59.3,NotPlaced
STU00528,7.54,2,1,3,71.4,3.2,Yes,Yes,73.3,51.1,Placed
STU02122,8.21,2,1,0,81,2.4,Yes,No,74.9,48.1,Placed
STU05620,7.36,3,1,0,63.2,3.4,No,Yes,65.9,68.1,Placed
STU08746,6.88,1,1,2,58.1,2.4,Yes,Yes,70.8,50,NotPlaced
STU01289,6.51,0,2,0,69.8,3.2,Yes,No,76.3,66.6,NotPlaced
STU08908,6.12,1,2,1,84.8,4.8,Yes,Yes,56.6,61.2,Placed
STU06311,7.33,0,2,3,92.9,3.1,Yes,No,40,75.7,Placed
STU02575,9.86,1,1,2,84.5,3.7,No,Yes,79.3,91.4,Placed
STU01920,7.08,0,0,1,54.9,4,Yes,No,74.5,57.3,NotPlaced
STU06185,7.45,0,1,2,71.7,4.3,No,No,73.6,47.2,NotPlaced
STU06761,8.24,1,1,0,66.3,2.7,No,No,65.2,95.4,NotPlaced
STU02738,7.81,0,1,1,69,2.9,No,Yes,81.8,60.7,NotPlaced
STU06313,6.38,2,2,1,77,3.4,No,Yes,68.1,64.3,Placed
STU04913,8.24,1,3,2,83,3.3,Yes,Yes,75,82.7,Placed
STU01389,7.53,1,2,1,79.6,2.9,No,Yes,76.8,56.1,Placed
STU02080,7.09,1,3,1,60.9,4.3,Yes,Yes,72.8,60.2,Placed
STU07645,8.35,0,0,1,75.8,3.8,Yes,Yes,92.8,72.8,NotPlaced
STU08100,7.65,2,1,2,79,2.8,Yes,No,86.9,83.8,Placed
STU03587,6.87,0,1,2,70.9,4.4,No,No,71.1,59.9,NotPlaced
STU05817,6.77,1,3,2,60.3,3.6,No,Yes,69.3,74.3,Placed
STU00749,6.95,0,3,1,87.6,3,Yes,No,56.2,64.9,NotPlaced
STU01106,6.56,2,1,1,84.9,3.8,Yes,No,81.9,82.8,Placed
STU07754,6.85,2,1,1,68.7,3.4,No,No,82.9,58.5,NotPlaced
STU02533,8,1,2,2,73.1,3.9,Yes,No,71.9,50.3,Placed
STU08281,7.21,0,1,1,79.3,4.3,Yes,No,56.4,79.3,NotPlaced
STU04450,8.85,0,3,0,65.6,4.4,No,No,65.1,81.2,NotPlaced
STU00913,7.72,0,0,1,64,4.5,No,Yes,67,74,NotPlaced
STU08236,8.21,1,3,0,83.7,3,Yes,Yes,74.9,71.5,Placed
STU02513,7.99,0,3,2,73.1,2.8,No,Yes,82.7,73.2,Placed
STU01684,7.79,1,0,1,83.8,2.1,No,Yes,58.2,56.7,NotPlaced
STU08367,8.01,0,2,1,89.8,4.3,No,Yes,61.6,57.2,NotPlaced
STU04322,7.4,3,3,1,87.3,3.2,No,Yes,72.6,55.1,Placed
STU02055,6.29,1,2,2,57.5,3.1,Yes,No,62.4,96.2,Placed
STU05495,7.89,2,1,2,64.9,3.5,Yes,Yes,77.5,76.2,Placed
STU04081,8.07,2,1,2,80.8,4.6,Yes,No,78.6,85.8,Placed
STU08791,5.6,1,2,2,79.8,4,No,Yes,67.8,58.5,Placed
STU09033,7.94,0,1,1,87.3,3.5,No,Yes,50.7,61.8,NotPlaced
STU00701,7.03,2,0,1,60.7,4.1,No,Yes,64.5,56.5,Placed
STU05142,7.98,0,0,3,86.3,3.7,No,Yes,80.4,88.4,NotPlaced
STU01029,8.05,2,3,2,68.9,4.8,No,No,63.1,68.2,Placed
STU02443,6.34,2,2,1,76,3.6,Yes,Yes,79.4,90.3,Placed
STU04271,7.38,2,2,2,79.3,2.2,Yes,Yes,64,76.6,Placed
STU03570,8.31,2,3,0,62.2,3.7,Yes,No,62.5,100,Placed
STU05086,9.59,1,3,1,86.9,4.9,No,Yes,64.5,100,Placed
STU01916,7.01,1,3,2,82.9,4.1,Yes,No,58.7,69.4,Placed
STU06233,7.33,1,0,2,64.5,3.4,Yes,No,100,57.6,NotPlaced
STU01411,8.7,1,2,1,52.7,5,No,Yes,63.2,62.1,Placed
STU03388,7.57,2,1,2,63.1,5,Yes,Yes,42,63.2,Placed
STU09969,7.56,1,2,1,70,4,No,Yes,59.1,70.9,Placed
STU05071,6.44,1,2,1,67.5,3.6,Yes,Yes,68.2,69.8,Placed
STU03355,6.97,0,0,1,66,3.3,Yes,Yes,83.5,76.8,NotPlaced
STU00508,6.72,1,1,0,77.2,3.5,Yes,Yes,63.4,79.5,Placed
STU00575,8.25,0,2,1,76.4,3.6,Yes,Yes,78,81.4,Placed
STU04424,8.35,1,3,1,54.2,2.9,No,No,77.9,73.6,Placed
STU09169,7.75,1,2,2,56.4,3.6,Yes,Yes,82.2,49.2,Placed
STU06656,9.14,0,4,2,48.4,3.9,No,Yes,81.6,80.3,Placed
STU03702,8.81,0,3,0,70.4,1.9,No,Yes,58.2,100,Placed
STU03268,7.16,0,2,2,86.5,3.5,Yes,Yes,70.1,79.2,Placed
STU08655,8.2,1,2,3,77.2,4.1,No,Yes,79.9,85.2,Placed
STU05372,6.49,1,3,2,64.4,2.8,Yes,Yes,65.4,69.7,Placed
STU07156,5.64,1,1,1,58,3.8,No,Yes,86.9,67.7,NotPlaced
STU05239,7.66,1,1,3,81.7,2.1,No,No,73.2,68.3,NotPlaced
STU03129,7.57,1,2,2,74.2,4.5,No,No,82.1,68.4,Placed
STU07284,7.46,3,1,2,74.7,3.4,Yes,Yes,84.7,85.1,Placed
STU03808,5.73,0,1,2,80.9,2.5,No,No,74.4,67.2,NotPlaced
STU02802,9.92,2,3,1,71,2.4,Yes,No,68.9,51.1,Placed
STU06909,6.73,1,4,1,81.2,2.7,No,Yes,84.4,74.4,Placed
STU04777,7.48,0,2,1,73.8,3.3,No,No,80.7,86,NotPlaced
STU02734,6.71,0,2,2,77.6,5,No,No,83.5,83,Placed
STU04720,7.6,1,2,3,46.9,3.8,Yes,Yes,64.9,62.5,Placed
STU09440,7.41,1,4,1,68,4.3,Yes,Yes,80.7,52.2,Placed
STU08293,8.22,2,3,1,69.4,2.9,Yes,No,59,61.2,Placed
STU09404,7.31,2,1,1,50.8,4.6,Yes,Yes,71.9,65.3,Placed
STU08323,9.13,1,1,2,79.5,3,Yes,No,79.4,76.3,Placed
STU05791,6.04,1,2,2,85.4,2.8,No,Yes,69.7,78.8,Placed
STU07956,9.39,1,1,0,72.6,5,No,No,88.2,89.3,Placed
STU04642,7.62,0,3,2,77.3,4.4,No,No,77.7,72,NotPlaced
STU04783,5.98,3,1,2,77.6,3.3,Yes,Yes,86.7,41.8,Placed
STU02522,10,1,2,2,71.9,2.2,No,No,73.8,65.5,Placed
STU09826,6.12,1,1,1,62.2,4.3,Yes,Yes,90.9,63.2,Placed
STU07143,7.53,0,2,3,65.1,2.8,Yes,No,78.4,69.1,Placed
STU09791,8.24,1,3,2,78.1,2.5,Yes,No,72.2,62,Placed
STU01348,8.34,0,1,1,84.3,2.8,No,No,73.1,61.6,NotPlaced
STU09393,7.3,1,1,3,80.8,4,Yes,Yes,59.6,79.1,Placed
STU07073,6.27,1,2,1,67,4,No,No,80.2,69.6,NotPlaced
STU00679,8.34,1,1,0,73.2,3.6,Yes,No,67.6,73.5,NotPlaced
STU00370,6.8,1,2,1,75.8,2.8,No,Yes,75.8,47,Placed
STU09724,7.52,1,2,2,82,4.2,Yes,Yes,78.6,74.5,Placed
STU06333,7.1,1,1,0,79.4,3,Yes,Yes,58.2,57.1,NotPlaced
STU05171,7.78,2,2,1,91.1,4.2,Yes,Yes,83.2,76.2,Placed
STU02934,8.36,3,2,2,72.3,2.6,No,No,67.1,56,Placed
STU02096,7.43,1,2,0,69.9,3.7,No,Yes,67.8,77.3,Placed
STU05085,8.36,1,3,1,77.1,2.6,Yes,No,72.8,89.3,Placed
STU03916,7.42,2,0,1,92.6,2.1,No,No,55.4,74.8,NotPlaced
STU02780,7.93,1,2,1,68.8,2,Yes,No,61,62.3,NotPlaced
STU08610,6.81,1,3,1,45,4,No,Yes,52.8,51.8,Placed
STU09657,8.05,1,1,1,69.8,2.5,Yes,Yes,62.2,79.2,Placed
STU03184,7.2,1,2,2,60,1.7,No,No,67.1,73.2,NotPlaced
STU03367,7.03,2,2,1,60.8,5,Yes,No,75.7,76.3,Placed
STU08672,8.91,1,1,1,68.6,3,Yes,Yes,56.4,86.6,Placed
STU05651,7.34,1,1,0,78.6,4,Yes,Yes,75.5,79.1,Placed
STU03543,8.29,3,3,1,74.2,4.5,Yes,No,73.4,65.4,Placed
STU06920,7.47,2,1,2,68.1,2.6,No,No,59.6,98.3,Placed
STU03425,5.9,1,2,0,76.7,4.8,No,Yes,79.9,73,Placed
STU00019,6.68,1,2,0,68,2.6,Yes,No,69.2,53.9,NotPlaced
STU04218,7.07,1,2,2,77.1,3.5,Yes,Yes,62.6,93.5,Placed
STU03372,6.42,1,1,3,68.5,2.5,Yes,Yes,61.2,53.3,Placed
STU01749,7.67,1,2,1,75.4,2.4,No,No,55.3,83.6,NotPlaced
STU03411,6.89,2,2,1,77,3,Yes,Yes,64.5,63.2,Placed
STU00364,7.86,1,1,2,63.9,4.3,Yes,Yes,99,48.2,Placed
STU07497,7.04,1,2,2,83.6,3,No,No,65,43.2,Placed
STU07182,7.18,1,1,1,82.4,2,No,Yes,70.4,68.3,NotPlaced
STU03446,6.47,3,2,1,66.1,4.4,Yes,Yes,72.2,70.8,Placed
STU05120,8.24,1,2,1,56.2,3.9,No,No,72.8,78.3,Placed
STU06691,7.93,1,2,1,55.9,4,No,Yes,65.1,59.5,NotPlaced
STU02293,7.58,1,0,0,80.9,4,Yes,Yes,69.3,58.2,Placed
STU02175,6.75,0,3,2,87.6,2.5,Yes,Yes,80.1,83.7,Placed
STU08690,7.63,1,1,1,90.4,4.7,Yes,No,64.9,60.1,Placed
STU00452,8.36,0,2,2,71.2,2.9,Yes,No,70.9,70.8,NotPlaced
STU02669,8,0,3,1,71.6,3.8,No,No,69.3,57.6,Placed
STU07684,8.89,1,2,1,73.8,3.1,No,No,85.1,66,NotPlaced
STU00048,8.45,0,0,1,66.4,2.1,Yes,No,44.6,81.7,NotPlaced
STU05440,7.45,1,2,1,69.8,2.1,Yes,Yes,72.5,85.3,Placed
STU03879,6.12,3,3,2,74,5,Yes,No,76,64.1,Placed
STU03124,7.18,1,2,1,71.5,3.8,No,No,77,76,NotPlaced
STU01440,8.16,0,2,1,65.3,2.7,No,No,87.4,87.9,NotPlaced
STU02111,7.01,1,2,1,69.9,4.6,No,Yes,58.1,75.4,Placed
STU03885,7.44,0,0,1,71.1,5,No,No,58.4,65.7,NotPlaced
STU06588,7.27,1,4,0,59.6,2.8,Yes,Yes,97.1,68.6,Placed
STU08697,9.61,1,1,0,74.6,4.2,Yes,Yes,64.2,68.6,Placed
STU06646,9.12,1,1,3,80.4,1.9,No,Yes,57.5,63,Placed
STU03964,8.19,1,1,2,76.8,4.1,No,No,60.5,67.2,NotPlaced
STU06095,7.56,1,3,1,83.7,2.8,No,No,85.1,58.2,NotPlaced
STU00243,7.95,1,2,1,91.4,3.2,Yes,Yes,73.5,74.9,Placed
STU05351,8.05,1,3,0,84.6,3.8,No,Yes,83.1,62.7,Placed
STU03748,7.66,1,1,1,80.1,3.8,Yes,Yes,82.6,75.2,Placed
STU02337,7.95,0,2,2,63.4,3.6,Yes,Yes,84.3,61.9,Placed
STU03272,6.71,2,1,1,68.8,2.9,Yes,No,80,59.6,Placed
STU08977,7.78,0,0,1,69.5,3.2,No,Yes,79.1,76.5,NotPlaced
STU07038,6.66,1,3,1,63.4,2.9,Yes,No,84.8,70.6,Placed
STU02520,6.73,1,2,2,74.3,2.2,No,Yes,71.1,83.5,Placed
STU06696,6.53,1,4,1,60.3,3.8,Yes,No,62.7,62.6,Placed
STU02147,6.06,1,3,2,61.3,3.6,Yes,Yes,63.9,82.5,Placed
STU01503,6.76,2,2,0,83.1,3.8,No,Yes,72,46.4,Placed
STU02347,7.07,2,0,0,67.3,3.2,No,No,88.2,66.5,NotPlaced
STU06982,8.68,0,3,1,83.8,4.4,No,No,56.7,62.8,Placed
STU09661,7.45,0,3,2,99.2,2.2,Yes,Yes,91.1,75.4,Placed
STU04127,6.71,1,1,1,79,2.6,No,No,85.4,68.5,NotPlaced
STU07831,7.33,1,1,2,82.9,4,Yes,No,69.2,76.9,Placed
STU03288,7.31,2,1,0,62,3,Yes,Yes,62.7,67.2,Placed
STU08742,8.87,1,0,2,67.9,3.3,Yes,No,74.3,76.3,NotPlaced
STU07614,7.15,2,2,1,61.2,3.3,No,Yes,62.2,68.1,Placed
STU00906,7.54,1,2,0,61.4,2.7,No,No,79,71.2,NotPlaced
STU03754,7.1,0,1,2,75.8,3.5,Yes,Yes,76.6,70.7,NotPlaced
STU07529,6.16,1,2,0,70.7,4.1,No,Yes,63.1,67.6,Placed
STU00902,7.15,2,1,1,56.3,3.3,Yes,No,57.3,76.9,NotPlaced
STU06818,6.17,0,0,3,70.3,4.7,No,Yes,46.5,71.6,NotPlaced
STU08897,7.98,0,3,3,75.9,3.4,Yes,No,51.8,65.6,Placed
STU09912,8.37,1,2,2,61.2,2.9,No,Yes,72.5,83.9,Placed
STU06244,8.34,1,0,1,72.4,3.1,Yes,Yes,54.5,71.1,Placed
STU06672,6.9,1,2,2,91.7,3.4,Yes,Yes,65.6,78.3,Placed
STU02213,8.29,2,2,2,77.7,3.4,Yes,No,55.4,74.1,Placed
STU04477,7.08,2,2,1,75.7,3.3,No,Yes,75.4,73.4,Placed
STU02831,5.97,0,3,0,75.5,4,Yes,Yes,89,74.2,NotPlaced
STU08603,9.83,1,2,0,64.6,3.3,No,No,65.8,70.4,NotPlaced
STU02275,6.52,0,2,2,61.2,3.6,No,Yes,56.5,81.8,NotPlaced
STU04871,10,2,1,1,61.1,4.4,Yes,No,86,76.8,Placed
STU06473,7.62,3,3,1,72.6,4.4,No,Yes,74.6,60.2,Placed
STU01156,8.41,1,3,2,62,3.3,No,Yes,76.2,63.7,Placed
STU00875,7.47,0,1,0,63.8,3,Yes,Yes,63.6,67.2,NotPlaced
STU09996,8.67,1,1,0,75.4,1.7,Yes,No,65,51.2,Placed
STU06727,6.77,3,0,2,66.3,3.4,No,Yes,78,66,Placed
STU02576,6.5,3,2,2,58.4,4.6,Yes,Yes,58.6,63.7,Placed
STU09216,8.58,1,4,2,52.8,3.4,No,No,66.6,58.1,Placed
STU08134,9.15,2,0,0,85.2,2.8,No,Yes,60.1,51.5,Placed
STU03726,8.02,0,2,1,68.9,3.4,Yes,Yes,66.3,58.6,NotPlaced
STU07433,7.92,2,1,1,66.8,3.4,Yes,Yes,68,74.3,Placed
STU02583,7.45,0,3,2,80.7,4.7,No,Yes,80.7,63,Placed
STU01492,9.8,0,1,1,87.9,4,No,Yes,65,54.4,NotPlaced
STU03982,8.98,1,2,0,77.8,3.4,No,Yes,52.3,87.2,Placed
STU03007,7.94,2,3,0,58.7,3.6,Yes,No,56.5,65,Placed
STU04040,6.88,3,1,0,70.5,2,Yes,No,73.6,82.5,Placed
STU09215,6.94,2,0,0,92,3.6,Yes,Yes,64,57.2,Placed
STU02943,8.08,1,1,1,64.6,3.5,Yes,No,100,63.5,NotPlaced
STU03168,7.64,1,0,1,69.1,4.7,No,No,65.9,60.2,NotPlaced
STU03427,7.73,2,2,0,59.7,3.2,No,Yes,92.3,69.5,Placed
STU03478,5.6,0,0,2,78.6,3.9,No,Yes,64.5,82.9,NotPlaced
STU00024,6.22,1,4,3,61.8,4.5,Yes,Yes,75.2,62.7,Placed
STU09619,8.42,2,0,1,91.8,2.6,Yes,No,96.8,73.1,Placed
STU05080,8.83,0,3,2,79.7,3.4,Yes,No,60.5,54.2,Placed
STU07190,5.68,2,0,1,62.9,4,Yes,Yes,53.9,76.2,NotPlaced
STU09524,9.45,0,0,2,46,4.6,Yes,Yes,81.7,64.8,NotPlaced
STU03041,8.05,1,2,3,87,2.9,No,No,76.7,58.9,Placed
STU04579,6.99,0,4,2,70.8,4.3,Yes,No,64.8,69,Placed
STU08424,6.72,0,3,2,85.8,2.8,No,No,67,57.6,NotPlaced
STU09613,7.05,1,1,2,74.2,3.1,No,Yes,100,74.9,NotPlaced
STU05748,7.68,2,2,2,60.7,4.3,No,Yes,90.3,78.9,Placed
STU04169,8.39,1,1,3,64.4,3.9,No,Yes,51.3,76.7,NotPlaced
STU02364,8.5,2,2,0,84.9,4,Yes,Yes,71.8,41.6,Placed
STU03976,7.67,1,3,0,70.3,2.8,No,Yes,84.8,81.8,Placed
STU06245,6.96,3,1,1,69,3.3,No,Yes,79.9,74.2,Placed
STU03566,7.55,0,4,0,72.7,3.9,Yes,No,59.5,45.7,NotPlaced
STU00062,7.33,1,1,0,82.1,2.4,No,Yes,72.3,87.4,NotPlaced
STU07997,7.79,3,2,1,75.6,3.5,No,No,58.3,69.3,Placed
STU02386,6.82,2,1,0,70.4,3.7,Yes,No,92.6,83.9,Placed
STU02271,7.81,1,1,1,81.2,4.1,Yes,Yes,64.4,62,Placed
STU00052,7.15,0,1,2,78.7,2.3,Yes,No,69.4,57.7,NotPlaced
STU02643,6.74,3,3,0,65.7,3.2,Yes,Yes,77.3,84.9,Placed
STU04774,7.52,1,2,0,70.9,2.6,No,Yes,68.1,62,Placed
STU07426,7.99,1,2,2,65.5,2.8,Yes,No,56.5,84.2,Placed
STU09994,6.15,1,1,2,68,3.1,Yes,No,72.1,62,NotPlaced
STU00350,7.31,1,2,1,72.6,4.1,Yes,Yes,84.9,71.1,Placed
STU02705,7.72,1,2,2,58.6,4.1,Yes,Yes,67.9,82.1,Placed
STU06902,7.55,1,0,0,64,3.9,No,No,73.7,76.6,NotPlaced
STU00720,7.45,0,4,2,67.2,3.9,No,Yes,66.6,81.3,Placed
STU07547,7.51,2,2,1,69.7,2.6,Yes,Yes,75.7,54.2,Placed
STU04035,6.77,0,2,2,52.3,3.5,No,Yes,74.8,62.8,NotPlaced
STU06718,7.43,2,2,1,71.7,3.7,Yes,No,56,69.1,Placed
STU08438,7.68,0,3,1,78.6,3.3,Yes,No,53,88.5,NotPlaced
STU07641,5.64,1,1,3,64.6,5,Yes,No,63.1,46.4,NotPlaced
STU01713,5.54,2,1,2,73.8,2.6,Yes,Yes,77.4,73.3,Placed
STU03300,8.52,1,2,3,67.9,2.9,Yes,Yes,68.9,62.4,Placed
STU01798,6.78,1,2,2,61.8,3.5,Yes,No,69.6,69.7,NotPlaced
STU02437,7.38,2,2,2,67.4,3.2,Yes,No,64.9,61.1,Placed
STU00672,5.63,1,2,0,72.8,3.9,Yes,Yes,71.2,76.3,NotPlaced
STU00079,7.58,0,3,1,85.8,3.3,Yes,No,59.4,66.9,Placed
STU09951,8.28,1,1,1,75.3,4.8,No,No,68.4,67.4,Placed
STU07841,7.44,0,2,2,80,4.4,No,Yes,72.8,91,Placed
STU06412,7.41,2,4,2,88.6,3.8,No,Yes,61,65.2,Placed
STU01000,8.02,0,1,1,64.7,1.8,Yes,Yes,67.5,81.5,NotPlaced
STU03665,8.57,1,1,1,68.1,2.1,Yes,No,88.6,68.2,NotPlaced
STU01708,9.21,2,2,1,55.7,2.1,Yes,No,85.3,84.5,Placed
STU01454,9.84,1,2,2,65,3.8,Yes,No,60.1,100,Placed
STU00330,8.07,2,3,0,88.5,3.2,No,No,89.5,74.6,Placed
STU08812,7.8,0,4,0,75.6,4.3,Yes,No,59.6,71.7,NotPlaced
STU02906,8.18,0,1,1,61.9,3,No,No,73.7,68.7,NotPlaced
STU04309,7.32,0,2,1,69.4,4,Yes,No,65.2,82.8,NotPlaced
STU08881,5.56,1,3,2,63.4,2.6,Yes,Yes,60,64.8,Placed
STU01927,5.22,1,1,1,63.9,3.3,Yes,Yes,82.6,73.2,NotPlaced
STU03966,7.83,0,2,2,76.1,3.7,Yes,Yes,65.1,90.7,Placed
STU06405,7.97,1,2,0,65.4,3.8,Yes,No,71,87.3,Placed
STU05630,7.83,3,1,1,55,4.3,Yes,Yes,67.1,74.7,Placed
STU00571,7.52,3,2,1,83.2,3.4,Yes,Yes,82.7,45.5,Placed
STU04251,8.47,3,3,0,74.8,4,No,No,81.4,71.7,Placed
STU09197,8.88,1,1,2,81,2.6,Yes,No,80.2,86,Placed
STU01473,7.38,1,2,0,52.7,4.4,Yes,Yes,70.7,63.3,Placed
STU05650,8.34,3,2,1,66.6,3.8,Yes,Yes,68,47.6,Placed
STU05602,7.41,1,3,1,81.8,4.7,No,No,60,82.8,Placed
STU01038,6.18,0,4,1,62.8,3,Yes,No,57.8,76.3,NotPlaced
STU00419,8.56,1,1,2,72.5,2.3,Yes,No,86.3,72,Placed
STU06288,8.13,2,0,2,89.6,3.5,No,No,75.2,85.9,Placed
STU06919,9.08,2,1,1,76.8,3.7,No,Yes,64.4,53.5,Placed
STU02915,8.12,0,1,1,75.7,4.3,No,Yes,86.2,71.3,NotPlaced
STU08611,7.09,0,3,2,69,2,Yes,Yes,68.5,65.3,Placed
STU02730,7.06,2,2,2,83.6,3.5,Yes,Yes,71.3,57,Placed
STU09086,7.14,0,3,1,84,3.2,Yes,Yes,44,64.4,Placed
STU00440,7.45,2,3,2,78.8,4.2,Yes,No,76.2,84.5,Placed
STU08273,7.02,2,3,1,82.4,3.6,No,No,73.2,66.6,Placed
STU04552,8.26,1,4,1,74.4,3.2,Yes,Yes,91.3,68.5,Placed
STU06895,6.86,0,3,1,57.3,3.8,No,Yes,78.3,63.6,NotPlaced
STU06993,8.35,3,1,3,63.7,3.5,Yes,Yes,58.5,48.5,Placed
STU03177,6.18,0,2,1,63,2.8,Yes,Yes,73.6,57,NotPlaced
STU06568,7.33,1,1,2,70,2.8,Yes,Yes,66.9,73.8,NotPlaced
STU08694,7.39,1,2,3,78.8,2.3,Yes,No,57.8,50.5,Placed
STU08837,7.01,2,4,1,75.3,4.6,Yes,No,77,84,Placed
STU00647,5.07,1,1,0,59.3,3.6,No,Yes,58.3,60.2,NotPlaced
STU04900,8.04,2,2,1,62.2,2.5,No,No,76.4,54.5,Placed
STU04758,8.65,0,0,3,62.3,4.4,Yes,No,94.6,71.7,NotPlaced
STU04101,6.15,2,2,3,70.6,2.6,Yes,No,68.5,78.2,Placed
STU02991,8.86,0,0,0,82.4,3.5,Yes,Yes,91.6,53.7,NotPlaced
STU00104,6.78,1,2,2,70.8,2.9,No,No,65.1,86.2,Placed
STU02119,5.19,1,2,0,65.8,5,No,Yes,88.6,90.4,NotPlaced
STU05339,7.19,1,2,1,82.7,4.5,Yes,Yes,65,78.1,Placed
STU07085,7.22,0,3,2,83.2,3,Yes,Yes,48.4,49.4,Placed
STU00775,8.06,2,4,0,84.5,3.7,Yes,No,46.8,75.1,Placed
STU08029,6.04,0,3,0,67.9,1.9,Yes,Yes,83.8,54.2,NotPlaced
STU07887,8.55,1,0,1,68.1,3,Yes,Yes,60.6,69.4,NotPlaced
STU00184,7.93,1,0,1,65.3,2.7,Yes,No,70.5,76.8,NotPlaced
STU06817,5.73,0,0,0,73.7,1.7,Yes,Yes,62.6,74.1,NotPlaced
STU05894,6.13,1,2,1,70.1,5,No,No,77.8,56.5,Placed
STU06907,6.45,2,2,2,78,1.6,No,Yes,59.1,65.5,Placed
STU01231,7,3,2,2,77.3,3.1,No,Yes,85.6,62.5,Placed
STU05032,8.63,2,2,3,71.9,2.9,Yes,No,82.8,64.6,Placed
STU07513,7.7,2,0,1,85.8,3.7,Yes,Yes,75.9,73.2,Placed
STU01919,7.35,3,1,1,55.2,2.2,No,Yes,67.7,61.2,Placed
STU05151,9.55,2,2,0,90.8,2.3,No,Yes,76.7,83.4,Placed
STU04518,7.81,0,2,1,67.2,4.8,Yes,No,67.8,63.9,NotPlaced
STU07854,7.99,2,2,1,80.2,4.4,Yes,Yes,79.5,53.2,Placed
STU02251,7.39,1,2,1,81.9,3.4,Yes,Yes,88.1,58.7,Placed
STU01120,8.45,0,2,0,77.9,3.1,No,Yes,69.9,81.2,NotPlaced
STU03245,7.34,2,1,2,64,3.8,Yes,Yes,77.6,72.1,Placed
STU02246,7.59,1,0,2,79.7,3.5,Yes,No,58.9,62.6,Placed
STU01364,6.62,2,1,1,68.9,3.9,No,No,78.6,71.4,NotPlaced
STU08752,7.99,1,0,0,79.4,3.7,No,Yes,69.3,67,NotPlaced
STU05205,9.64,3,1,2,76,4.2,Yes,No,71.5,68.1,Placed
STU06413,5.88,1,1,0,62.8,3.5,No,Yes,68.1,63.4,NotPlaced
STU04133,8.46,1,3,0,58.8,3.3,No,Yes,69.5,88.5,Placed
STU01950,7.45,1,0,1,81.3,3.7,Yes,Yes,55.8,91.3,NotPlaced
STU03736,7.39,1,2,1,73.6,3.4,Yes,Yes,55.5,78.7,Placed
STU03936,7.85,3,2,1,83.9,3.7,Yes,Yes,51.7,84.4,Placed
STU02678,6.09,2,1,2,67.4,4.4,Yes,Yes,67.7,48.6,Placed
STU09768,7.56,2,1,1,87.9,3.6,No,Yes,78.4,61.1,Placed
STU03277,8.55,0,2,1,74,4.3,Yes,Yes,66.2,100,Placed
STU03725,6.94,1,2,3,69.7,4.9,No,Yes,78.6,63.5,Placed
STU05558,8.44,1,2,0,77.3,3.4,No,Yes,60.7,85.9,Placed
STU05845,8.15,2,4,1,78.5,3.8,Yes,Yes,66.9,80.8,Placed
STU08748,7.25,1,2,1,89,2.8,Yes,Yes,76.1,49.8,Placed
STU07216,8.01,0,4,1,52.9,4.6,Yes,No,90.8,66.5,NotPlaced
STU09315,7.38,1,4,1,66.7,5,No,No,58.4,75.6,NotPlaced
STU00459,7,0,0,2,55.8,3.5,Yes,No,67.6,59.6,NotPlaced
STU00554,7.73,3,1,2,51.8,3.9,No,Yes,56.2,54.8,Placed
STU07931,8.05,3,1,0,67.6,1.8,Yes,Yes,70.4,52.9,Placed
STU06903,7.88,1,1,2,81.5,4,Yes,Yes,62.5,73.2,Placed
STU06108,6.73,1,3,1,61.8,2.5,Yes,No,58.5,69.3,Placed
STU08363,6.31,1,1,2,75.5,2.5,Yes,Yes,77.9,76.7,Placed
STU02875,7.47,0,2,1,72.7,4.6,Yes,Yes,87.3,81,Placed
STU08129,7.34,2,1,0,70.5,3.3,Yes,No,85.1,58.6,NotPlaced
STU06908,7.18,0,2,1,80.5,2.7,No,Yes,71.6,86.8,Placed
STU01413,7.91,0,3,3,77.2,3.1,No,Yes,73.5,74.2,Placed
